,wind_farm,oem_manufacturer,latitude,longitude,country,rated_power,rotor_diameter,hub_height,turbine_type,commissioning_date
0,Aberdeen Offshore Wind Farm,Vestas,57.2283,-2.0023,United Kingdom,8.4,164.0,108.5,V164-8.4 MW,2018-09
1,Aberdeen Offshore Wind Farm,Vestas,57.22,-2.0002,United Kingdom,8.4,164.0,108.5,V164-8.4 MW,2018-09
2,Aberdeen Offshore Wind Farm,Vestas,57.2244,-1.988,United Kingdom,8.4,164.0,108.5,V164-8.4 MW,2018-09
3,Aberdeen Offshore Wind Farm,Vestas,57.208,-2.0106,United Kingdom,8.4,164.0,108.5,V164-8.4 MW,2018-09
4,Aberdeen Offshore Wind Farm,Vestas,57.2301,-1.9742,United Kingdom,8.4,164.0,108.5,V164-8.4 MW,2018-09
5,Aberdeen Offshore Wind Farm,Vestas,57.2118,-1.9989,United Kingdom,8.4,164.0,108.5,V164-8.4 MW,2018-09
6,Aberdeen Offshore Wind Farm,Vestas,57.24,-1.9759,United Kingdom,8.4,164.0,108.5,V164-8.4 MW,2018-09
7,Aberdeen Offshore Wind Farm,Vestas,57.2236,-2.0127,United Kingdom,8.4,164.0,108.5,V164-8.4 MW,2018-09
8,Aberdeen Offshore Wind Farm,Vestas,57.216,-1.986,United Kingdom,8.4,164.0,108.5,V164-8.4 MW,2018-09
9,Aberdeen Offshore Wind Farm,Vestas,57.2159,-2.0112,United Kingdom,8.4,164.0,108.5,V164-8.4 MW,2018-09
10,Aberdeen Offshore Wind Farm,Vestas,57.2335,-1.9896,United Kingdom,8.4,164.0,108.5,V164-8.4 MW,2018-09
11,Albatros,Siemens Gamesa,54.4724,6.2586,Germany,7.0,154.0,105.0,SWT-7.0-154,2020-01
12,Albatros,Siemens Gamesa,54.4898,6.2349,Germany,7.0,154.0,105.0,SWT-7.0-154,2020-01
13,Albatros,Siemens Gamesa,54.4819,6.2472,Germany,7.0,154.0,105.0,SWT-7.0-154,2020-01
14,Albatros,Siemens Gamesa,54.4932,6.2581,Germany,7.0,154.0,105.0,SWT-7.0-154,2020-01
15,Albatros,Siemens Gamesa,54.4943,6.2698,Germany,7.0,154.0,105.0,SWT-7.0-154,2020-01
16,Albatros,Siemens Gamesa,54.4943,6.2972,Germany,7.0,154.0,105.0,SWT-7.0-154,2020-01
17,Albatros,Siemens Gamesa,54.4868,6.2831,Germany,7.0,154.0,105.0,SWT-7.0-154,2020-01
18,Albatros,Siemens Gamesa,54.4661,6.2479,Germany,7.0,154.0,105.0,SWT-7.0-154,2020-01
19,Albatros,Siemens Gamesa,54.4898,6.2111,Germany,7.0,154.0,105.0,SWT-7.0-154,2020-01
20,Albatros,Siemens Gamesa,54.4971,6.2357,Germany,7.0,154.0,105.0,SWT-7.0-154,2020-01
21,Albatros,Siemens Gamesa,54.4837,6.2206,Germany,7.0,154.0,105.0,SWT-7.0-154,2020-01
22,Albatros,Siemens Gamesa,54.4827,6.2334,Germany,7.0,154.0,105.0,SWT-7.0-154,2020-01
23,Albatros,Siemens Gamesa,54.4951,6.2029,Germany,7.0,154.0,105.0,SWT-7.0-154,2020-01
24,Albatros,Siemens Gamesa,54.4963,6.2162,Germany,7.0,154.0,105.0,SWT-7.0-154,2020-01
25,Albatros,Siemens Gamesa,54.4755,6.2334,Germany,7.0,154.0,105.0,SWT-7.0-154,2020-01
26,Albatros,Siemens Gamesa,54.4954,6.2474,Germany,7.0,154.0,105.0,SWT-7.0-154,2020-01
27,Alpha Ventus,Adwen,54.0075,6.6193,Germany,5.0,116.0,90.0,M5000-116,2010-04
28,Alpha Ventus,Senvion,54.0217,6.5935,Germany,5.08,126.0,92.0,5M,2010-04
29,Alpha Ventus,Adwen,54.0075,6.5942,Germany,5.0,116.0,90.0,M5000-116,2010-04
30,Alpha Ventus,Senvion,54.0143,6.5938,Germany,5.08,126.0,92.0,5M,2010-04
31,Alpha Ventus,Adwen,54.0003,6.6198,Germany,5.0,116.0,90.0,M5000-116,2010-04
32,Alpha Ventus,Senvion,54.0143,6.6188,Germany,5.08,126.0,92.0,5M,2010-04
33,Alpha Ventus,Senvion,54.0217,6.6059,Germany,5.08,126.0,92.0,5M,2010-04
34,Alpha Ventus,Adwen,54.0075,6.6067,Germany,5.0,116.0,90.0,M5000-116,2010-04
35,Alpha Ventus,Senvion,54.0143,6.6063,Germany,5.08,126.0,92.0,5M,2010-04
36,Alpha Ventus,Senvion,54.0217,6.6183,Germany,5.08,126.0,92.0,5M,2010-04
37,Alpha Ventus,Adwen,54.0003,6.6072,Germany,5.0,116.0,90.0,M5000-116,2010-04
38,Alpha Ventus,Adwen,54.0003,6.5945,Germany,5.0,116.0,90.0,M5000-116,2010-04
39,Amrumbank West,Siemens,54.5388,7.7409,Germany,3.6,120.0,90.0,SWT-3.6-120,2015-10
40,Amrumbank West,Siemens,54.5388,7.7284,Germany,3.6,120.0,90.0,SWT-3.6-120,2015-10
41,Amrumbank West,Siemens,54.5388,7.6535,Germany,3.6,120.0,90.0,SWT-3.6-120,2015-10
42,Amrumbank West,Siemens,54.5388,7.7159,Germany,3.6,120.0,90.0,SWT-3.6-120,2015-10
43,Amrumbank West,Siemens,54.5388,7.641,Germany,3.6,120.0,90.0,SWT-3.6-120,2015-10
44,Amrumbank West,Siemens,54.5388,7.7034,Germany,3.6,120.0,90.0,SWT-3.6-120,2015-10
45,Amrumbank West,Siemens,54.5388,7.6909,Germany,3.6,120.0,90.0,SWT-3.6-120,2015-10
46,Amrumbank West,Siemens,54.5388,7.666,Germany,3.6,120.0,90.0,SWT-3.6-120,2015-10
47,Amrumbank West,Siemens,54.5334,7.7783,Germany,3.6,120.0,90.0,SWT-3.6-120,2015-10
48,Amrumbank West,Siemens,54.5334,7.6909,Germany,3.6,120.0,90.0,SWT-3.6-120,2015-10
49,Amrumbank West,Siemens,54.5334,7.666,Germany,3.6,120.0,90.0,SWT-3.6-120,2015-10
50,Amrumbank West,Siemens,54.5334,7.7284,Germany,3.6,120.0,90.0,SWT-3.6-120,2015-10
51,Amrumbank West,Siemens,54.5334,7.7658,Germany,3.6,120.0,90.0,SWT-3.6-120,2015-10
52,Amrumbank West,Siemens,54.528,7.7034,Germany,3.6,120.0,90.0,SWT-3.6-120,2015-10
53,Amrumbank West,Siemens,54.5334,7.7159,Germany,3.6,120.0,90.0,SWT-3.6-120,2015-10
54,Amrumbank West,Siemens,54.5334,7.7034,Germany,3.6,120.0,90.0,SWT-3.6-120,2015-10
55,Amrumbank West,Siemens,54.5334,7.6535,Germany,3.6,120.0,90.0,SWT-3.6-120,2015-10
56,Amrumbank West,Siemens,54.5388,7.7783,Germany,3.6,120.0,90.0,SWT-3.6-120,2015-10
57,Amrumbank West,Siemens,54.5388,7.6785,Germany,3.6,120.0,90.0,SWT-3.6-120,2015-10
58,Amrumbank West,Siemens,54.5388,7.7658,Germany,3.6,120.0,90.0,SWT-3.6-120,2015-10
59,Amrumbank West,Siemens,54.5334,7.6785,Germany,3.6,120.0,90.0,SWT-3.6-120,2015-10
60,Amrumbank West,Siemens,54.5064,7.641,Germany,3.6,120.0,90.0,SWT-3.6-120,2015-10
61,Amrumbank West,Siemens,54.5064,7.666,Germany,3.6,120.0,90.0,SWT-3.6-120,2015-10
62,Amrumbank West,Siemens,54.5064,7.6785,Germany,3.6,120.0,90.0,SWT-3.6-120,2015-10
63,Amrumbank West,Siemens,54.528,7.6909,Germany,3.6,120.0,90.0,SWT-3.6-120,2015-10
64,Amrumbank West,Siemens,54.5064,7.6535,Germany,3.6,120.0,90.0,SWT-3.6-120,2015-10
65,Amrumbank West,Siemens,54.528,7.7659,Germany,3.6,120.0,90.0,SWT-3.6-120,2015-10
66,Amrumbank West,Siemens,54.5172,7.6535,Germany,3.6,120.0,90.0,SWT-3.6-120,2015-10
67,Amrumbank West,Siemens,54.5064,7.7035,Germany,3.6,120.0,90.0,SWT-3.6-120,2015-10
68,Amrumbank West,Siemens,54.5064,7.7159,Germany,3.6,120.0,90.0,SWT-3.6-120,2015-10
69,Amrumbank West,Siemens,54.528,7.7783,Germany,3.6,120.0,90.0,SWT-3.6-120,2015-10
70,Amrumbank West,Siemens,54.528,7.7534,Germany,3.6,120.0,90.0,SWT-3.6-120,2015-10
71,Amrumbank West,Siemens,54.528,7.7284,Germany,3.6,120.0,90.0,SWT-3.6-120,2015-10
72,Amrumbank West,Siemens,54.528,7.7159,Germany,3.6,120.0,90.0,SWT-3.6-120,2015-10
73,Amrumbank West,Siemens,54.5064,7.7284,Germany,3.6,120.0,90.0,SWT-3.6-120,2015-10
74,Amrumbank West,Siemens,54.5334,7.7409,Germany,3.6,120.0,90.0,SWT-3.6-120,2015-10
75,Amrumbank West,Siemens,54.5334,7.641,Germany,3.6,120.0,90.0,SWT-3.6-120,2015-10
76,Amrumbank West,Siemens,54.5388,7.7534,Germany,3.6,120.0,90.0,SWT-3.6-120,2015-10
77,Amrumbank West,Siemens,54.528,7.7409,Germany,3.6,120.0,90.0,SWT-3.6-120,2015-10
78,Amrumbank West,Siemens,54.5334,7.7534,Germany,3.6,120.0,90.0,SWT-3.6-120,2015-10
79,Amrumbank West,Siemens,54.528,7.666,Germany,3.6,120.0,90.0,SWT-3.6-120,2015-10
80,Amrumbank West,Siemens,54.5118,7.7284,Germany,3.6,120.0,90.0,SWT-3.6-120,2015-10
81,Amrumbank West,Siemens,54.5172,7.641,Germany,3.6,120.0,90.0,SWT-3.6-120,2015-10
82,Amrumbank West,Siemens,54.5172,7.7284,Germany,3.6,120.0,90.0,SWT-3.6-120,2015-10
83,Amrumbank West,Siemens,54.5172,7.7659,Germany,3.6,120.0,90.0,SWT-3.6-120,2015-10
84,Amrumbank West,Siemens,54.5226,7.6535,Germany,3.6,120.0,90.0,SWT-3.6-120,2015-10
85,Amrumbank West,Siemens,54.5226,7.666,Germany,3.6,120.0,90.0,SWT-3.6-120,2015-10
86,Amrumbank West,Siemens,54.528,7.6535,Germany,3.6,120.0,90.0,SWT-3.6-120,2015-10
87,Amrumbank West,Siemens,54.528,7.641,Germany,3.6,120.0,90.0,SWT-3.6-120,2015-10
88,Amrumbank West,Siemens,54.5226,7.7284,Germany,3.6,120.0,90.0,SWT-3.6-120,2015-10
89,Amrumbank West,Siemens,54.5226,7.7659,Germany,3.6,120.0,90.0,SWT-3.6-120,2015-10
90,Amrumbank West,Siemens,54.5226,7.7534,Germany,3.6,120.0,90.0,SWT-3.6-120,2015-10
91,Amrumbank West,Siemens,54.5226,7.7409,Germany,3.6,120.0,90.0,SWT-3.6-120,2015-10
92,Amrumbank West,Siemens,54.5226,7.7159,Germany,3.6,120.0,90.0,SWT-3.6-120,2015-10
93,Amrumbank West,Siemens,54.5226,7.7034,Germany,3.6,120.0,90.0,SWT-3.6-120,2015-10
94,Amrumbank West,Siemens,54.5226,7.6785,Germany,3.6,120.0,90.0,SWT-3.6-120,2015-10
95,Amrumbank West,Siemens,54.5226,7.691,Germany,3.6,120.0,90.0,SWT-3.6-120,2015-10
96,Amrumbank West,Siemens,54.5064,7.7409,Germany,3.6,120.0,90.0,SWT-3.6-120,2015-10
97,Amrumbank West,Siemens,54.5118,7.7159,Germany,3.6,120.0,90.0,SWT-3.6-120,2015-10
98,Amrumbank West,Siemens,54.5118,7.7659,Germany,3.6,120.0,90.0,SWT-3.6-120,2015-10
99,Amrumbank West,Siemens,54.5172,7.6785,Germany,3.6,120.0,90.0,SWT-3.6-120,2015-10
100,Amrumbank West,Siemens,54.5118,7.691,Germany,3.6,120.0,90.0,SWT-3.6-120,2015-10
101,Amrumbank West,Siemens,54.5118,7.6535,Germany,3.6,120.0,90.0,SWT-3.6-120,2015-10
102,Amrumbank West,Siemens,54.5118,7.7409,Germany,3.6,120.0,90.0,SWT-3.6-120,2015-10
103,Amrumbank West,Siemens,54.528,7.6785,Germany,3.6,120.0,90.0,SWT-3.6-120,2015-10
104,Amrumbank West,Siemens,54.5172,7.7159,Germany,3.6,120.0,90.0,SWT-3.6-120,2015-10
105,Amrumbank West,Siemens,54.5172,7.7534,Germany,3.6,120.0,90.0,SWT-3.6-120,2015-10
106,Amrumbank West,Siemens,54.5172,7.7034,Germany,3.6,120.0,90.0,SWT-3.6-120,2015-10
107,Amrumbank West,Siemens,54.5172,7.691,Germany,3.6,120.0,90.0,SWT-3.6-120,2015-10
108,Amrumbank West,Siemens,54.5172,7.666,Germany,3.6,120.0,90.0,SWT-3.6-120,2015-10
109,Amrumbank West,Siemens,54.5172,7.7409,Germany,3.6,120.0,90.0,SWT-3.6-120,2015-10
110,Amrumbank West,Siemens,54.5064,7.7659,Germany,3.6,120.0,90.0,SWT-3.6-120,2015-10
111,Amrumbank West,Siemens,54.5064,7.691,Germany,3.6,120.0,90.0,SWT-3.6-120,2015-10
112,Amrumbank West,Siemens,54.5118,7.666,Germany,3.6,120.0,90.0,SWT-3.6-120,2015-10
113,Amrumbank West,Siemens,54.5118,7.7534,Germany,3.6,120.0,90.0,SWT-3.6-120,2015-10
114,Amrumbank West,Siemens,54.5226,7.641,Germany,3.6,120.0,90.0,SWT-3.6-120,2015-10
115,Amrumbank West,Siemens,54.5118,7.641,Germany,3.6,120.0,90.0,SWT-3.6-120,2015-10
116,Amrumbank West,Siemens,54.5118,7.7034,Germany,3.6,120.0,90.0,SWT-3.6-120,2015-10
117,Amrumbank West,Siemens,54.5064,7.7535,Germany,3.6,120.0,90.0,SWT-3.6-120,2015-10
118,Amrumbank West,Siemens,54.5118,7.6785,Germany,3.6,120.0,90.0,SWT-3.6-120,2015-10
119,Anholt,Siemens,56.5218,11.2135,Denmark,3.6,120.0,81.6,SWT-3.6-120,2013-09
120,Anholt,Siemens,56.519,11.1855,Denmark,3.6,120.0,81.6,SWT-3.6-120,2013-09
121,Anholt,Siemens,56.5173,11.2038,Denmark,3.6,120.0,81.6,SWT-3.6-120,2013-09
122,Anholt,Siemens,56.5135,11.1846,Denmark,3.6,120.0,81.6,SWT-3.6-120,2013-09
123,Anholt,Siemens,56.5358,11.1868,Denmark,3.6,120.0,81.6,SWT-3.6-120,2013-09
124,Anholt,Siemens,56.5469,11.187,Denmark,3.6,120.0,81.6,SWT-3.6-120,2013-09
125,Anholt,Siemens,56.5079,11.1838,Denmark,3.6,120.0,81.6,SWT-3.6-120,2013-09
126,Anholt,Siemens,56.5246,11.186,Denmark,3.6,120.0,81.6,SWT-3.6-120,2013-09
127,Anholt,Siemens,56.564,11.3033,Denmark,3.6,120.0,81.6,SWT-3.6-120,2013-09
128,Anholt,Siemens,56.5647,11.1864,Denmark,3.6,120.0,81.6,SWT-3.6-120,2013-09
129,Anholt,Siemens,56.5525,11.187,Denmark,3.6,120.0,81.6,SWT-3.6-120,2013-09
130,Anholt,Siemens,56.5266,11.2236,Denmark,3.6,120.0,81.6,SWT-3.6-120,2013-09
131,Anholt,Siemens,56.5445,11.241,Denmark,3.6,120.0,81.6,SWT-3.6-120,2013-09
132,Anholt,Siemens,56.5302,11.1865,Denmark,3.6,120.0,81.6,SWT-3.6-120,2013-09
133,Anholt,Siemens,56.5313,11.2337,Denmark,3.6,120.0,81.6,SWT-3.6-120,2013-09
134,Anholt,Siemens,56.5359,11.2436,Denmark,3.6,120.0,81.6,SWT-3.6-120,2013-09
135,Anholt,Siemens,56.5377,11.2141,Denmark,3.6,120.0,81.6,SWT-3.6-120,2013-09
136,Anholt,Siemens,56.601,11.2177,Denmark,3.6,120.0,81.6,SWT-3.6-120,2013-09
137,Anholt,Siemens,56.5414,11.187,Denmark,3.6,120.0,81.6,SWT-3.6-120,2013-09
138,Anholt,Siemens,56.5454,11.2635,Denmark,3.6,120.0,81.6,SWT-3.6-120,2013-09
139,Anholt,Siemens,56.5456,11.2136,Denmark,3.6,120.0,81.6,SWT-3.6-120,2013-09
140,Anholt,Siemens,56.5501,11.2734,Denmark,3.6,120.0,81.6,SWT-3.6-120,2013-09
141,Anholt,Siemens,56.5528,11.2383,Denmark,3.6,120.0,81.6,SWT-3.6-120,2013-09
142,Anholt,Siemens,56.5407,11.2535,Denmark,3.6,120.0,81.6,SWT-3.6-120,2013-09
143,Anholt,Siemens,56.5299,11.214,Denmark,3.6,120.0,81.6,SWT-3.6-120,2013-09
144,Anholt,Siemens,56.6863,11.194,Denmark,3.6,120.0,81.6,SWT-3.6-120,2013-09
145,Anholt,Siemens,56.5687,11.313,Denmark,3.6,120.0,81.6,SWT-3.6-120,2013-09
146,Anholt,Siemens,56.5928,11.2607,Denmark,3.6,120.0,81.6,SWT-3.6-120,2013-09
147,Anholt,Siemens,56.5534,11.2129,Denmark,3.6,120.0,81.6,SWT-3.6-120,2013-09
148,Anholt,Siemens,56.5956,11.1815,Denmark,3.6,120.0,81.6,SWT-3.6-120,2013-09
149,Anholt,Siemens,56.5946,11.2027,Denmark,3.6,120.0,81.6,SWT-3.6-120,2013-09
150,Anholt,Siemens,56.5944,11.2432,Denmark,3.6,120.0,81.6,SWT-3.6-120,2013-09
151,Anholt,Siemens,56.594,11.2805,Denmark,3.6,120.0,81.6,SWT-3.6-120,2013-09
152,Anholt,Siemens,56.5734,11.3231,Denmark,3.6,120.0,81.6,SWT-3.6-120,2013-09
153,Anholt,Siemens,56.5649,11.2635,Denmark,3.6,120.0,81.6,SWT-3.6-120,2013-09
154,Anholt,Siemens,56.6813,11.1969,Denmark,3.6,120.0,81.6,SWT-3.6-120,2013-09
155,Anholt,Siemens,56.5691,11.2101,Denmark,3.6,120.0,81.6,SWT-3.6-120,2013-09
156,Anholt,Siemens,56.5695,11.2321,Denmark,3.6,120.0,81.6,SWT-3.6-120,2013-09
157,Anholt,Siemens,56.5713,11.1856,Denmark,3.6,120.0,81.6,SWT-3.6-120,2013-09
158,Anholt,Siemens,56.5723,11.2585,Denmark,3.6,120.0,81.6,SWT-3.6-120,2013-09
159,Anholt,Siemens,56.5779,11.1848,Denmark,3.6,120.0,81.6,SWT-3.6-120,2013-09
160,Anholt,Siemens,56.5736,11.2819,Denmark,3.6,120.0,81.6,SWT-3.6-120,2013-09
161,Anholt,Siemens,56.5772,11.3143,Denmark,3.6,120.0,81.6,SWT-3.6-120,2013-09
162,Anholt,Siemens,56.5778,11.2287,Denmark,3.6,120.0,81.6,SWT-3.6-120,2013-09
163,Anholt,Siemens,56.5796,11.2535,Denmark,3.6,120.0,81.6,SWT-3.6-120,2013-09
164,Anholt,Siemens,56.5799,11.2744,Denmark,3.6,120.0,81.6,SWT-3.6-120,2013-09
165,Anholt,Siemens,56.5811,11.3053,Denmark,3.6,120.0,81.6,SWT-3.6-120,2013-09
166,Anholt,Siemens,56.5838,11.184,Denmark,3.6,120.0,81.6,SWT-3.6-120,2013-09
167,Anholt,Siemens,56.5852,11.2968,Denmark,3.6,120.0,81.6,SWT-3.6-120,2013-09
168,Anholt,Siemens,56.5857,11.2251,Denmark,3.6,120.0,81.6,SWT-3.6-120,2013-09
169,Anholt,Siemens,56.5862,11.2672,Denmark,3.6,120.0,81.6,SWT-3.6-120,2013-09
170,Anholt,Siemens,56.5897,11.1828,Denmark,3.6,120.0,81.6,SWT-3.6-120,2013-09
171,Anholt,Siemens,56.5895,11.2885,Denmark,3.6,120.0,81.6,SWT-3.6-120,2013-09
172,Anholt,Siemens,56.5935,11.2215,Denmark,3.6,120.0,81.6,SWT-3.6-120,2013-09
173,Anholt,Siemens,56.5548,11.2834,Denmark,3.6,120.0,81.6,SWT-3.6-120,2013-09
174,Anholt,Siemens,56.5867,11.2055,Denmark,3.6,120.0,81.6,SWT-3.6-120,2013-09
175,Anholt,Siemens,56.5581,11.1868,Denmark,3.6,120.0,81.6,SWT-3.6-120,2013-09
176,Anholt,Siemens,56.6496,11.1908,Denmark,3.6,120.0,81.6,SWT-3.6-120,2013-09
177,Anholt,Siemens,56.5575,11.2685,Denmark,3.6,120.0,81.6,SWT-3.6-120,2013-09
178,Anholt,Siemens,56.6662,11.2068,Denmark,3.6,120.0,81.6,SWT-3.6-120,2013-09
179,Anholt,Siemens,56.6084,11.2137,Denmark,3.6,120.0,81.6,SWT-3.6-120,2013-09
180,Anholt,Siemens,56.6133,11.1768,Denmark,3.6,120.0,81.6,SWT-3.6-120,2013-09
181,Anholt,Siemens,56.6162,11.2096,Denmark,3.6,120.0,81.6,SWT-3.6-120,2013-09
182,Anholt,Siemens,56.6163,11.2275,Denmark,3.6,120.0,81.6,SWT-3.6-120,2013-09
183,Anholt,Siemens,56.6176,11.2466,Denmark,3.6,120.0,81.6,SWT-3.6-120,2013-09
184,Anholt,Siemens,56.619,11.1749,Denmark,3.6,120.0,81.6,SWT-3.6-120,2013-09
185,Anholt,Siemens,56.622,11.2417,Denmark,3.6,120.0,81.6,SWT-3.6-120,2013-09
186,Anholt,Siemens,56.6231,11.2058,Denmark,3.6,120.0,81.6,SWT-3.6-120,2013-09
187,Anholt,Siemens,56.6782,11.1736,Denmark,3.6,120.0,81.6,SWT-3.6-120,2013-09
188,Anholt,Siemens,56.6103,11.1961,Denmark,3.6,120.0,81.6,SWT-3.6-120,2013-09
189,Anholt,Siemens,56.6415,11.2251,Denmark,3.6,120.0,81.6,SWT-3.6-120,2013-09
190,Anholt,Siemens,56.6074,11.1785,Denmark,3.6,120.0,81.6,SWT-3.6-120,2013-09
191,Anholt,Siemens,56.6268,11.2373,Denmark,3.6,120.0,81.6,SWT-3.6-120,2013-09
192,Anholt,Siemens,56.6401,11.1669,Denmark,3.6,120.0,81.6,SWT-3.6-120,2013-09
193,Anholt,Siemens,56.6379,11.1974,Denmark,3.6,120.0,81.6,SWT-3.6-120,2013-09
194,Anholt,Siemens,56.6366,11.2291,Denmark,3.6,120.0,81.6,SWT-3.6-120,2013-09
195,Anholt,Siemens,56.6348,11.1692,Denmark,3.6,120.0,81.6,SWT-3.6-120,2013-09
196,Anholt,Siemens,56.6305,11.2016,Denmark,3.6,120.0,81.6,SWT-3.6-120,2013-09
197,Anholt,Siemens,56.6297,11.1713,Denmark,3.6,120.0,81.6,SWT-3.6-120,2013-09
198,Anholt,Siemens,56.6132,11.252,Denmark,3.6,120.0,81.6,SWT-3.6-120,2013-09
199,Anholt,Siemens,56.6037,11.2649,Denmark,3.6,120.0,81.6,SWT-3.6-120,2013-09
200,Anholt,Siemens,56.6089,11.2576,Denmark,3.6,120.0,81.6,SWT-3.6-120,2013-09
201,Anholt,Siemens,56.6763,11.2001,Denmark,3.6,120.0,81.6,SWT-3.6-120,2013-09
202,Anholt,Siemens,56.6452,11.1647,Denmark,3.6,120.0,81.6,SWT-3.6-120,2013-09
203,Anholt,Siemens,56.6761,11.148,Denmark,3.6,120.0,81.6,SWT-3.6-120,2013-09
204,Anholt,Siemens,56.5594,11.2934,Denmark,3.6,120.0,81.6,SWT-3.6-120,2013-09
205,Anholt,Siemens,56.5612,11.2352,Denmark,3.6,120.0,81.6,SWT-3.6-120,2013-09
206,Anholt,Siemens,56.5613,11.2116,Denmark,3.6,120.0,81.6,SWT-3.6-120,2013-09
207,Anholt,Siemens,56.5986,11.2727,Denmark,3.6,120.0,81.6,SWT-3.6-120,2013-09
208,Anholt,Siemens,56.5676,11.29,Denmark,3.6,120.0,81.6,SWT-3.6-120,2013-09
209,Anholt,Siemens,56.6015,11.1801,Denmark,3.6,120.0,81.6,SWT-3.6-120,2013-09
210,Anholt,Siemens,56.7016,11.1854,Denmark,3.6,120.0,81.6,SWT-3.6-120,2013-09
211,Anholt,Siemens,56.6763,11.1614,Denmark,3.6,120.0,81.6,SWT-3.6-120,2013-09
212,Anholt,Siemens,56.6556,11.1872,Denmark,3.6,120.0,81.6,SWT-3.6-120,2013-09
213,Anholt,Siemens,56.6556,11.1597,Denmark,3.6,120.0,81.6,SWT-3.6-120,2013-09
214,Anholt,Siemens,56.6563,11.2139,Denmark,3.6,120.0,81.6,SWT-3.6-120,2013-09
215,Anholt,Siemens,56.6608,11.1569,Denmark,3.6,120.0,81.6,SWT-3.6-120,2013-09
216,Anholt,Siemens,56.6611,11.2103,Denmark,3.6,120.0,81.6,SWT-3.6-120,2013-09
217,Anholt,Siemens,56.6505,11.1622,Denmark,3.6,120.0,81.6,SWT-3.6-120,2013-09
218,Anholt,Siemens,56.6017,11.2381,Denmark,3.6,120.0,81.6,SWT-3.6-120,2013-09
219,Anholt,Siemens,56.6659,11.1541,Denmark,3.6,120.0,81.6,SWT-3.6-120,2013-09
220,Anholt,Siemens,56.6711,11.1512,Denmark,3.6,120.0,81.6,SWT-3.6-120,2013-09
221,Anholt,Siemens,56.6712,11.2034,Denmark,3.6,120.0,81.6,SWT-3.6-120,2013-09
222,Anholt,Siemens,56.6867,11.1685,Denmark,3.6,120.0,81.6,SWT-3.6-120,2013-09
223,Anholt,Siemens,56.692,11.1653,Denmark,3.6,120.0,81.6,SWT-3.6-120,2013-09
224,Anholt,Siemens,56.6914,11.191,Denmark,3.6,120.0,81.6,SWT-3.6-120,2013-09
225,Anholt,Siemens,56.6464,11.2213,Denmark,3.6,120.0,81.6,SWT-3.6-120,2013-09
226,Anholt,Siemens,56.6971,11.1619,Denmark,3.6,120.0,81.6,SWT-3.6-120,2013-09
227,Anholt,Siemens,56.7019,11.1721,Denmark,3.6,120.0,81.6,SWT-3.6-120,2013-09
228,Anholt,Siemens,56.7021,11.1587,Denmark,3.6,120.0,81.6,SWT-3.6-120,2013-09
229,Anholt,Siemens,56.6965,11.1881,Denmark,3.6,120.0,81.6,SWT-3.6-120,2013-09
230,Arcadis Ost 1,Vestas,54.807,13.6589,Germany,9.5,174.0,110.0,V174-9.5 MW,2023-12
231,Arcadis Ost 1,Vestas,54.8433,13.5945,Germany,9.5,174.0,110.0,V174-9.5 MW,2023-12
232,Arcadis Ost 1,Vestas,54.8121,13.6398,Germany,9.5,174.0,110.0,V174-9.5 MW,2023-12
233,Arcadis Ost 1,Vestas,54.8451,13.5843,Germany,9.5,174.0,110.0,V174-9.5 MW,2023-12
234,Arcadis Ost 1,Vestas,54.8395,13.6144,Germany,9.5,174.0,110.0,V174-9.5 MW,2023-12
235,Arcadis Ost 1,Vestas,54.797,13.6971,Germany,9.5,174.0,110.0,V174-9.5 MW,2023-12
236,Arcadis Ost 1,Vestas,54.8174,13.6511,Germany,9.5,174.0,110.0,V174-9.5 MW,2023-12
237,Arcadis Ost 1,Vestas,54.8202,13.6335,Germany,9.5,174.0,110.0,V174-9.5 MW,2023-12
238,Arcadis Ost 1,Vestas,54.8277,13.613,Germany,9.5,174.0,110.0,V174-9.5 MW,2023-12
239,Arcadis Ost 1,Vestas,54.846,13.6299,Germany,9.5,174.0,110.0,V174-9.5 MW,2023-12
240,Arcadis Ost 1,Vestas,54.83,13.5731,Germany,9.5,174.0,110.0,V174-9.5 MW,2023-12
241,Arcadis Ost 1,Vestas,54.8098,13.6797,Germany,9.5,174.0,110.0,V174-9.5 MW,2023-12
242,Arcadis Ost 1,Vestas,54.8196,13.6116,Germany,9.5,174.0,110.0,V174-9.5 MW,2023-12
243,Arcadis Ost 1,Vestas,54.809,13.7093,Germany,9.5,174.0,110.0,V174-9.5 MW,2023-12
244,Arcadis Ost 1,Vestas,54.7994,13.6874,Germany,9.5,174.0,110.0,V174-9.5 MW,2023-12
245,Arcadis Ost 1,Vestas,54.8045,13.6684,Germany,9.5,174.0,110.0,V174-9.5 MW,2023-12
246,Arcadis Ost 1,Vestas,54.8328,13.594,Germany,9.5,174.0,110.0,V174-9.5 MW,2023-12
247,Arcadis Ost 1,Vestas,54.795,13.707,Germany,9.5,174.0,110.0,V174-9.5 MW,2023-12
248,Arcadis Ost 1,Vestas,54.8169,13.6927,Germany,9.5,174.0,110.0,V174-9.5 MW,2023-12
249,Arcadis Ost 1,Vestas,54.7927,13.7205,Germany,9.5,174.0,110.0,V174-9.5 MW,2023-12
250,Arcadis Ost 1,Vestas,54.8248,13.6759,Germany,9.5,174.0,110.0,V174-9.5 MW,2023-12
251,Arcadis Ost 1,Vestas,54.8302,13.663,Germany,9.5,174.0,110.0,V174-9.5 MW,2023-12
252,Arcadis Ost 1,Vestas,54.8536,13.6129,Germany,9.5,174.0,110.0,V174-9.5 MW,2023-12
253,Arcadis Ost 1,Vestas,54.7906,13.7316,Germany,9.5,174.0,110.0,V174-9.5 MW,2023-12
254,Arcadis Ost 1,Vestas,54.8358,13.6337,Germany,9.5,174.0,110.0,V174-9.5 MW,2023-12
255,Arcadis Ost 1,Vestas,54.7999,13.7184,Germany,9.5,174.0,110.0,V174-9.5 MW,2023-12
256,Arcadis Ost 1,Vestas,54.7884,13.7432,Germany,9.5,174.0,110.0,V174-9.5 MW,2023-12
257,Arklow Bank Phase 1,GE Energy,52.7801,-5.95,Ireland,3.6,111.0,73.5,GE-3.6sl,2004-06
258,Arklow Bank Phase 1,GE Energy,52.791,-5.9467,Ireland,3.6,111.0,73.5,GE-3.6sl,2004-06
259,Arklow Bank Phase 1,GE Energy,52.8078,-5.9427,Ireland,3.6,111.0,73.5,GE-3.6sl,2004-06
260,Arklow Bank Phase 1,GE Energy,52.8021,-5.9441,Ireland,3.6,111.0,73.5,GE-3.6sl,2004-06
261,Arklow Bank Phase 1,GE Energy,52.7965,-5.9439,Ireland,3.6,111.0,73.5,GE-3.6sl,2004-06
262,Arklow Bank Phase 1,GE Energy,52.7855,-5.9479,Ireland,3.6,111.0,73.5,GE-3.6sl,2004-06
263,Arklow Bank Phase 1,GE Energy,52.7744,-5.9517,Ireland,3.6,111.0,73.5,GE-3.6sl,2004-06
264,Arkona-Becken Südost,Siemens,54.7876,14.0877,Germany,6.0,154.0,102.0,SWT-6.0-154,2019-01
265,Arkona-Becken Südost,Siemens,54.7979,14.0739,Germany,6.0,154.0,102.0,SWT-6.0-154,2019-01
266,Arkona-Becken Südost,Siemens,54.7719,14.1397,Germany,6.0,154.0,102.0,SWT-6.0-154,2019-01
267,Arkona-Becken Südost,Siemens,54.8069,14.1593,Germany,6.0,154.0,102.0,SWT-6.0-154,2019-01
268,Arkona-Becken Südost,Siemens,54.7745,14.113,Germany,6.0,154.0,102.0,SWT-6.0-154,2019-01
269,Arkona-Becken Südost,Siemens,54.7802,14.1562,Germany,6.0,154.0,102.0,SWT-6.0-154,2019-01
270,Arkona-Becken Südost,Siemens,54.7828,14.1328,Germany,6.0,154.0,102.0,SWT-6.0-154,2019-01
271,Arkona-Becken Südost,Siemens,54.8009,14.0947,Germany,6.0,154.0,102.0,SWT-6.0-154,2019-01
272,Arkona-Becken Südost,Siemens,54.7758,14.1274,Germany,6.0,154.0,102.0,SWT-6.0-154,2019-01
273,Arkona-Becken Südost,Siemens,54.7908,14.0727,Germany,6.0,154.0,102.0,SWT-6.0-154,2019-01
274,Arkona-Becken Südost,Siemens,54.7828,14.0717,Germany,6.0,154.0,102.0,SWT-6.0-154,2019-01
275,Arkona-Becken Südost,Siemens,54.8072,14.1258,Germany,6.0,154.0,102.0,SWT-6.0-154,2019-01
276,Arkona-Becken Südost,Siemens,54.7847,14.1082,Germany,6.0,154.0,102.0,SWT-6.0-154,2019-01
277,Arkona-Becken Südost,Siemens,54.792,14.1049,Germany,6.0,154.0,102.0,SWT-6.0-154,2019-01
278,Arkona-Becken Südost,Siemens,54.7953,14.1179,Germany,6.0,154.0,102.0,SWT-6.0-154,2019-01
279,Arkona-Becken Südost,Siemens,54.7769,14.0817,Germany,6.0,154.0,102.0,SWT-6.0-154,2019-01
280,Arkona-Becken Südost,Siemens,54.7979,14.1313,Germany,6.0,154.0,102.0,SWT-6.0-154,2019-01
281,Arkona-Becken Südost,Siemens,54.781,14.1182,Germany,6.0,154.0,102.0,SWT-6.0-154,2019-01
282,Arkona-Becken Südost,Siemens,54.7878,14.1226,Germany,6.0,154.0,102.0,SWT-6.0-154,2019-01
283,Arkona-Becken Südost,Siemens,54.8039,14.1385,Germany,6.0,154.0,102.0,SWT-6.0-154,2019-01
284,Arkona-Becken Südost,Siemens,54.8013,14.1502,Germany,6.0,154.0,102.0,SWT-6.0-154,2019-01
285,Arkona-Becken Südost,Siemens,54.7934,14.1499,Germany,6.0,154.0,102.0,SWT-6.0-154,2019-01
286,Arkona-Becken Südost,Siemens,54.7904,14.1361,Germany,6.0,154.0,102.0,SWT-6.0-154,2019-01
287,Arkona-Becken Südost,Siemens,54.8016,14.1645,Germany,6.0,154.0,102.0,SWT-6.0-154,2019-01
288,Arkona-Becken Südost,Siemens,54.7788,14.1022,Germany,6.0,154.0,102.0,SWT-6.0-154,2019-01
289,Arkona-Becken Südost,Siemens,54.795,14.1656,Germany,6.0,154.0,102.0,SWT-6.0-154,2019-01
290,Arkona-Becken Südost,Siemens,54.7659,14.1589,Germany,6.0,154.0,102.0,SWT-6.0-154,2019-01
291,Arkona-Becken Südost,Siemens,54.7897,14.1601,Germany,6.0,154.0,102.0,SWT-6.0-154,2019-01
292,Arkona-Becken Südost,Siemens,54.8047,14.1108,Germany,6.0,154.0,102.0,SWT-6.0-154,2019-01
293,Arkona-Becken Südost,Siemens,54.7943,14.0609,Germany,6.0,154.0,102.0,SWT-6.0-154,2019-01
294,Arkona-Becken Südost,Siemens,54.8097,14.1768,Germany,6.0,154.0,102.0,SWT-6.0-154,2019-01
295,Arkona-Becken Südost,Siemens,54.8022,14.1798,Germany,6.0,154.0,102.0,SWT-6.0-154,2019-01
296,Arkona-Becken Südost,Siemens,54.786,14.1464,Germany,6.0,154.0,102.0,SWT-6.0-154,2019-01
297,Arkona-Becken Südost,Siemens,54.7925,14.1773,Germany,6.0,154.0,102.0,SWT-6.0-154,2019-01
298,Arkona-Becken Südost,Siemens,54.7832,14.1722,Germany,6.0,154.0,102.0,SWT-6.0-154,2019-01
299,Arkona-Becken Südost,Siemens,54.7778,14.1688,Germany,6.0,154.0,102.0,SWT-6.0-154,2019-01
300,Arkona-Becken Südost,Siemens,54.7813,14.0553,Germany,6.0,154.0,102.0,SWT-6.0-154,2019-01
301,Arkona-Becken Südost,Siemens,54.7552,14.1528,Germany,6.0,154.0,102.0,SWT-6.0-154,2019-01
302,Arkona-Becken Südost,Siemens,54.7534,14.1252,Germany,6.0,154.0,102.0,SWT-6.0-154,2019-01
303,Arkona-Becken Südost,Siemens,54.7553,14.1137,Germany,6.0,154.0,102.0,SWT-6.0-154,2019-01
304,Arkona-Becken Südost,Siemens,54.7575,14.1022,Germany,6.0,154.0,102.0,SWT-6.0-154,2019-01
305,Arkona-Becken Südost,Siemens,54.7602,14.0912,Germany,6.0,154.0,102.0,SWT-6.0-154,2019-01
306,Arkona-Becken Südost,Siemens,54.7705,14.0617,Germany,6.0,154.0,102.0,SWT-6.0-154,2019-01
307,Arkona-Becken Südost,Siemens,54.7628,14.08,Germany,6.0,154.0,102.0,SWT-6.0-154,2019-01
308,Arkona-Becken Südost,Siemens,54.7532,14.1397,Germany,6.0,154.0,102.0,SWT-6.0-154,2019-01
309,Arkona-Becken Südost,Siemens,54.7868,14.0575,Germany,6.0,154.0,102.0,SWT-6.0-154,2019-01
310,Arkona-Becken Südost,Siemens,54.7609,14.1216,Germany,6.0,154.0,102.0,SWT-6.0-154,2019-01
311,Arkona-Becken Südost,Siemens,54.7953,14.0852,Germany,6.0,154.0,102.0,SWT-6.0-154,2019-01
312,Arkona-Becken Südost,Siemens,54.7689,14.1232,Germany,6.0,154.0,102.0,SWT-6.0-154,2019-01
313,Arkona-Becken Südost,Siemens,54.7653,14.1098,Germany,6.0,154.0,102.0,SWT-6.0-154,2019-01
314,Arkona-Becken Südost,Siemens,54.7775,14.1418,Germany,6.0,154.0,102.0,SWT-6.0-154,2019-01
315,Arkona-Becken Südost,Siemens,54.7725,14.0952,Germany,6.0,154.0,102.0,SWT-6.0-154,2019-01
316,Arkona-Becken Südost,Siemens,54.7666,14.0955,Germany,6.0,154.0,102.0,SWT-6.0-154,2019-01
317,Arkona-Becken Südost,Siemens,54.7708,14.0813,Germany,6.0,154.0,102.0,SWT-6.0-154,2019-01
318,Arkona-Becken Südost,Siemens,54.7588,14.133,Germany,6.0,154.0,102.0,SWT-6.0-154,2019-01
319,Arkona-Becken Südost,Siemens,54.7603,14.1484,Germany,6.0,154.0,102.0,SWT-6.0-154,2019-01
320,Arkona-Becken Südost,Siemens,54.7656,14.1411,Germany,6.0,154.0,102.0,SWT-6.0-154,2019-01
321,Arkona-Becken Südost,Siemens,54.7712,14.1568,Germany,6.0,154.0,102.0,SWT-6.0-154,2019-01
322,Arkona-Becken Südost,Siemens,54.7662,14.0684,Germany,6.0,154.0,102.0,SWT-6.0-154,2019-01
323,Arkona-Becken Südost,Siemens,54.8124,14.1552,Germany,6.0,154.0,102.0,SWT-6.0-154,2019-01
324,Avedøre Holme,Siemens,55.6028,12.4543,Denmark,3.6,120.0,93.0,SWT-3.6-120,2011-12  
325,Avedøre Holme,Siemens,55.6022,12.4611,Denmark,3.6,120.0,93.0,SWT-3.6-120,2011-12  
326,Avedøre Holme,Siemens,55.6018,12.4683,Denmark,3.6,120.0,93.0,SWT-3.6-120,2011-12  
327,Baltic Eagle,Vestas,54.7993,13.8705,Germany,9.5,174.0,107.0,V174-9.5 MW,2025-07
328,Baltic Eagle,Vestas,54.8036,13.8491,Germany,9.5,174.0,107.0,V174-9.5 MW,2025-07
329,Baltic Eagle,Vestas,54.8081,13.8274,Germany,9.5,174.0,107.0,V174-9.5 MW,2025-07
330,Baltic Eagle,Vestas,54.8146,13.8257,Germany,9.5,174.0,107.0,V174-9.5 MW,2025-07
331,Baltic Eagle,Vestas,54.8139,13.802,Germany,9.5,174.0,107.0,V174-9.5 MW,2025-07
332,Baltic Eagle,Vestas,54.8212,13.802,Germany,9.5,174.0,107.0,V174-9.5 MW,2025-07
333,Baltic Eagle,Vestas,54.8112,13.8472,Germany,9.5,174.0,107.0,V174-9.5 MW,2025-07
334,Baltic Eagle,Vestas,54.828,13.8224,Germany,9.5,174.0,107.0,V174-9.5 MW,2025-07
335,Baltic Eagle,Vestas,54.8024,13.8932,Germany,9.5,174.0,107.0,V174-9.5 MW,2025-07
336,Baltic Eagle,Vestas,54.8286,13.8019,Germany,9.5,174.0,107.0,V174-9.5 MW,2025-07
337,Baltic Eagle,Vestas,54.8348,13.8208,Germany,9.5,174.0,107.0,V174-9.5 MW,2025-07
338,Baltic Eagle,Vestas,54.8498,13.8381,Germany,9.5,174.0,107.0,V174-9.5 MW,2025-07
339,Baltic Eagle,Vestas,54.8433,13.8019,Germany,9.5,174.0,107.0,V174-9.5 MW,2025-07
340,Baltic Eagle,Vestas,54.8422,13.8203,Germany,9.5,174.0,107.0,V174-9.5 MW,2025-07
341,Baltic Eagle,Vestas,54.8488,13.8194,Germany,9.5,174.0,107.0,V174-9.5 MW,2025-07
342,Baltic Eagle,Vestas,54.8505,13.8019,Germany,9.5,174.0,107.0,V174-9.5 MW,2025-07
343,Baltic Eagle,Vestas,54.8564,13.8156,Germany,9.5,174.0,107.0,V174-9.5 MW,2025-07
344,Baltic Eagle,Vestas,54.8574,13.8363,Germany,9.5,174.0,107.0,V174-9.5 MW,2025-07
345,Baltic Eagle,Vestas,54.8214,13.8241,Germany,9.5,174.0,107.0,V174-9.5 MW,2025-07
346,Baltic Eagle,Vestas,54.8359,13.8019,Germany,9.5,174.0,107.0,V174-9.5 MW,2025-07
347,Baltic Eagle,Vestas,54.7945,13.8954,Germany,9.5,174.0,107.0,V174-9.5 MW,2025-07
348,Baltic Eagle,Vestas,54.8066,13.869,Germany,9.5,174.0,107.0,V174-9.5 MW,2025-07
349,Baltic Eagle,Vestas,54.8344,13.8417,Germany,9.5,174.0,107.0,V174-9.5 MW,2025-07
350,Baltic Eagle,Vestas,54.7891,13.922,Germany,9.5,174.0,107.0,V174-9.5 MW,2025-07
351,Baltic Eagle,Vestas,54.845,13.8813,Germany,9.5,174.0,107.0,V174-9.5 MW,2025-07
352,Baltic Eagle,Vestas,54.814,13.8672,Germany,9.5,174.0,107.0,V174-9.5 MW,2025-07
353,Baltic Eagle,Vestas,54.8358,13.8628,Germany,9.5,174.0,107.0,V174-9.5 MW,2025-07
354,Baltic Eagle,Vestas,54.8438,13.8604,Germany,9.5,174.0,107.0,V174-9.5 MW,2025-07
355,Baltic Eagle,Vestas,54.8584,13.8569,Germany,9.5,174.0,107.0,V174-9.5 MW,2025-07
356,Baltic Eagle,Vestas,54.8595,13.8771,Germany,9.5,174.0,107.0,V174-9.5 MW,2025-07
357,Baltic Eagle,Vestas,54.8524,13.8792,Germany,9.5,174.0,107.0,V174-9.5 MW,2025-07
358,Baltic Eagle,Vestas,54.8212,13.8654,Germany,9.5,174.0,107.0,V174-9.5 MW,2025-07
359,Baltic Eagle,Vestas,54.8381,13.8832,Germany,9.5,174.0,107.0,V174-9.5 MW,2025-07
360,Baltic Eagle,Vestas,54.8537,13.9001,Germany,9.5,174.0,107.0,V174-9.5 MW,2025-07
361,Baltic Eagle,Vestas,54.8237,13.8874,Germany,9.5,174.0,107.0,V174-9.5 MW,2025-07
362,Baltic Eagle,Vestas,54.8167,13.8893,Germany,9.5,174.0,107.0,V174-9.5 MW,2025-07
363,Baltic Eagle,Vestas,54.8511,13.8584,Germany,9.5,174.0,107.0,V174-9.5 MW,2025-07
364,Baltic Eagle,Vestas,54.8103,13.9149,Germany,9.5,174.0,107.0,V174-9.5 MW,2025-07
365,Baltic Eagle,Vestas,54.8421,13.8398,Germany,9.5,174.0,107.0,V174-9.5 MW,2025-07
366,Baltic Eagle,Vestas,54.8098,13.8913,Germany,9.5,174.0,107.0,V174-9.5 MW,2025-07
367,Baltic Eagle,Vestas,54.8288,13.8638,Germany,9.5,174.0,107.0,V174-9.5 MW,2025-07
368,Baltic Eagle,Vestas,54.8266,13.8434,Germany,9.5,174.0,107.0,V174-9.5 MW,2025-07
369,Baltic Eagle,Vestas,54.8191,13.8454,Germany,9.5,174.0,107.0,V174-9.5 MW,2025-07
370,Baltic Eagle,Vestas,54.831,13.8853,Germany,9.5,174.0,107.0,V174-9.5 MW,2025-07
371,Baltic Eagle,Vestas,54.8469,13.9026,Germany,9.5,174.0,107.0,V174-9.5 MW,2025-07
372,Baltic Eagle,Vestas,54.8398,13.9048,Germany,9.5,174.0,107.0,V174-9.5 MW,2025-07
373,Baltic Eagle,Vestas,54.833,13.9071,Germany,9.5,174.0,107.0,V174-9.5 MW,2025-07
374,Baltic Eagle,Vestas,54.8263,13.9095,Germany,9.5,174.0,107.0,V174-9.5 MW,2025-07
375,Baltic Eagle,Vestas,54.8172,13.9126,Germany,9.5,174.0,107.0,V174-9.5 MW,2025-07
376,Baltic Eagle,Vestas,54.8605,13.8978,Germany,9.5,174.0,107.0,V174-9.5 MW,2025-07
377,Bard Offshore 1,Bard,54.3057,5.9916,Germany,5.0,122.0,90.0,Bard 5.0,2013-09
378,Bard Offshore 1,Bard,54.339,5.9884,Germany,5.0,122.0,90.0,Bard 5.0,2013-09
379,Bard Offshore 1,Bard,54.305,5.9786,Germany,5.0,122.0,90.0,Bard 5.0,2013-09
380,Bard Offshore 1,Bard,54.3043,5.9656,Germany,5.0,122.0,90.0,Bard 5.0,2013-09
381,Bard Offshore 1,Bard,54.3035,5.9525,Germany,5.0,122.0,90.0,Bard 5.0,2013-09
382,Bard Offshore 1,Bard,54.3028,5.9394,Germany,5.0,122.0,90.0,Bard 5.0,2013-09
383,Bard Offshore 1,Bard,54.3372,5.9526,Germany,5.0,122.0,90.0,Bard 5.0,2013-09
384,Bard Offshore 1,Bard,54.3483,6.0047,Germany,5.0,122.0,90.0,Bard 5.0,2013-09
385,Bard Offshore 1,Bard,54.4143,6.0181,Germany,5.0,122.0,90.0,Bard 5.0,2013-09
386,Bard Offshore 1,Bard,54.422,6.0182,Germany,5.0,122.0,90.0,Bard 5.0,2013-09
387,Bard Offshore 1,Bard,54.3456,6.0181,Germany,5.0,122.0,90.0,Bard 5.0,2013-09
388,Bard Offshore 1,Bard,54.3472,5.9851,Germany,5.0,122.0,90.0,Bard 5.0,2013-09
389,Bard Offshore 1,Bard,54.3495,5.9395,Germany,5.0,122.0,90.0,Bard 5.0,2013-09
390,Bard Offshore 1,Bard,54.3532,6.0182,Germany,5.0,122.0,90.0,Bard 5.0,2013-09
391,Bard Offshore 1,Bard,54.3063,6.0045,Germany,5.0,122.0,90.0,Bard 5.0,2013-09
392,Bard Offshore 1,Bard,54.3334,5.9395,Germany,5.0,122.0,90.0,Bard 5.0,2013-09
393,Bard Offshore 1,Bard,54.3071,6.0179,Germany,5.0,122.0,90.0,Bard 5.0,2013-09
394,Bard Offshore 1,Bard,54.3217,5.9786,Germany,5.0,122.0,90.0,Bard 5.0,2013-09
395,Bard Offshore 1,Bard,54.3125,5.9624,Germany,5.0,122.0,90.0,Bard 5.0,2013-09
396,Bard Offshore 1,Bard,54.3546,5.9658,Germany,5.0,122.0,90.0,Bard 5.0,2013-09
397,Bard Offshore 1,Bard,54.3258,5.9393,Germany,5.0,122.0,90.0,Bard 5.0,2013-09
398,Bard Offshore 1,Bard,54.3181,5.9393,Germany,5.0,122.0,90.0,Bard 5.0,2013-09
399,Bard Offshore 1,Bard,54.3207,5.9591,Germany,5.0,122.0,90.0,Bard 5.0,2013-09
400,Bard Offshore 1,Bard,54.3226,5.9949,Germany,5.0,122.0,90.0,Bard 5.0,2013-09
401,Bard Offshore 1,Bard,54.3227,6.0181,Germany,5.0,122.0,90.0,Bard 5.0,2013-09
402,Bard Offshore 1,Bard,54.3301,5.9754,Germany,5.0,122.0,90.0,Bard 5.0,2013-09
403,Bard Offshore 1,Bard,54.3289,5.9559,Germany,5.0,122.0,90.0,Bard 5.0,2013-09
404,Bard Offshore 1,Bard,54.3303,6.0181,Germany,5.0,122.0,90.0,Bard 5.0,2013-09
405,Bard Offshore 1,Bard,54.3308,5.9917,Germany,5.0,122.0,90.0,Bard 5.0,2013-09
406,Bard Offshore 1,Bard,54.3315,6.0045,Germany,5.0,122.0,90.0,Bard 5.0,2013-09
407,Bard Offshore 1,Bard,54.3144,5.9982,Germany,5.0,122.0,90.0,Bard 5.0,2013-09
408,Bard Offshore 1,Bard,54.315,6.0182,Germany,5.0,122.0,90.0,Bard 5.0,2013-09
409,Bard Offshore 1,Bard,54.3382,5.9721,Germany,5.0,122.0,90.0,Bard 5.0,2013-09
410,Bard Offshore 1,Bard,54.3137,5.9818,Germany,5.0,122.0,90.0,Bard 5.0,2013-09
411,Bard Offshore 1,Bard,54.3105,5.9393,Germany,5.0,122.0,90.0,Bard 5.0,2013-09
412,Bard Offshore 1,Bard,54.3554,5.9819,Germany,5.0,122.0,90.0,Bard 5.0,2013-09
413,Bard Offshore 1,Bard,54.371,5.9563,Germany,5.0,122.0,90.0,Bard 5.0,2013-09
414,Bard Offshore 1,Bard,54.3564,5.9395,Germany,5.0,122.0,90.0,Bard 5.0,2013-09
415,Bard Offshore 1,Bard,54.4063,6.0061,Germany,5.0,122.0,90.0,Bard 5.0,2013-09
416,Bard Offshore 1,Bard,54.4026,5.9928,Germany,5.0,122.0,90.0,Bard 5.0,2013-09
417,Bard Offshore 1,Bard,54.3991,6.0181,Germany,5.0,122.0,90.0,Bard 5.0,2013-09
418,Bard Offshore 1,Bard,54.3984,6.0017,Germany,5.0,122.0,90.0,Bard 5.0,2013-09
419,Bard Offshore 1,Bard,54.3973,5.982,Germany,5.0,122.0,90.0,Bard 5.0,2013-09
420,Bard Offshore 1,Bard,54.3971,5.9618,Germany,5.0,122.0,90.0,Bard 5.0,2013-09
421,Bard Offshore 1,Bard,54.338,6.0181,Germany,5.0,122.0,90.0,Bard 5.0,2013-09
422,Bard Offshore 1,Bard,54.3914,6.0181,Germany,5.0,122.0,90.0,Bard 5.0,2013-09
423,Bard Offshore 1,Bard,54.4067,6.0181,Germany,5.0,122.0,90.0,Bard 5.0,2013-09
424,Bard Offshore 1,Bard,54.3821,6.0082,Germany,5.0,122.0,90.0,Bard 5.0,2013-09
425,Bard Offshore 1,Bard,54.3799,5.9721,Germany,5.0,122.0,90.0,Bard 5.0,2013-09
426,Bard Offshore 1,Bard,54.3881,5.9689,Germany,5.0,122.0,90.0,Bard 5.0,2013-09
427,Bard Offshore 1,Bard,54.3873,5.9396,Germany,5.0,122.0,90.0,Bard 5.0,2013-09
428,Bard Offshore 1,Bard,54.3838,6.0181,Germany,5.0,122.0,90.0,Bard 5.0,2013-09
429,Bard Offshore 1,Bard,54.34,6.0047,Germany,5.0,122.0,90.0,Bard 5.0,2013-09
430,Bard Offshore 1,Bard,54.3793,5.9396,Germany,5.0,122.0,90.0,Bard 5.0,2013-09
431,Bard Offshore 1,Bard,54.381,5.9885,Germany,5.0,122.0,90.0,Bard 5.0,2013-09
432,Bard Offshore 1,Bard,54.3555,5.9522,Germany,5.0,122.0,90.0,Bard 5.0,2013-09
433,Bard Offshore 1,Bard,54.3903,6.0049,Germany,5.0,122.0,90.0,Bard 5.0,2013-09
434,Bard Offshore 1,Bard,54.4069,5.984,Germany,5.0,122.0,90.0,Bard 5.0,2013-09
435,Bard Offshore 1,Bard,54.402,5.9729,Germany,5.0,122.0,90.0,Bard 5.0,2013-09
436,Bard Offshore 1,Bard,54.3411,5.9395,Germany,5.0,122.0,90.0,Bard 5.0,2013-09
437,Bard Offshore 1,Bard,54.3564,5.9984,Germany,5.0,122.0,90.0,Bard 5.0,2013-09
438,Bard Offshore 1,Bard,54.3628,5.9596,Germany,5.0,122.0,90.0,Bard 5.0,2013-09
439,Bard Offshore 1,Bard,54.363,6.0082,Germany,5.0,122.0,90.0,Bard 5.0,2013-09
440,Bard Offshore 1,Bard,54.3636,5.9786,Germany,5.0,122.0,90.0,Bard 5.0,2013-09
441,Bard Offshore 1,Bard,54.364,5.9396,Germany,5.0,122.0,90.0,Bard 5.0,2013-09
442,Bard Offshore 1,Bard,54.4118,5.9952,Germany,5.0,122.0,90.0,Bard 5.0,2013-09
443,Bard Offshore 1,Bard,54.3685,6.0181,Germany,5.0,122.0,90.0,Bard 5.0,2013-09
444,Bard Offshore 1,Bard,54.3891,5.9853,Germany,5.0,122.0,90.0,Bard 5.0,2013-09
445,Bard Offshore 1,Bard,54.3712,6.0049,Germany,5.0,122.0,90.0,Bard 5.0,2013-09
446,Bard Offshore 1,Bard,54.3717,5.9396,Germany,5.0,122.0,90.0,Bard 5.0,2013-09
447,Bard Offshore 1,Bard,54.3646,5.995,Germany,5.0,122.0,90.0,Bard 5.0,2013-09
448,Bard Offshore 1,Bard,54.3728,5.9918,Germany,5.0,122.0,90.0,Bard 5.0,2013-09
449,Bard Offshore 1,Bard,54.3761,6.0181,Germany,5.0,122.0,90.0,Bard 5.0,2013-09
450,Bard Offshore 1,Bard,54.3791,5.9529,Germany,5.0,122.0,90.0,Bard 5.0,2013-09
451,Bard Offshore 1,Bard,54.4167,6.0062,Germany,5.0,122.0,90.0,Bard 5.0,2013-09
452,Bard Offshore 1,Bard,54.3464,5.9689,Germany,5.0,122.0,90.0,Bard 5.0,2013-09
453,Bard Offshore 1,Bard,54.3609,6.0181,Germany,5.0,122.0,90.0,Bard 5.0,2013-09
454,Bard Offshore 1,Bard,54.3453,5.9495,Germany,5.0,122.0,90.0,Bard 5.0,2013-09
455,Bard Offshore 1,Bard,54.3922,5.9507,Germany,5.0,122.0,90.0,Bard 5.0,2013-09
456,Bard Offshore 1,Bard,54.3717,5.9754,Germany,5.0,122.0,90.0,Bard 5.0,2013-09
457,Barrow,Vestas,54.0002,-3.2862,United Kingdom,3.0,90.0,75.0,V90-3.0 MW Offshore,2006-09 
458,Barrow,Vestas,54.0025,-3.308,United Kingdom,3.0,90.0,75.0,V90-3.0 MW Offshore,2006-09 
459,Barrow,Vestas,54.0031,-3.2918,United Kingdom,3.0,90.0,75.0,V90-3.0 MW Offshore,2006-09 
460,Barrow,Vestas,54.0061,-3.2973,United Kingdom,3.0,90.0,75.0,V90-3.0 MW Offshore,2006-09 
461,Barrow,Vestas,53.9774,-3.2956,United Kingdom,3.0,90.0,75.0,V90-3.0 MW Offshore,2006-09 
462,Barrow,Vestas,53.9929,-3.3074,United Kingdom,3.0,90.0,75.0,V90-3.0 MW Offshore,2006-09 
463,Barrow,Vestas,54.0054,-3.3135,United Kingdom,3.0,90.0,75.0,V90-3.0 MW Offshore,2006-09 
464,Barrow,Vestas,53.9745,-3.29,United Kingdom,3.0,90.0,75.0,V90-3.0 MW Offshore,2006-09 
465,Barrow,Vestas,53.9995,-3.3023,United Kingdom,3.0,90.0,75.0,V90-3.0 MW Offshore,2006-09 
466,Barrow,Vestas,54.0091,-3.303,United Kingdom,3.0,90.0,75.0,V90-3.0 MW Offshore,2006-09 
467,Barrow,Vestas,53.9972,-3.2806,United Kingdom,3.0,90.0,75.0,V90-3.0 MW Offshore,2006-09 
468,Barrow,Vestas,53.9989,-3.3186,United Kingdom,3.0,90.0,75.0,V90-3.0 MW Offshore,2006-09 
469,Barrow,Vestas,53.9877,-3.28,United Kingdom,3.0,90.0,75.0,V90-3.0 MW Offshore,2006-09 
470,Barrow,Vestas,53.9906,-3.2856,United Kingdom,3.0,90.0,75.0,V90-3.0 MW Offshore,2006-09 
471,Barrow,Vestas,53.99,-3.3018,United Kingdom,3.0,90.0,75.0,V90-3.0 MW Offshore,2006-09 
472,Barrow,Vestas,53.9893,-3.318,United Kingdom,3.0,90.0,75.0,V90-3.0 MW Offshore,2006-09 
473,Barrow,Vestas,53.987,-3.2962,United Kingdom,3.0,90.0,75.0,V90-3.0 MW Offshore,2006-09 
474,Barrow,Vestas,53.9959,-3.313,United Kingdom,3.0,90.0,75.0,V90-3.0 MW Offshore,2006-09 
475,Barrow,Vestas,53.9846,-3.2744,United Kingdom,3.0,90.0,75.0,V90-3.0 MW Offshore,2006-09 
476,Barrow,Vestas,53.984,-3.2906,United Kingdom,3.0,90.0,75.0,V90-3.0 MW Offshore,2006-09 
477,Barrow,Vestas,53.9833,-3.3068,United Kingdom,3.0,90.0,75.0,V90-3.0 MW Offshore,2006-09 
478,Barrow,Vestas,53.981,-3.285,United Kingdom,3.0,90.0,75.0,V90-3.0 MW Offshore,2006-09 
479,Barrow,Vestas,53.9804,-3.3012,United Kingdom,3.0,90.0,75.0,V90-3.0 MW Offshore,2006-09 
480,Barrow,Vestas,53.9863,-3.3123,United Kingdom,3.0,90.0,75.0,V90-3.0 MW Offshore,2006-09 
481,Barrow,Vestas,53.9922,-3.3236,United Kingdom,3.0,90.0,75.0,V90-3.0 MW Offshore,2006-09 
482,Barrow,Vestas,53.9965,-3.2968,United Kingdom,3.0,90.0,75.0,V90-3.0 MW Offshore,2006-09 
483,Barrow,Vestas,53.9936,-3.2912,United Kingdom,3.0,90.0,75.0,V90-3.0 MW Offshore,2006-09 
484,Barrow,Vestas,53.9943,-3.275,United Kingdom,3.0,90.0,75.0,V90-3.0 MW Offshore,2006-09 
485,Barrow,Vestas,53.9952,-3.3292,United Kingdom,3.0,90.0,75.0,V90-3.0 MW Offshore,2006-09 
486,Barrow,Vestas,53.9913,-3.2694,United Kingdom,3.0,90.0,75.0,V90-3.0 MW Offshore,2006-09 
487,Beatrice Offshore Wind Farm,Siemens Gamesa,58.2778,-2.8359,United Kingdom,7.0,154.0,101.0,SWT-7.0-154,2009-05
488,Beatrice Offshore Wind Farm,Siemens Gamesa,58.271,-2.8208,United Kingdom,7.0,154.0,101.0,SWT-7.0-154,2009-05
489,Beatrice Offshore Wind Farm,Siemens Gamesa,58.2606,-2.8247,United Kingdom,7.0,154.0,101.0,SWT-7.0-154,2009-05
490,Beatrice Offshore Wind Farm,Siemens Gamesa,58.2881,-2.8323,United Kingdom,7.0,154.0,101.0,SWT-7.0-154,2009-05
491,Beatrice Offshore Wind Farm,Siemens Gamesa,58.2674,-2.8395,United Kingdom,7.0,154.0,101.0,SWT-7.0-154,2009-05
492,Beatrice Offshore Wind Farm,Siemens Gamesa,58.2742,-2.8552,United Kingdom,7.0,154.0,101.0,SWT-7.0-154,2009-05
493,Beatrice Offshore Wind Farm,Siemens Gamesa,58.2811,-2.87,United Kingdom,7.0,154.0,101.0,SWT-7.0-154,2009-05
494,Beatrice Offshore Wind Farm,Siemens Gamesa,58.3125,-2.8063,United Kingdom,7.0,154.0,101.0,SWT-7.0-154,2009-05
495,Beatrice Offshore Wind Farm,Siemens Gamesa,58.2945,-2.9011,United Kingdom,7.0,154.0,101.0,SWT-7.0-154,2009-05
496,Beatrice Offshore Wind Farm,Siemens Gamesa,58.2843,-2.9046,United Kingdom,7.0,154.0,101.0,SWT-7.0-154,2009-05
497,Beatrice Offshore Wind Farm,Siemens Gamesa,58.2814,-2.8174,United Kingdom,7.0,154.0,101.0,SWT-7.0-154,2009-05
498,Beatrice Offshore Wind Farm,Siemens Gamesa,58.295,-2.8479,United Kingdom,7.0,154.0,101.0,SWT-7.0-154,2009-05
499,Beatrice Offshore Wind Farm,Siemens Gamesa,58.2117,-2.9287,United Kingdom,7.0,154.0,101.0,SWT-7.0-154,2009-05
500,Beatrice Offshore Wind Farm,Siemens Gamesa,58.309,-2.8257,United Kingdom,7.0,154.0,101.0,SWT-7.0-154,2009-05
501,Beatrice Offshore Wind Farm,Siemens Gamesa,58.319,-2.8222,United Kingdom,7.0,154.0,101.0,SWT-7.0-154,2009-05
502,Beatrice Offshore Wind Farm,Siemens Gamesa,58.2847,-2.8509,United Kingdom,7.0,154.0,101.0,SWT-7.0-154,2009-05
503,Beatrice Offshore Wind Farm,Siemens Gamesa,58.2878,-2.8851,United Kingdom,7.0,154.0,101.0,SWT-7.0-154,2009-05
504,Beatrice Offshore Wind Farm,Siemens Gamesa,58.2914,-2.8667,United Kingdom,7.0,154.0,101.0,SWT-7.0-154,2009-05
505,Beatrice Offshore Wind Farm,Siemens Gamesa,58.2113,-2.9815,United Kingdom,7.0,154.0,101.0,SWT-7.0-154,2009-05
506,Beatrice Offshore Wind Farm,Siemens Gamesa,58.2745,-2.8022,United Kingdom,7.0,154.0,101.0,SWT-7.0-154,2009-05
507,Beatrice Offshore Wind Farm,Siemens Gamesa,58.1911,-2.9357,United Kingdom,7.0,154.0,101.0,SWT-7.0-154,2009-05
508,Beatrice Offshore Wind Farm,Siemens Gamesa,58.2216,-2.978,United Kingdom,7.0,154.0,101.0,SWT-7.0-154,2009-05
509,Beatrice Offshore Wind Farm,Siemens Gamesa,58.2149,-2.9628,United Kingdom,7.0,154.0,101.0,SWT-7.0-154,2009-05
510,Beatrice Offshore Wind Farm,Siemens Gamesa,58.2081,-2.9476,United Kingdom,7.0,154.0,101.0,SWT-7.0-154,2009-05
511,Beatrice Offshore Wind Farm,Siemens Gamesa,58.2014,-2.9321,United Kingdom,7.0,154.0,101.0,SWT-7.0-154,2009-05
512,Beatrice Offshore Wind Farm,Siemens Gamesa,58.1945,-2.9169,United Kingdom,7.0,154.0,101.0,SWT-7.0-154,2009-05
513,Beatrice Offshore Wind Farm,Siemens Gamesa,58.2503,-2.8284,United Kingdom,7.0,154.0,101.0,SWT-7.0-154,2009-05
514,Beatrice Offshore Wind Farm,Siemens Gamesa,58.2983,-2.8819,United Kingdom,7.0,154.0,101.0,SWT-7.0-154,2009-05
515,Beatrice Offshore Wind Farm,Siemens Gamesa,58.2,-2.9508,United Kingdom,7.0,154.0,101.0,SWT-7.0-154,2009-05
516,Beatrice Offshore Wind Farm,Siemens Gamesa,58.2077,-2.9991,United Kingdom,7.0,154.0,101.0,SWT-7.0-154,2009-05
517,Beatrice Offshore Wind Farm,Siemens Gamesa,58.1814,-2.9373,United Kingdom,7.0,154.0,101.0,SWT-7.0-154,2009-05
518,Beatrice Offshore Wind Farm,Siemens Gamesa,58.2254,-2.9594,United Kingdom,7.0,154.0,101.0,SWT-7.0-154,2009-05
519,Beatrice Offshore Wind Farm,Siemens Gamesa,58.2321,-2.9744,United Kingdom,7.0,154.0,101.0,SWT-7.0-154,2009-05
520,Beatrice Offshore Wind Farm,Siemens Gamesa,58.205,-2.9133,United Kingdom,7.0,154.0,101.0,SWT-7.0-154,2009-05
521,Beatrice Offshore Wind Farm,Siemens Gamesa,58.2186,-2.9441,United Kingdom,7.0,154.0,101.0,SWT-7.0-154,2009-05
522,Beatrice Offshore Wind Farm,Siemens Gamesa,58.2642,-2.8055,United Kingdom,7.0,154.0,101.0,SWT-7.0-154,2009-05
523,Beatrice Offshore Wind Farm,Siemens Gamesa,58.2055,-2.966,United Kingdom,7.0,154.0,101.0,SWT-7.0-154,2009-05
524,Beatrice Offshore Wind Farm,Siemens Gamesa,58.2986,-2.7766,United Kingdom,7.0,154.0,101.0,SWT-7.0-154,2009-05
525,Beatrice Offshore Wind Farm,Siemens Gamesa,58.2569,-2.843,United Kingdom,7.0,154.0,101.0,SWT-7.0-154,2009-05
526,Beatrice Offshore Wind Farm,Siemens Gamesa,58.2953,-2.7957,United Kingdom,7.0,154.0,101.0,SWT-7.0-154,2009-05
527,Beatrice Offshore Wind Farm,Siemens Gamesa,58.2154,-2.9102,United Kingdom,7.0,154.0,101.0,SWT-7.0-154,2009-05
528,Beatrice Offshore Wind Farm,Siemens Gamesa,58.2093,-2.8961,United Kingdom,7.0,154.0,101.0,SWT-7.0-154,2009-05
529,Beatrice Offshore Wind Farm,Siemens Gamesa,58.3225,-2.8561,United Kingdom,7.0,154.0,101.0,SWT-7.0-154,2009-05
530,Beatrice Offshore Wind Farm,Siemens Gamesa,58.2429,-2.918,United Kingdom,7.0,154.0,101.0,SWT-7.0-154,2009-05
531,Beatrice Offshore Wind Farm,Siemens Gamesa,58.2495,-2.9335,United Kingdom,7.0,154.0,101.0,SWT-7.0-154,2009-05
532,Beatrice Offshore Wind Farm,Siemens Gamesa,58.2564,-2.9487,United Kingdom,7.0,154.0,101.0,SWT-7.0-154,2009-05
533,Beatrice Offshore Wind Farm,Siemens Gamesa,58.26,-2.9298,United Kingdom,7.0,154.0,101.0,SWT-7.0-154,2009-05
534,Beatrice Offshore Wind Farm,Siemens Gamesa,58.2531,-2.9146,United Kingdom,7.0,154.0,101.0,SWT-7.0-154,2009-05
535,Beatrice Offshore Wind Farm,Siemens Gamesa,58.2884,-2.7801,United Kingdom,7.0,154.0,101.0,SWT-7.0-154,2009-05
536,Beatrice Offshore Wind Farm,Siemens Gamesa,58.222,-2.925,United Kingdom,7.0,154.0,101.0,SWT-7.0-154,2009-05
537,Beatrice Offshore Wind Farm,Siemens Gamesa,58.2328,-2.869,United Kingdom,7.0,154.0,101.0,SWT-7.0-154,2009-05
538,Beatrice Offshore Wind Farm,Siemens Gamesa,58.243,-2.8656,United Kingdom,7.0,154.0,101.0,SWT-7.0-154,2009-05
539,Beatrice Offshore Wind Farm,Siemens Gamesa,58.2635,-2.9111,United Kingdom,7.0,154.0,101.0,SWT-7.0-154,2009-05
540,Beatrice Offshore Wind Farm,Siemens Gamesa,58.2702,-2.9264,United Kingdom,7.0,154.0,101.0,SWT-7.0-154,2009-05
541,Beatrice Offshore Wind Farm,Siemens Gamesa,58.2468,-2.8468,United Kingdom,7.0,154.0,101.0,SWT-7.0-154,2009-05
542,Beatrice Offshore Wind Farm,Siemens Gamesa,58.2535,-2.8618,United Kingdom,7.0,154.0,101.0,SWT-7.0-154,2009-05
543,Beatrice Offshore Wind Farm,Siemens Gamesa,58.2602,-2.8771,United Kingdom,7.0,154.0,101.0,SWT-7.0-154,2009-05
544,Beatrice Offshore Wind Farm,Siemens Gamesa,58.2669,-2.8925,United Kingdom,7.0,154.0,101.0,SWT-7.0-154,2009-05
545,Beatrice Offshore Wind Farm,Siemens Gamesa,58.2738,-2.9079,United Kingdom,7.0,154.0,101.0,SWT-7.0-154,2009-05
546,Beatrice Offshore Wind Farm,Siemens Gamesa,58.2807,-2.923,United Kingdom,7.0,154.0,101.0,SWT-7.0-154,2009-05
547,Beatrice Offshore Wind Farm,Siemens Gamesa,58.2363,-2.8499,United Kingdom,7.0,154.0,101.0,SWT-7.0-154,2009-05
548,Beatrice Offshore Wind Farm,Siemens Gamesa,58.2289,-2.9405,United Kingdom,7.0,154.0,101.0,SWT-7.0-154,2009-05
549,Beatrice Offshore Wind Farm,Siemens Gamesa,58.2397,-2.8841,United Kingdom,7.0,154.0,101.0,SWT-7.0-154,2009-05
550,Beatrice Offshore Wind Farm,Siemens Gamesa,58.2984,-2.8289,United Kingdom,7.0,154.0,101.0,SWT-7.0-154,2009-05
551,Beatrice Offshore Wind Farm,Siemens Gamesa,58.3021,-2.8106,United Kingdom,7.0,154.0,101.0,SWT-7.0-154,2009-05
552,Beatrice Offshore Wind Farm,Siemens Gamesa,58.2356,-2.9559,United Kingdom,7.0,154.0,101.0,SWT-7.0-154,2009-05
553,Beatrice Offshore Wind Farm,Siemens Gamesa,58.3157,-2.8408,United Kingdom,7.0,154.0,101.0,SWT-7.0-154,2009-05
554,Beatrice Offshore Wind Farm,Siemens Gamesa,58.3018,-2.8631,United Kingdom,7.0,154.0,101.0,SWT-7.0-154,2009-05
555,Beatrice Offshore Wind Farm,Siemens Gamesa,58.3121,-2.8597,United Kingdom,7.0,154.0,101.0,SWT-7.0-154,2009-05
556,Beatrice Offshore Wind Farm,Siemens Gamesa,58.3054,-2.8446,United Kingdom,7.0,154.0,101.0,SWT-7.0-154,2009-05
557,Beatrice Offshore Wind Farm,Siemens Gamesa,58.2916,-2.8142,United Kingdom,7.0,154.0,101.0,SWT-7.0-154,2009-05
558,Beatrice Offshore Wind Farm,Siemens Gamesa,58.2852,-2.7987,United Kingdom,7.0,154.0,101.0,SWT-7.0-154,2009-05
559,Beatrice Offshore Wind Farm,Siemens Gamesa,58.2773,-2.8892,United Kingdom,7.0,154.0,101.0,SWT-7.0-154,2009-05
560,Beatrice Offshore Wind Farm,Siemens Gamesa,58.3088,-2.8785,United Kingdom,7.0,154.0,101.0,SWT-7.0-154,2009-05
561,Beatrice Offshore Wind Farm,Siemens Gamesa,58.2639,-2.8583,United Kingdom,7.0,154.0,101.0,SWT-7.0-154,2009-05
562,Beatrice Offshore Wind Farm,Siemens Gamesa,58.2392,-2.9368,United Kingdom,7.0,154.0,101.0,SWT-7.0-154,2009-05
563,Beatrice Offshore Wind Farm,Siemens Gamesa,58.2357,-2.9028,United Kingdom,7.0,154.0,101.0,SWT-7.0-154,2009-05
564,Beatrice Offshore Wind Farm,Siemens Gamesa,58.2293,-2.8876,United Kingdom,7.0,154.0,101.0,SWT-7.0-154,2009-05
565,Beatrice Offshore Wind Farm,Siemens Gamesa,58.2226,-2.8723,United Kingdom,7.0,154.0,101.0,SWT-7.0-154,2009-05
566,Beatrice Offshore Wind Farm,Siemens Gamesa,58.2189,-2.8912,United Kingdom,7.0,154.0,101.0,SWT-7.0-154,2009-05
567,Beatrice Offshore Wind Farm,Siemens Gamesa,58.2257,-2.9065,United Kingdom,7.0,154.0,101.0,SWT-7.0-154,2009-05
568,Beatrice Offshore Wind Farm,Siemens Gamesa,58.2325,-2.9216,United Kingdom,7.0,154.0,101.0,SWT-7.0-154,2009-05
569,Beatrice Offshore Wind Farm,Siemens Gamesa,58.246,-2.9523,United Kingdom,7.0,154.0,101.0,SWT-7.0-154,2009-05
570,Beatrice Offshore Wind Farm,Siemens Gamesa,58.2706,-2.8737,United Kingdom,7.0,154.0,101.0,SWT-7.0-154,2009-05
571,Belwind phase 1,Vestas,51.6685,2.7886,Belgium,3.0,90.0,72.0,V90-3.0 MW Offshore,2010-12 
572,Belwind phase 1,Vestas,51.6861,2.8121,Belgium,3.0,90.0,72.0,V90-3.0 MW Offshore,2010-12 
573,Belwind phase 1,Vestas,51.6836,2.8172,Belgium,3.0,90.0,72.0,V90-3.0 MW Offshore,2010-12 
574,Belwind phase 1,Vestas,51.6866,2.8256,Belgium,3.0,90.0,72.0,V90-3.0 MW Offshore,2010-12 
575,Belwind phase 1,Vestas,51.6923,2.829,Belgium,3.0,90.0,72.0,V90-3.0 MW Offshore,2010-12 
576,Belwind phase 1,Vestas,51.6917,2.8157,Belgium,3.0,90.0,72.0,V90-3.0 MW Offshore,2010-12 
577,Belwind phase 1,Vestas,51.6943,2.8106,Belgium,3.0,90.0,72.0,V90-3.0 MW Offshore,2010-12 
578,Belwind phase 1,Vestas,51.697,2.8057,Belgium,3.0,90.0,72.0,V90-3.0 MW Offshore,2010-12 
579,Belwind phase 1,Vestas,51.6809,2.8222,Belgium,3.0,90.0,72.0,V90-3.0 MW Offshore,2010-12 
580,Belwind phase 1,Vestas,51.6891,2.8207,Belgium,3.0,90.0,72.0,V90-3.0 MW Offshore,2010-12 
581,Belwind phase 1,Vestas,51.6913,2.8022,Belgium,3.0,90.0,72.0,V90-3.0 MW Offshore,2010-12 
582,Belwind phase 1,Vestas,51.6799,2.7954,Belgium,3.0,90.0,72.0,V90-3.0 MW Offshore,2010-12 
583,Belwind phase 1,Vestas,51.683,2.8038,Belgium,3.0,90.0,72.0,V90-3.0 MW Offshore,2010-12 
584,Belwind phase 1,Vestas,51.6752,2.8188,Belgium,3.0,90.0,72.0,V90-3.0 MW Offshore,2010-12 
585,Belwind phase 1,Vestas,51.6778,2.8138,Belgium,3.0,90.0,72.0,V90-3.0 MW Offshore,2010-12 
586,Belwind phase 1,Vestas,51.669,2.8021,Belgium,3.0,90.0,72.0,V90-3.0 MW Offshore,2010-12 
587,Belwind phase 1,Vestas,51.6696,2.8154,Belgium,3.0,90.0,72.0,V90-3.0 MW Offshore,2010-12 
588,Belwind phase 1,Vestas,51.6721,2.8104,Belgium,3.0,90.0,72.0,V90-3.0 MW Offshore,2010-12 
589,Belwind phase 1,Vestas,51.6887,2.8072,Belgium,3.0,90.0,72.0,V90-3.0 MW Offshore,2010-12 
590,Belwind phase 1,Vestas,51.6747,2.8055,Belgium,3.0,90.0,72.0,V90-3.0 MW Offshore,2010-12 
591,Belwind phase 1,Vestas,51.6773,2.8005,Belgium,3.0,90.0,72.0,V90-3.0 MW Offshore,2010-12 
592,Belwind phase 1,Vestas,51.6856,2.7988,Belgium,3.0,90.0,72.0,V90-3.0 MW Offshore,2010-12 
593,Belwind phase 1,Vestas,51.6949,2.8239,Belgium,3.0,90.0,72.0,V90-3.0 MW Offshore,2010-12 
594,Belwind phase 1,Vestas,51.6803,2.8088,Belgium,3.0,90.0,72.0,V90-3.0 MW Offshore,2010-12 
595,Belwind phase 1,Vestas,51.7001,2.8139,Belgium,3.0,90.0,72.0,V90-3.0 MW Offshore,2010-12 
596,Belwind phase 1,Vestas,51.6975,2.8188,Belgium,3.0,90.0,72.0,V90-3.0 MW Offshore,2010-12 
597,Belwind phase 1,Vestas,51.6602,2.7902,Belgium,3.0,90.0,72.0,V90-3.0 MW Offshore,2010-12 
598,Belwind phase 1,Vestas,51.6628,2.7852,Belgium,3.0,90.0,72.0,V90-3.0 MW Offshore,2010-12 
599,Belwind phase 1,Vestas,51.6572,2.7818,Belgium,3.0,90.0,72.0,V90-3.0 MW Offshore,2010-12 
600,Belwind phase 1,Vestas,51.6546,2.7869,Belgium,3.0,90.0,72.0,V90-3.0 MW Offshore,2010-12 
601,Belwind phase 1,Vestas,51.652,2.7918,Belgium,3.0,90.0,72.0,V90-3.0 MW Offshore,2010-12 
602,Belwind phase 1,Vestas,51.655,2.8002,Belgium,3.0,90.0,72.0,V90-3.0 MW Offshore,2010-12 
603,Belwind phase 1,Vestas,51.6582,2.8086,Belgium,3.0,90.0,72.0,V90-3.0 MW Offshore,2010-12 
604,Belwind phase 1,Vestas,51.6608,2.8035,Belgium,3.0,90.0,72.0,V90-3.0 MW Offshore,2010-12 
605,Belwind phase 1,Vestas,51.6494,2.7968,Belgium,3.0,90.0,72.0,V90-3.0 MW Offshore,2010-12 
606,Belwind phase 1,Vestas,51.6577,2.7953,Belgium,3.0,90.0,72.0,V90-3.0 MW Offshore,2010-12 
607,Belwind phase 1,Vestas,51.6467,2.8018,Belgium,3.0,90.0,72.0,V90-3.0 MW Offshore,2010-12 
608,Belwind phase 1,Vestas,51.6436,2.7802,Belgium,3.0,90.0,72.0,V90-3.0 MW Offshore,2010-12 
609,Belwind phase 1,Vestas,51.6438,2.7934,Belgium,3.0,90.0,72.0,V90-3.0 MW Offshore,2010-12 
610,Belwind phase 1,Vestas,51.6524,2.8052,Belgium,3.0,90.0,72.0,V90-3.0 MW Offshore,2010-12 
611,Belwind phase 1,Vestas,51.6488,2.7834,Belgium,3.0,90.0,72.0,V90-3.0 MW Offshore,2010-12 
612,Belwind phase 1,Vestas,51.6463,2.7884,Belgium,3.0,90.0,72.0,V90-3.0 MW Offshore,2010-12 
613,Belwind phase 1,Vestas,51.6717,2.7971,Belgium,3.0,90.0,72.0,V90-3.0 MW Offshore,2010-12 
614,Belwind phase 1,Vestas,51.6659,2.7936,Belgium,3.0,90.0,72.0,V90-3.0 MW Offshore,2010-12 
615,Belwind phase 1,Vestas,51.6411,2.7984,Belgium,3.0,90.0,72.0,V90-3.0 MW Offshore,2010-12 
616,Belwind phase 1,Vestas,51.6354,2.795,Belgium,3.0,90.0,72.0,V90-3.0 MW Offshore,2010-12 
617,Belwind phase 1,Vestas,51.6458,2.775,Belgium,3.0,90.0,72.0,V90-3.0 MW Offshore,2010-12 
618,Belwind phase 1,Vestas,51.6664,2.807,Belgium,3.0,90.0,72.0,V90-3.0 MW Offshore,2010-12 
619,Belwind phase 1,Vestas,51.6408,2.7851,Belgium,3.0,90.0,72.0,V90-3.0 MW Offshore,2010-12 
620,Belwind phase 1,Vestas,51.6638,2.812,Belgium,3.0,90.0,72.0,V90-3.0 MW Offshore,2010-12 
621,Belwind phase 1,Vestas,51.6633,2.7987,Belgium,3.0,90.0,72.0,V90-3.0 MW Offshore,2010-12 
622,Belwind phase 1,Vestas,51.6379,2.7899,Belgium,3.0,90.0,72.0,V90-3.0 MW Offshore,2010-12 
623,Belwind phase 1,Vestas,51.7027,2.809,Belgium,3.0,90.0,72.0,V90-3.0 MW Offshore,2010-12 
624,Belwind phase 1,Vestas,51.6742,2.792,Belgium,3.0,90.0,72.0,V90-3.0 MW Offshore,2010-12 
625,Belwind phase 1,Vestas,51.6515,2.7785,Belgium,3.0,90.0,72.0,V90-3.0 MW Offshore,2010-12 
626,Belwind phase 2,GE Energy,51.6883,2.8364,Belgium,6.0,150.0,100.0,Haliade 150-6MW,2014-09 
627,Blyth Demo Phase 1,Vestas,55.1314,-1.4005,United Kingdom,8.0,164.0,105.0,V164-8.0 MW,2018-06
628,Blyth Demo Phase 1,Vestas,55.148,-1.4131,United Kingdom,8.0,164.0,105.0,V164-8.0 MW,2018-06
629,Blyth Demo Phase 1,Vestas,55.1397,-1.4063,United Kingdom,8.0,164.0,105.0,V164-8.0 MW,2018-06
630,Blyth Demo Phase 1,Vestas,55.1132,-1.3935,United Kingdom,8.0,164.0,105.0,V164-8.0 MW,2018-06
631,Blyth Demo Phase 1,Vestas,55.1224,-1.3962,United Kingdom,8.0,164.0,105.0,V164-8.0 MW,2018-06
632,Borkum Riffgrund 1,Siemens,53.9471,6.5941,Germany,4.0,120.0,87.0,SWT-4.0-120,2015-10
633,Borkum Riffgrund 1,Siemens,53.9471,6.6055,Germany,4.0,120.0,87.0,SWT-4.0-120,2015-10
634,Borkum Riffgrund 1,Siemens,53.9539,6.6055,Germany,4.0,120.0,87.0,SWT-4.0-120,2015-10
635,Borkum Riffgrund 1,Siemens,53.9607,6.6055,Germany,4.0,120.0,87.0,SWT-4.0-120,2015-10
636,Borkum Riffgrund 1,Siemens,53.9676,6.6056,Germany,4.0,120.0,87.0,SWT-4.0-120,2015-10
637,Borkum Riffgrund 1,Siemens,53.9403,6.5598,Germany,4.0,120.0,87.0,SWT-4.0-120,2015-10
638,Borkum Riffgrund 1,Siemens,53.9403,6.5941,Germany,4.0,120.0,87.0,SWT-4.0-120,2015-10
639,Borkum Riffgrund 1,Siemens,53.9741,6.5256,Germany,4.0,120.0,87.0,SWT-4.0-120,2015-10
640,Borkum Riffgrund 1,Siemens,53.9538,6.5598,Germany,4.0,120.0,87.0,SWT-4.0-120,2015-10
641,Borkum Riffgrund 1,Siemens,53.9471,6.5598,Germany,4.0,120.0,87.0,SWT-4.0-120,2015-10
642,Borkum Riffgrund 1,Siemens,53.9403,6.5483,Germany,4.0,120.0,87.0,SWT-4.0-120,2015-10
643,Borkum Riffgrund 1,Siemens,53.9809,6.5256,Germany,4.0,120.0,87.0,SWT-4.0-120,2015-10
644,Borkum Riffgrund 1,Siemens,53.9877,6.5256,Germany,4.0,120.0,87.0,SWT-4.0-120,2015-10
645,Borkum Riffgrund 1,Siemens,53.9539,6.5941,Germany,4.0,120.0,87.0,SWT-4.0-120,2015-10
646,Borkum Riffgrund 1,Siemens,53.9809,6.5714,Germany,4.0,120.0,87.0,SWT-4.0-120,2015-10
647,Borkum Riffgrund 1,Siemens,53.9607,6.5941,Germany,4.0,120.0,87.0,SWT-4.0-120,2015-10
648,Borkum Riffgrund 1,Siemens,53.9674,6.5713,Germany,4.0,120.0,87.0,SWT-4.0-120,2015-10
649,Borkum Riffgrund 1,Siemens,53.9743,6.5942,Germany,4.0,120.0,87.0,SWT-4.0-120,2015-10
650,Borkum Riffgrund 1,Siemens,53.9944,6.5256,Germany,4.0,120.0,87.0,SWT-4.0-120,2015-10
651,Borkum Riffgrund 1,Siemens,53.9538,6.5713,Germany,4.0,120.0,87.0,SWT-4.0-120,2015-10
652,Borkum Riffgrund 1,Siemens,53.981,6.5828,Germany,4.0,120.0,87.0,SWT-4.0-120,2015-10
653,Borkum Riffgrund 1,Siemens,53.9403,6.5712,Germany,4.0,120.0,87.0,SWT-4.0-120,2015-10
654,Borkum Riffgrund 1,Siemens,53.9471,6.5712,Germany,4.0,120.0,87.0,SWT-4.0-120,2015-10
655,Borkum Riffgrund 1,Siemens,53.9403,6.6055,Germany,4.0,120.0,87.0,SWT-4.0-120,2015-10
656,Borkum Riffgrund 1,Siemens,53.9606,6.5713,Germany,4.0,120.0,87.0,SWT-4.0-120,2015-10
657,Borkum Riffgrund 1,Siemens,53.9606,6.5827,Germany,4.0,120.0,87.0,SWT-4.0-120,2015-10
658,Borkum Riffgrund 1,Siemens,53.954,6.6169,Germany,4.0,120.0,87.0,SWT-4.0-120,2015-10
659,Borkum Riffgrund 1,Siemens,53.9471,6.6169,Germany,4.0,120.0,87.0,SWT-4.0-120,2015-10
660,Borkum Riffgrund 1,Siemens,53.9742,6.5713,Germany,4.0,120.0,87.0,SWT-4.0-120,2015-10
661,Borkum Riffgrund 1,Siemens,53.9674,6.5827,Germany,4.0,120.0,87.0,SWT-4.0-120,2015-10
662,Borkum Riffgrund 1,Siemens,53.9403,6.5826,Germany,4.0,120.0,87.0,SWT-4.0-120,2015-10
663,Borkum Riffgrund 1,Siemens,53.9539,6.5827,Germany,4.0,120.0,87.0,SWT-4.0-120,2015-10
664,Borkum Riffgrund 1,Siemens,53.9471,6.5827,Germany,4.0,120.0,87.0,SWT-4.0-120,2015-10
665,Borkum Riffgrund 1,Siemens,53.9675,6.5941,Germany,4.0,120.0,87.0,SWT-4.0-120,2015-10
666,Borkum Riffgrund 1,Siemens,53.9604,6.5142,Germany,4.0,120.0,87.0,SWT-4.0-120,2015-10
667,Borkum Riffgrund 1,Siemens,53.9742,6.5828,Germany,4.0,120.0,87.0,SWT-4.0-120,2015-10
668,Borkum Riffgrund 1,Siemens,53.974,6.5141,Germany,4.0,120.0,87.0,SWT-4.0-120,2015-10
669,Borkum Riffgrund 1,Siemens,53.9877,6.56,Germany,4.0,120.0,87.0,SWT-4.0-120,2015-10
670,Borkum Riffgrund 1,Siemens,53.9471,6.5484,Germany,4.0,120.0,87.0,SWT-4.0-120,2015-10
671,Borkum Riffgrund 1,Siemens,53.9538,6.5484,Germany,4.0,120.0,87.0,SWT-4.0-120,2015-10
672,Borkum Riffgrund 1,Siemens,53.9606,6.5484,Germany,4.0,120.0,87.0,SWT-4.0-120,2015-10
673,Borkum Riffgrund 1,Siemens,53.9674,6.5484,Germany,4.0,120.0,87.0,SWT-4.0-120,2015-10
674,Borkum Riffgrund 1,Siemens,53.9809,6.5485,Germany,4.0,120.0,87.0,SWT-4.0-120,2015-10
675,Borkum Riffgrund 1,Siemens,53.9944,6.537,Germany,4.0,120.0,87.0,SWT-4.0-120,2015-10
676,Borkum Riffgrund 1,Siemens,53.9877,6.5485,Germany,4.0,120.0,87.0,SWT-4.0-120,2015-10
677,Borkum Riffgrund 1,Siemens,53.9809,6.5599,Germany,4.0,120.0,87.0,SWT-4.0-120,2015-10
678,Borkum Riffgrund 1,Siemens,53.9944,6.5485,Germany,4.0,120.0,87.0,SWT-4.0-120,2015-10
679,Borkum Riffgrund 1,Siemens,53.9606,6.537,Germany,4.0,120.0,87.0,SWT-4.0-120,2015-10
680,Borkum Riffgrund 1,Siemens,53.9877,6.5714,Germany,4.0,120.0,87.0,SWT-4.0-120,2015-10
681,Borkum Riffgrund 1,Siemens,53.9808,6.5027,Germany,4.0,120.0,87.0,SWT-4.0-120,2015-10
682,Borkum Riffgrund 1,Siemens,53.9877,6.537,Germany,4.0,120.0,87.0,SWT-4.0-120,2015-10
683,Borkum Riffgrund 1,Siemens,53.9809,6.537,Germany,4.0,120.0,87.0,SWT-4.0-120,2015-10
684,Borkum Riffgrund 1,Siemens,53.9741,6.537,Germany,4.0,120.0,87.0,SWT-4.0-120,2015-10
685,Borkum Riffgrund 1,Siemens,53.9673,6.537,Germany,4.0,120.0,87.0,SWT-4.0-120,2015-10
686,Borkum Riffgrund 1,Siemens,53.9672,6.5141,Germany,4.0,120.0,87.0,SWT-4.0-120,2015-10
687,Borkum Riffgrund 1,Siemens,53.9538,6.537,Germany,4.0,120.0,87.0,SWT-4.0-120,2015-10
688,Borkum Riffgrund 1,Siemens,53.9741,6.5599,Germany,4.0,120.0,87.0,SWT-4.0-120,2015-10
689,Borkum Riffgrund 1,Siemens,53.947,6.5369,Germany,4.0,120.0,87.0,SWT-4.0-120,2015-10
690,Borkum Riffgrund 1,Siemens,53.9606,6.5599,Germany,4.0,120.0,87.0,SWT-4.0-120,2015-10
691,Borkum Riffgrund 1,Siemens,53.9674,6.5599,Germany,4.0,120.0,87.0,SWT-4.0-120,2015-10
692,Borkum Riffgrund 1,Siemens,53.9808,6.5141,Germany,4.0,120.0,87.0,SWT-4.0-120,2015-10
693,Borkum Riffgrund 1,Siemens,53.9876,6.5141,Germany,4.0,120.0,87.0,SWT-4.0-120,2015-10
694,Borkum Riffgrund 1,Siemens,53.9944,6.5141,Germany,4.0,120.0,87.0,SWT-4.0-120,2015-10
695,Borkum Riffgrund 1,Siemens,53.9672,6.5028,Germany,4.0,120.0,87.0,SWT-4.0-120,2015-10
696,Borkum Riffgrund 1,Siemens,53.974,6.5027,Germany,4.0,120.0,87.0,SWT-4.0-120,2015-10
697,Borkum Riffgrund 1,Siemens,53.9944,6.5026,Germany,4.0,120.0,87.0,SWT-4.0-120,2015-10
698,Borkum Riffgrund 1,Siemens,53.9807,6.4913,Germany,4.0,120.0,87.0,SWT-4.0-120,2015-10
699,Borkum Riffgrund 1,Siemens,53.9876,6.4912,Germany,4.0,120.0,87.0,SWT-4.0-120,2015-10
700,Borkum Riffgrund 1,Siemens,53.9876,6.5026,Germany,4.0,120.0,87.0,SWT-4.0-120,2015-10
701,Borkum Riffgrund 1,Siemens,53.9944,6.56,Germany,4.0,120.0,87.0,SWT-4.0-120,2015-10
702,Borkum Riffgrund 1,Siemens,53.9741,6.5484,Germany,4.0,120.0,87.0,SWT-4.0-120,2015-10
703,Borkum Riffgrund 1,Siemens,53.9605,6.5256,Germany,4.0,120.0,87.0,SWT-4.0-120,2015-10
704,Borkum Riffgrund 1,Siemens,53.9673,6.5256,Germany,4.0,120.0,87.0,SWT-4.0-120,2015-10
705,Borkum Riffgrund 1,Siemens,53.9403,6.6169,Germany,4.0,120.0,87.0,SWT-4.0-120,2015-10
706,Borkum Riffgrund 1,Siemens,53.9537,6.5256,Germany,4.0,120.0,87.0,SWT-4.0-120,2015-10
707,Borkum Riffgrund 1,Siemens,53.9739,6.4914,Germany,4.0,120.0,87.0,SWT-4.0-120,2015-10
708,Borkum Riffgrund 1,Siemens,53.9944,6.4911,Germany,4.0,120.0,87.0,SWT-4.0-120,2015-10
709,Borkum Riffgrund 1,Siemens,53.9608,6.6169,Germany,4.0,120.0,87.0,SWT-4.0-120,2015-10
710,Borkum Riffgrund 2,Vestas,53.9175,6.5012,Germany,8.0,164.0,105.0,V164-8.0 MW,2018-12
711,Borkum Riffgrund 2,Vestas,53.961,6.48,Germany,8.0,164.0,105.0,V164-8.0 MW,2018-12
712,Borkum Riffgrund 2,Vestas,53.9673,6.4798,Germany,8.0,164.0,105.0,V164-8.0 MW,2018-12
713,Borkum Riffgrund 2,Vestas,53.9305,6.5923,Germany,8.0,164.0,105.0,V164-8.0 MW,2018-12
714,Borkum Riffgrund 2,Vestas,53.9289,6.5812,Germany,8.0,164.0,105.0,V164-8.0 MW,2018-12
715,Borkum Riffgrund 2,Vestas,53.991,6.4737,Germany,8.0,164.0,105.0,V164-8.0 MW,2018-12
716,Borkum Riffgrund 2,Vestas,53.9273,6.5697,Germany,8.0,164.0,105.0,V164-8.0 MW,2018-12
717,Borkum Riffgrund 2,Vestas,53.9209,6.5251,Germany,8.0,164.0,105.0,V164-8.0 MW,2018-12
718,Borkum Riffgrund 2,Vestas,53.9226,6.5367,Germany,8.0,164.0,105.0,V164-8.0 MW,2018-12
719,Borkum Riffgrund 2,Vestas,53.9217,6.482,Germany,8.0,164.0,105.0,V164-8.0 MW,2018-12
720,Borkum Riffgrund 2,Vestas,53.9194,6.5142,Germany,8.0,164.0,105.0,V164-8.0 MW,2018-12
721,Borkum Riffgrund 2,Vestas,53.9331,6.4665,Germany,8.0,164.0,105.0,V164-8.0 MW,2018-12
722,Borkum Riffgrund 2,Vestas,53.9331,6.4799,Germany,8.0,164.0,105.0,V164-8.0 MW,2018-12
723,Borkum Riffgrund 2,Vestas,53.9328,6.5533,Germany,8.0,164.0,105.0,V164-8.0 MW,2018-12
724,Borkum Riffgrund 2,Vestas,53.9398,6.4915,Germany,8.0,164.0,105.0,V164-8.0 MW,2018-12
725,Borkum Riffgrund 2,Vestas,53.9329,6.5141,Germany,8.0,164.0,105.0,V164-8.0 MW,2018-12
726,Borkum Riffgrund 2,Vestas,53.94,6.5372,Germany,8.0,164.0,105.0,V164-8.0 MW,2018-12
727,Borkum Riffgrund 2,Vestas,53.9468,6.514,Germany,8.0,164.0,105.0,V164-8.0 MW,2018-12
728,Borkum Riffgrund 2,Vestas,53.9399,6.5145,Germany,8.0,164.0,105.0,V164-8.0 MW,2018-12
729,Borkum Riffgrund 2,Vestas,53.9809,6.617,Germany,8.0,164.0,105.0,V164-8.0 MW,2018-12
730,Borkum Riffgrund 2,Vestas,53.9401,6.4685,Germany,8.0,164.0,105.0,V164-8.0 MW,2018-12
731,Borkum Riffgrund 2,Vestas,53.9739,6.4737,Germany,8.0,164.0,105.0,V164-8.0 MW,2018-12
732,Borkum Riffgrund 2,Vestas,53.9269,6.4749,Germany,8.0,164.0,105.0,V164-8.0 MW,2018-12
733,Borkum Riffgrund 2,Vestas,53.9804,6.4737,Germany,8.0,164.0,105.0,V164-8.0 MW,2018-12
734,Borkum Riffgrund 2,Vestas,53.9531,6.5085,Germany,8.0,164.0,105.0,V164-8.0 MW,2018-12
735,Borkum Riffgrund 2,Vestas,53.9806,6.4341,Germany,8.0,164.0,105.0,V164-8.0 MW,2018-12
736,Borkum Riffgrund 2,Vestas,53.9803,6.457,Germany,8.0,164.0,105.0,V164-8.0 MW,2018-12
737,Borkum Riffgrund 2,Vestas,53.9673,6.4343,Germany,8.0,164.0,105.0,V164-8.0 MW,2018-12
738,Borkum Riffgrund 2,Vestas,53.9739,6.4236,Germany,8.0,164.0,105.0,V164-8.0 MW,2018-12
739,Borkum Riffgrund 2,Vestas,53.9739,6.4341,Germany,8.0,164.0,105.0,V164-8.0 MW,2018-12
740,Borkum Riffgrund 2,Vestas,53.9672,6.4569,Germany,8.0,164.0,105.0,V164-8.0 MW,2018-12
741,Borkum Riffgrund 2,Vestas,53.9672,6.4241,Germany,8.0,164.0,105.0,V164-8.0 MW,2018-12
742,Borkum Riffgrund 2,Vestas,53.9262,6.4915,Germany,8.0,164.0,105.0,V164-8.0 MW,2018-12
743,Borkum Riffgrund 2,Vestas,53.9533,6.4392,Germany,8.0,164.0,105.0,V164-8.0 MW,2018-12
744,Borkum Riffgrund 2,Vestas,53.9489,6.445,Germany,8.0,164.0,105.0,V164-8.0 MW,2018-12
745,Borkum Riffgrund 2,Vestas,53.9538,6.4534,Germany,8.0,164.0,105.0,V164-8.0 MW,2018-12
746,Borkum Riffgrund 2,Vestas,53.947,6.4638,Germany,8.0,164.0,105.0,V164-8.0 MW,2018-12
747,Borkum Riffgrund 2,Vestas,53.9606,6.4685,Germany,8.0,164.0,105.0,V164-8.0 MW,2018-12
748,Borkum Riffgrund 2,Vestas,53.94,6.4571,Germany,8.0,164.0,105.0,V164-8.0 MW,2018-12
749,Borkum Riffgrund 2,Vestas,53.9331,6.4914,Germany,8.0,164.0,105.0,V164-8.0 MW,2018-12
750,Borkum Riffgrund 2,Vestas,53.9672,6.4455,Germany,8.0,164.0,105.0,V164-8.0 MW,2018-12
751,Borkum Riffgrund 2,Vestas,53.9257,6.5588,Germany,8.0,164.0,105.0,V164-8.0 MW,2018-12
752,Borkum Riffgrund 2,Vestas,53.9807,6.423,Germany,8.0,164.0,105.0,V164-8.0 MW,2018-12
753,Borkum Riffgrund 2,Vestas,53.9164,6.4891,Germany,8.0,164.0,105.0,V164-8.0 MW,2018-12
754,Borkum Riffgrund 2,Vestas,53.9873,6.4226,Germany,8.0,164.0,105.0,V164-8.0 MW,2018-12
755,Borkum Riffgrund 2,Vestas,53.991,6.4413,Germany,8.0,164.0,105.0,V164-8.0 MW,2018-12
756,Borkum Riffgrund 2,Vestas,53.9469,6.4914,Germany,8.0,164.0,105.0,V164-8.0 MW,2018-12
757,Borkum Riffgrund 2,Vestas,53.9317,6.5396,Germany,8.0,164.0,105.0,V164-8.0 MW,2018-12
758,Borkum Riffgrund 2,Vestas,53.9909,6.4525,Germany,8.0,164.0,105.0,V164-8.0 MW,2018-12
759,Borkum Riffgrund 2,Vestas,53.9606,6.4312,Germany,8.0,164.0,105.0,V164-8.0 MW,2018-12
760,Borkum Riffgrund 2,Vestas,53.9877,6.5941,Germany,8.0,164.0,105.0,V164-8.0 MW,2018-12
761,Borkum Riffgrund 2,Vestas,53.9876,6.617,Germany,8.0,164.0,105.0,V164-8.0 MW,2018-12
762,Borkum Riffgrund 2,Vestas,53.9741,6.6171,Germany,8.0,164.0,105.0,V164-8.0 MW,2018-12
763,Borkum Riffgrund 2,Vestas,53.9261,6.5142,Germany,8.0,164.0,105.0,V164-8.0 MW,2018-12
764,Borkum Riffgrund 2,Vestas,53.9241,6.5477,Germany,8.0,164.0,105.0,V164-8.0 MW,2018-12
765,Borkum Riffgrund 2,Vestas,53.9322,6.604,Germany,8.0,164.0,105.0,V164-8.0 MW,2018-12
766,Borssele Kavel I and II,Siemens Gamesa,51.6997,3.1129,Netherlands,8.0,167.0,116.0,SG 8.0-167 DD,2020-11
767,Borssele Kavel I and II,Siemens Gamesa,51.6316,3.0715,Netherlands,8.0,167.0,116.0,SG 8.0-167 DD,2020-11
768,Borssele Kavel I and II,Siemens Gamesa,51.7056,3.1248,Netherlands,8.0,167.0,116.0,SG 8.0-167 DD,2020-11
769,Borssele Kavel I and II,Siemens Gamesa,51.7784,3.0229,Netherlands,8.0,167.0,116.0,SG 8.0-167 DD,2020-11
770,Borssele Kavel I and II,Siemens Gamesa,51.6417,3.1124,Netherlands,8.0,167.0,116.0,SG 8.0-167 DD,2020-11
771,Borssele Kavel I and II,Siemens Gamesa,51.5839,3.0751,Netherlands,8.0,167.0,116.0,SG 8.0-167 DD,2020-11
772,Borssele Kavel I and II,Siemens Gamesa,51.6776,3.0648,Netherlands,8.0,167.0,116.0,SG 8.0-167 DD,2020-11
773,Borssele Kavel I and II,Siemens Gamesa,51.6445,3.0755,Netherlands,8.0,167.0,116.0,SG 8.0-167 DD,2020-11
774,Borssele Kavel I and II,Siemens Gamesa,51.6197,3.0677,Netherlands,8.0,167.0,116.0,SG 8.0-167 DD,2020-11
775,Borssele Kavel I and II,Siemens Gamesa,51.6714,3.0819,Netherlands,8.0,167.0,116.0,SG 8.0-167 DD,2020-11
776,Borssele Kavel I and II,Siemens Gamesa,51.5944,3.0676,Netherlands,8.0,167.0,116.0,SG 8.0-167 DD,2020-11
777,Borssele Kavel I and II,Siemens Gamesa,51.6578,3.0995,Netherlands,8.0,167.0,116.0,SG 8.0-167 DD,2020-11
778,Borssele Kavel I and II,Siemens Gamesa,51.6516,3.1153,Netherlands,8.0,167.0,116.0,SG 8.0-167 DD,2020-11
779,Borssele Kavel I and II,Siemens Gamesa,51.7236,3.1196,Netherlands,8.0,167.0,116.0,SG 8.0-167 DD,2020-11
780,Borssele Kavel I and II,Siemens Gamesa,51.6317,3.1094,Netherlands,8.0,167.0,116.0,SG 8.0-167 DD,2020-11
781,Borssele Kavel I and II,Siemens Gamesa,51.6122,3.1037,Netherlands,8.0,167.0,116.0,SG 8.0-167 DD,2020-11
782,Borssele Kavel I and II,Siemens Gamesa,51.6023,3.1005,Netherlands,8.0,167.0,116.0,SG 8.0-167 DD,2020-11
783,Borssele Kavel I and II,Siemens Gamesa,51.7759,3.04,Netherlands,8.0,167.0,116.0,SG 8.0-167 DD,2020-11
784,Borssele Kavel I and II,Siemens Gamesa,51.6063,3.0655,Netherlands,8.0,167.0,116.0,SG 8.0-167 DD,2020-11
785,Borssele Kavel I and II,Siemens Gamesa,51.7296,3.0596,Netherlands,8.0,167.0,116.0,SG 8.0-167 DD,2020-11
786,Borssele Kavel I and II,Siemens Gamesa,51.6858,3.0806,Netherlands,8.0,167.0,116.0,SG 8.0-167 DD,2020-11
787,Borssele Kavel I and II,Siemens Gamesa,51.7282,3.0174,Netherlands,8.0,167.0,116.0,SG 8.0-167 DD,2020-11
788,Borssele Kavel I and II,Siemens Gamesa,51.6576,3.08,Netherlands,8.0,167.0,116.0,SG 8.0-167 DD,2020-11
789,Borssele Kavel I and II,Siemens Gamesa,51.7399,2.975,Netherlands,8.0,167.0,116.0,SG 8.0-167 DD,2020-11
790,Borssele Kavel I and II,Siemens Gamesa,51.7145,3.1222,Netherlands,8.0,167.0,116.0,SG 8.0-167 DD,2020-11
791,Borssele Kavel I and II,Siemens Gamesa,51.6357,3.092,Netherlands,8.0,167.0,116.0,SG 8.0-167 DD,2020-11
792,Borssele Kavel I and II,Siemens Gamesa,51.6954,3.1275,Netherlands,8.0,167.0,116.0,SG 8.0-167 DD,2020-11
793,Borssele Kavel I and II,Siemens Gamesa,51.6906,3.0648,Netherlands,8.0,167.0,116.0,SG 8.0-167 DD,2020-11
794,Borssele Kavel I and II,Siemens Gamesa,51.6815,3.0959,Netherlands,8.0,167.0,116.0,SG 8.0-167 DD,2020-11
795,Borssele Kavel I and II,Siemens Gamesa,51.7503,3.1118,Netherlands,8.0,167.0,116.0,SG 8.0-167 DD,2020-11
796,Borssele Kavel I and II,Siemens Gamesa,51.7592,3.1079,Netherlands,8.0,167.0,116.0,SG 8.0-167 DD,2020-11
797,Borssele Kavel I and II,Siemens Gamesa,51.6021,3.0836,Netherlands,8.0,167.0,116.0,SG 8.0-167 DD,2020-11
798,Borssele Kavel I and II,Siemens Gamesa,51.6131,3.0852,Netherlands,8.0,167.0,116.0,SG 8.0-167 DD,2020-11
799,Borssele Kavel I and II,Siemens Gamesa,51.6255,3.0906,Netherlands,8.0,167.0,116.0,SG 8.0-167 DD,2020-11
800,Borssele Kavel I and II,Siemens Gamesa,51.7671,3.0996,Netherlands,8.0,167.0,116.0,SG 8.0-167 DD,2020-11
801,Borssele Kavel I and II,Siemens Gamesa,51.7036,3.0996,Netherlands,8.0,167.0,116.0,SG 8.0-167 DD,2020-11
802,Borssele Kavel I and II,Siemens Gamesa,51.708,3.0857,Netherlands,8.0,167.0,116.0,SG 8.0-167 DD,2020-11
803,Borssele Kavel I and II,Siemens Gamesa,51.7177,3.1013,Netherlands,8.0,167.0,116.0,SG 8.0-167 DD,2020-11
804,Borssele Kavel I and II,Siemens Gamesa,51.7168,3.0563,Netherlands,8.0,167.0,116.0,SG 8.0-167 DD,2020-11
805,Borssele Kavel I and II,Siemens Gamesa,51.7347,2.9944,Netherlands,8.0,167.0,116.0,SG 8.0-167 DD,2020-11
806,Borssele Kavel I and II,Siemens Gamesa,51.742,3.01,Netherlands,8.0,167.0,116.0,SG 8.0-167 DD,2020-11
807,Borssele Kavel I and II,Siemens Gamesa,51.7218,3.0371,Netherlands,8.0,167.0,116.0,SG 8.0-167 DD,2020-11
808,Borssele Kavel I and II,Siemens Gamesa,51.6767,3.1108,Netherlands,8.0,167.0,116.0,SG 8.0-167 DD,2020-11
809,Borssele Kavel I and II,Siemens Gamesa,51.6216,3.1065,Netherlands,8.0,167.0,116.0,SG 8.0-167 DD,2020-11
810,Borssele Kavel I and II,Siemens Gamesa,51.6617,3.1182,Netherlands,8.0,167.0,116.0,SG 8.0-167 DD,2020-11
811,Borssele Kavel I and II,Siemens Gamesa,51.665,3.0627,Netherlands,8.0,167.0,116.0,SG 8.0-167 DD,2020-11
812,Borssele Kavel I and II,Siemens Gamesa,51.7589,3.0879,Netherlands,8.0,167.0,116.0,SG 8.0-167 DD,2020-11
813,Borssele Kavel I and II,Siemens Gamesa,51.575,3.0629,Netherlands,8.0,167.0,116.0,SG 8.0-167 DD,2020-11
814,Borssele Kavel I and II,Siemens Gamesa,51.7537,3.018,Netherlands,8.0,167.0,116.0,SG 8.0-167 DD,2020-11
815,Borssele Kavel I and II,Siemens Gamesa,51.7438,3.0361,Netherlands,8.0,167.0,116.0,SG 8.0-167 DD,2020-11
816,Borssele Kavel I and II,Siemens Gamesa,51.7332,3.0363,Netherlands,8.0,167.0,116.0,SG 8.0-167 DD,2020-11
817,Borssele Kavel I and II,Siemens Gamesa,51.7593,2.9991,Netherlands,8.0,167.0,116.0,SG 8.0-167 DD,2020-11
818,Borssele Kavel I and II,Siemens Gamesa,51.7499,2.9883,Netherlands,8.0,167.0,116.0,SG 8.0-167 DD,2020-11
819,Borssele Kavel I and II,Siemens Gamesa,51.7798,3.0572,Netherlands,8.0,167.0,116.0,SG 8.0-167 DD,2020-11
820,Borssele Kavel I and II,Siemens Gamesa,51.5981,3.0471,Netherlands,8.0,167.0,116.0,SG 8.0-167 DD,2020-11
821,Borssele Kavel I and II,Siemens Gamesa,51.6389,3.0546,Netherlands,8.0,167.0,116.0,SG 8.0-167 DD,2020-11
822,Borssele Kavel I and II,Siemens Gamesa,51.585,3.0367,Netherlands,8.0,167.0,116.0,SG 8.0-167 DD,2020-11
823,Borssele Kavel I and II,Siemens Gamesa,51.7657,3.0529,Netherlands,8.0,167.0,116.0,SG 8.0-167 DD,2020-11
824,Borssele Kavel I and II,Siemens Gamesa,51.6958,3.0493,Netherlands,8.0,167.0,116.0,SG 8.0-167 DD,2020-11
825,Borssele Kavel I and II,Siemens Gamesa,51.6712,3.0446,Netherlands,8.0,167.0,116.0,SG 8.0-167 DD,2020-11
826,Borssele Kavel I and II,Siemens Gamesa,51.6714,3.1208,Netherlands,8.0,167.0,116.0,SG 8.0-167 DD,2020-11
827,Borssele Kavel I and II,Siemens Gamesa,51.5845,3.0548,Netherlands,8.0,167.0,116.0,SG 8.0-167 DD,2020-11
828,Borssele Kavel I and II,Siemens Gamesa,51.607,3.0292,Netherlands,8.0,167.0,116.0,SG 8.0-167 DD,2020-11
829,Borssele Kavel I and II,Siemens Gamesa,51.6206,3.0298,Netherlands,8.0,167.0,116.0,SG 8.0-167 DD,2020-11
830,Borssele Kavel I and II,Siemens Gamesa,51.6351,3.0337,Netherlands,8.0,167.0,116.0,SG 8.0-167 DD,2020-11
831,Borssele Kavel I and II,Siemens Gamesa,51.6464,3.0373,Netherlands,8.0,167.0,116.0,SG 8.0-167 DD,2020-11
832,Borssele Kavel I and II,Siemens Gamesa,51.6592,3.0414,Netherlands,8.0,167.0,116.0,SG 8.0-167 DD,2020-11
833,Borssele Kavel I and II,Siemens Gamesa,51.5941,3.0262,Netherlands,8.0,167.0,116.0,SG 8.0-167 DD,2020-11
834,Borssele Kavel I and II,Siemens Gamesa,51.7705,3.0735,Netherlands,8.0,167.0,116.0,SG 8.0-167 DD,2020-11
835,Borssele Kavel I and II,Siemens Gamesa,51.6839,3.0469,Netherlands,8.0,167.0,116.0,SG 8.0-167 DD,2020-11
836,Borssele Kavel I and II,Siemens Gamesa,51.7428,3.0636,Netherlands,8.0,167.0,116.0,SG 8.0-167 DD,2020-11
837,Borssele Kavel I and II,Siemens Gamesa,51.7773,3.0878,Netherlands,8.0,167.0,116.0,SG 8.0-167 DD,2020-11
838,Borssele Kavel I and II,Siemens Gamesa,51.6687,3.1001,Netherlands,8.0,167.0,116.0,SG 8.0-167 DD,2020-11
839,Borssele Kavel I and II,Siemens Gamesa,51.7867,3.0336,Netherlands,8.0,167.0,116.0,SG 8.0-167 DD,2020-11
840,Borssele Kavel I and II,Siemens Gamesa,51.7549,3.07,Netherlands,8.0,167.0,116.0,SG 8.0-167 DD,2020-11
841,Borssele Kavel I and II,Siemens Gamesa,51.5926,3.0871,Netherlands,8.0,167.0,116.0,SG 8.0-167 DD,2020-11
842,Borssele Kavel I and II,Siemens Gamesa,51.6514,3.0588,Netherlands,8.0,167.0,116.0,SG 8.0-167 DD,2020-11
843,Borssele Kavel I and II,Siemens Gamesa,51.6258,3.0502,Netherlands,8.0,167.0,116.0,SG 8.0-167 DD,2020-11
844,Borssele Kavel I and II,Siemens Gamesa,51.6125,3.0476,Netherlands,8.0,167.0,116.0,SG 8.0-167 DD,2020-11
845,Borssele Kavel I and II,Siemens Gamesa,51.647,3.0954,Netherlands,8.0,167.0,116.0,SG 8.0-167 DD,2020-11
846,Borssele Kavel I and II,Siemens Gamesa,51.7864,3.077,Netherlands,8.0,167.0,116.0,SG 8.0-167 DD,2020-11
847,Borssele Kavel I and II,Siemens Gamesa,51.712,3.0706,Netherlands,8.0,167.0,116.0,SG 8.0-167 DD,2020-11
848,Borssele Kavel I and II,Siemens Gamesa,51.7693,3.0116,Netherlands,8.0,167.0,116.0,SG 8.0-167 DD,2020-11
849,Borssele Kavel I and II,Siemens Gamesa,51.7316,3.0984,Netherlands,8.0,167.0,116.0,SG 8.0-167 DD,2020-11
850,Borssele Kavel I and II,Siemens Gamesa,51.7523,3.0488,Netherlands,8.0,167.0,116.0,SG 8.0-167 DD,2020-11
851,Borssele Kavel I and II,Siemens Gamesa,51.7236,3.0814,Netherlands,8.0,167.0,116.0,SG 8.0-167 DD,2020-11
852,Borssele Kavel I and II,Siemens Gamesa,51.7472,3.0931,Netherlands,8.0,167.0,116.0,SG 8.0-167 DD,2020-11
853,Borssele Kavel I and II,Siemens Gamesa,51.7637,3.0319,Netherlands,8.0,167.0,116.0,SG 8.0-167 DD,2020-11
854,Borssele Kavel I and II,Siemens Gamesa,51.7962,3.0451,Netherlands,8.0,167.0,116.0,SG 8.0-167 DD,2020-11
855,Borssele Kavel I and II,Siemens Gamesa,51.7371,3.0805,Netherlands,8.0,167.0,116.0,SG 8.0-167 DD,2020-11
856,Borssele Kavel I and II,Siemens Gamesa,51.7997,3.0629,Netherlands,8.0,167.0,116.0,SG 8.0-167 DD,2020-11
857,Borssele Kavel I and II,Siemens Gamesa,51.7905,3.0605,Netherlands,8.0,167.0,116.0,SG 8.0-167 DD,2020-11
858,Borssele Kavel I and II,Siemens Gamesa,51.7418,3.1142,Netherlands,8.0,167.0,116.0,SG 8.0-167 DD,2020-11
859,Borssele Kavel I and II,Siemens Gamesa,51.7332,3.1168,Netherlands,8.0,167.0,116.0,SG 8.0-167 DD,2020-11
860,Borssele Kavel III and IV,Vestas,51.7014,3.0333,Netherlands,9.5,164.0,119.0,V164-9.5 MW,2021-01
861,Borssele Kavel III and IV,Vestas,51.6024,3.0071,Netherlands,9.5,164.0,119.0,V164-9.5 MW,2021-01
862,Borssele Kavel III and IV,Vestas,51.7163,2.9804,Netherlands,9.5,164.0,119.0,V164-9.5 MW,2021-01
863,Borssele Kavel III and IV,Vestas,51.6255,3.0095,Netherlands,9.5,164.0,119.0,V164-9.5 MW,2021-01
864,Borssele Kavel III and IV,Vestas,51.6944,3.0079,Netherlands,9.5,164.0,119.0,V164-9.5 MW,2021-01
865,Borssele Kavel III and IV,Vestas,51.6139,3.0078,Netherlands,9.5,164.0,119.0,V164-9.5 MW,2021-01
866,Borssele Kavel III and IV,Vestas,51.6891,3.0289,Netherlands,9.5,164.0,119.0,V164-9.5 MW,2021-01
867,Borssele Kavel III and IV,Vestas,51.7231,2.9538,Netherlands,9.5,164.0,119.0,V164-9.5 MW,2021-01
868,Borssele Kavel III and IV,Vestas,51.6668,2.9022,Netherlands,9.5,164.0,119.0,V164-9.5 MW,2021-01
869,Borssele Kavel III and IV,Vestas,51.6682,2.9234,Netherlands,9.5,164.0,119.0,V164-9.5 MW,2021-01
870,Borssele Kavel III and IV,Vestas,51.6971,2.9202,Netherlands,9.5,164.0,119.0,V164-9.5 MW,2021-01
871,Borssele Kavel III and IV,Vestas,51.7762,2.9433,Netherlands,9.5,164.0,119.0,V164-9.5 MW,2021-01
872,Borssele Kavel III and IV,Vestas,51.6382,3.0143,Netherlands,9.5,164.0,119.0,V164-9.5 MW,2021-01
873,Borssele Kavel III and IV,Vestas,51.683,2.9204,Netherlands,9.5,164.0,119.0,V164-9.5 MW,2021-01
874,Borssele Kavel III and IV,Vestas,51.6764,3.0244,Netherlands,9.5,164.0,119.0,V164-9.5 MW,2021-01
875,Borssele Kavel III and IV,Vestas,51.6686,3.0031,Netherlands,9.5,164.0,119.0,V164-9.5 MW,2021-01
876,Borssele Kavel III and IV,Vestas,51.7311,2.9414,Netherlands,9.5,164.0,119.0,V164-9.5 MW,2021-01
877,Borssele Kavel III and IV,Vestas,51.754,2.8325,Netherlands,9.5,164.0,119.0,V164-9.5 MW,2021-01
878,Borssele Kavel III and IV,Vestas,51.6803,2.8999,Netherlands,9.5,164.0,119.0,V164-9.5 MW,2021-01
879,Borssele Kavel III and IV,Vestas,51.7489,2.8836,Netherlands,9.5,164.0,119.0,V164-9.5 MW,2021-01
880,Borssele Kavel III and IV,Vestas,51.7344,2.8869,Netherlands,9.5,164.0,119.0,V164-9.5 MW,2021-01
881,Borssele Kavel III and IV,Vestas,51.7527,2.8673,Netherlands,9.5,164.0,119.0,V164-9.5 MW,2021-01
882,Borssele Kavel III and IV,Vestas,51.7577,2.8532,Netherlands,9.5,164.0,119.0,V164-9.5 MW,2021-01
883,Borssele Kavel III and IV,Vestas,51.7498,2.814,Netherlands,9.5,164.0,119.0,V164-9.5 MW,2021-01
884,Borssele Kavel III and IV,Vestas,51.7114,2.9387,Netherlands,9.5,164.0,119.0,V164-9.5 MW,2021-01
885,Borssele Kavel III and IV,Vestas,51.7221,2.8087,Netherlands,9.5,164.0,119.0,V164-9.5 MW,2021-01
886,Borssele Kavel III and IV,Vestas,51.717,2.8523,Netherlands,9.5,164.0,119.0,V164-9.5 MW,2021-01
887,Borssele Kavel III and IV,Vestas,51.7389,2.8147,Netherlands,9.5,164.0,119.0,V164-9.5 MW,2021-01
888,Borssele Kavel III and IV,Vestas,51.7458,2.7937,Netherlands,9.5,164.0,119.0,V164-9.5 MW,2021-01
889,Borssele Kavel III and IV,Vestas,51.7428,2.7747,Netherlands,9.5,164.0,119.0,V164-9.5 MW,2021-01
890,Borssele Kavel III and IV,Vestas,51.7441,2.9033,Netherlands,9.5,164.0,119.0,V164-9.5 MW,2021-01
891,Borssele Kavel III and IV,Vestas,51.7829,2.9805,Netherlands,9.5,164.0,119.0,V164-9.5 MW,2021-01
892,Borssele Kavel III and IV,Vestas,51.7261,2.8323,Netherlands,9.5,164.0,119.0,V164-9.5 MW,2021-01
893,Borssele Kavel III and IV,Vestas,51.7429,2.8394,Netherlands,9.5,164.0,119.0,V164-9.5 MW,2021-01
894,Borssele Kavel III and IV,Vestas,51.7218,2.8826,Netherlands,9.5,164.0,119.0,V164-9.5 MW,2021-01
895,Borssele Kavel III and IV,Vestas,51.7132,2.8237,Netherlands,9.5,164.0,119.0,V164-9.5 MW,2021-01
896,Borssele Kavel III and IV,Vestas,51.7722,2.9774,Netherlands,9.5,164.0,119.0,V164-9.5 MW,2021-01
897,Borssele Kavel III and IV,Vestas,51.7865,2.9971,Netherlands,9.5,164.0,119.0,V164-9.5 MW,2021-01
898,Borssele Kavel III and IV,Vestas,51.711,2.8932,Netherlands,9.5,164.0,119.0,V164-9.5 MW,2021-01
899,Borssele Kavel III and IV,Vestas,51.6978,2.941,Netherlands,9.5,164.0,119.0,V164-9.5 MW,2021-01
900,Borssele Kavel III and IV,Vestas,51.6856,2.9441,Netherlands,9.5,164.0,119.0,V164-9.5 MW,2021-01
901,Borssele Kavel III and IV,Vestas,51.67,2.9478,Netherlands,9.5,164.0,119.0,V164-9.5 MW,2021-01
902,Borssele Kavel III and IV,Vestas,51.6553,2.9542,Netherlands,9.5,164.0,119.0,V164-9.5 MW,2021-01
903,Borssele Kavel III and IV,Vestas,51.6452,2.9684,Netherlands,9.5,164.0,119.0,V164-9.5 MW,2021-01
904,Borssele Kavel III and IV,Vestas,51.7617,2.964,Netherlands,9.5,164.0,119.0,V164-9.5 MW,2021-01
905,Borssele Kavel III and IV,Vestas,51.6395,2.9475,Netherlands,9.5,164.0,119.0,V164-9.5 MW,2021-01
906,Borssele Kavel III and IV,Vestas,51.711,2.9586,Netherlands,9.5,164.0,119.0,V164-9.5 MW,2021-01
907,Borssele Kavel III and IV,Vestas,51.7296,2.856,Netherlands,9.5,164.0,119.0,V164-9.5 MW,2021-01
908,Borssele Kavel III and IV,Vestas,51.6998,2.9614,Netherlands,9.5,164.0,119.0,V164-9.5 MW,2021-01
909,Borssele Kavel III and IV,Vestas,51.7197,2.9672,Netherlands,9.5,164.0,119.0,V164-9.5 MW,2021-01
910,Borssele Kavel III and IV,Vestas,51.6876,2.9696,Netherlands,9.5,164.0,119.0,V164-9.5 MW,2021-01
911,Borssele Kavel III and IV,Vestas,51.6698,2.9773,Netherlands,9.5,164.0,119.0,V164-9.5 MW,2021-01
912,Borssele Kavel III and IV,Vestas,51.6546,2.9921,Netherlands,9.5,164.0,119.0,V164-9.5 MW,2021-01
913,Borssele Kavel III and IV,Vestas,51.6335,2.9881,Netherlands,9.5,164.0,119.0,V164-9.5 MW,2021-01
914,Borssele Kavel III and IV,Vestas,51.6513,2.926,Netherlands,9.5,164.0,119.0,V164-9.5 MW,2021-01
915,Borssele Kavel III and IV,Vestas,51.6498,3.0172,Netherlands,9.5,164.0,119.0,V164-9.5 MW,2021-01
916,Borssele Kavel III and IV,Vestas,51.779,2.9603,Netherlands,9.5,164.0,119.0,V164-9.5 MW,2021-01
917,Borssele Kavel III and IV,Vestas,51.74,2.9235,Netherlands,9.5,164.0,119.0,V164-9.5 MW,2021-01
918,Borssele Kavel III and IV,Vestas,51.7029,2.8401,Netherlands,9.5,164.0,119.0,V164-9.5 MW,2021-01
919,Borssele Kavel III and IV,Vestas,51.7036,2.8703,Netherlands,9.5,164.0,119.0,V164-9.5 MW,2021-01
920,Borssele Kavel III and IV,Vestas,51.6922,2.8599,Netherlands,9.5,164.0,119.0,V164-9.5 MW,2021-01
921,Borssele Kavel III and IV,Vestas,51.6815,2.8777,Netherlands,9.5,164.0,119.0,V164-9.5 MW,2021-01
922,Borssele Kavel III and IV,Vestas,51.697,2.8977,Netherlands,9.5,164.0,119.0,V164-9.5 MW,2021-01
923,Borssele Kavel III and IV,Vestas,51.7115,2.9156,Netherlands,9.5,164.0,119.0,V164-9.5 MW,2021-01
924,Borssele Kavel III and IV,Vestas,51.6625,3.0213,Netherlands,9.5,164.0,119.0,V164-9.5 MW,2021-01
925,Borssele Kavel III and IV,Vestas,51.7264,2.912,Netherlands,9.5,164.0,119.0,V164-9.5 MW,2021-01
926,Borssele Kavel III and IV,Vestas,51.6827,2.995,Netherlands,9.5,164.0,119.0,V164-9.5 MW,2021-01
927,Borssele Kavel III and IV,Vestas,51.7331,2.7908,Netherlands,9.5,164.0,119.0,V164-9.5 MW,2021-01
928,Borssele Kavel III and IV,Vestas,51.6151,2.9873,Netherlands,9.5,164.0,119.0,V164-9.5 MW,2021-01
929,Borssele Kavel III and IV,Vestas,51.7651,2.8884,Netherlands,9.5,164.0,119.0,V164-9.5 MW,2021-01
930,Borssele Kavel III and IV,Vestas,51.7009,2.9859,Netherlands,9.5,164.0,119.0,V164-9.5 MW,2021-01
931,Borssele Kavel III and IV,Vestas,51.7601,2.9093,Netherlands,9.5,164.0,119.0,V164-9.5 MW,2021-01
932,Borssele Kavel III and IV,Vestas,51.7607,2.9324,Netherlands,9.5,164.0,119.0,V164-9.5 MW,2021-01
933,Borssele Kavel III and IV,Vestas,51.7677,2.9048,Netherlands,9.5,164.0,119.0,V164-9.5 MW,2021-01
934,Borssele Kavel III and IV,Vestas,51.7721,2.9244,Netherlands,9.5,164.0,119.0,V164-9.5 MW,2021-01
935,Borssele Kavel III and IV,Vestas,51.6274,2.9662,Netherlands,9.5,164.0,119.0,V164-9.5 MW,2021-01
936,Borssele Kavel III and IV,Vestas,51.7498,2.9493,Netherlands,9.5,164.0,119.0,V164-9.5 MW,2021-01
937,Borssele Kavel V,Vestas,51.7077,3.0101,Netherlands,9.5,164.0,119.0,V164-9.5 MW,2021-02
938,Borssele Kavel V,Vestas,51.7115,2.9976,Netherlands,9.5,164.0,119.0,V164-9.5 MW,2021-02
939,Burbo Bank,Siemens,53.4886,-3.1783,United Kingdom,3.6,107.0,84.0,SWT-3.6-107,2007-10
940,Burbo Bank,Siemens,53.485,-3.1877,United Kingdom,3.6,107.0,84.0,SWT-3.6-107,2007-10
941,Burbo Bank,Siemens,53.4985,-3.2126,United Kingdom,3.6,107.0,84.0,SWT-3.6-107,2007-10
942,Burbo Bank,Siemens,53.5018,-3.2188,United Kingdom,3.6,107.0,84.0,SWT-3.6-107,2007-10
943,Burbo Bank,Siemens,53.5021,-3.203,United Kingdom,3.6,107.0,84.0,SWT-3.6-107,2007-10
944,Burbo Bank,Siemens,53.4987,-3.1968,United Kingdom,3.6,107.0,84.0,SWT-3.6-107,2007-10
945,Burbo Bank,Siemens,53.4816,-3.1816,United Kingdom,3.6,107.0,84.0,SWT-3.6-107,2007-10
946,Burbo Bank,Siemens,53.4919,-3.1844,United Kingdom,3.6,107.0,84.0,SWT-3.6-107,2007-10
947,Burbo Bank,Siemens,53.4851,-3.172,United Kingdom,3.6,107.0,84.0,SWT-3.6-107,2007-10
948,Burbo Bank,Siemens,53.4884,-3.1939,United Kingdom,3.6,107.0,84.0,SWT-3.6-107,2007-10
949,Burbo Bank,Siemens,53.4784,-3.1597,United Kingdom,3.6,107.0,84.0,SWT-3.6-107,2007-10
950,Burbo Bank,Siemens,53.4814,-3.1974,United Kingdom,3.6,107.0,84.0,SWT-3.6-107,2007-10
951,Burbo Bank,Siemens,53.4818,-3.1659,United Kingdom,3.6,107.0,84.0,SWT-3.6-107,2007-10
952,Burbo Bank,Siemens,53.478,-3.1911,United Kingdom,3.6,107.0,84.0,SWT-3.6-107,2007-10
953,Burbo Bank,Siemens,53.4848,-3.2035,United Kingdom,3.6,107.0,84.0,SWT-3.6-107,2007-10
954,Burbo Bank,Siemens,53.4819,-3.1501,United Kingdom,3.6,107.0,84.0,SWT-3.6-107,2007-10
955,Burbo Bank,Siemens,53.4915,-3.2158,United Kingdom,3.6,107.0,84.0,SWT-3.6-107,2007-10
956,Burbo Bank,Siemens,53.4747,-3.1849,United Kingdom,3.6,107.0,84.0,SWT-3.6-107,2007-10
957,Burbo Bank,Siemens,53.4782,-3.1755,United Kingdom,3.6,107.0,84.0,SWT-3.6-107,2007-10
958,Burbo Bank,Siemens,53.4917,-3.2001,United Kingdom,3.6,107.0,84.0,SWT-3.6-107,2007-10
959,Burbo Bank,Siemens,53.4881,-3.2097,United Kingdom,3.6,107.0,84.0,SWT-3.6-107,2007-10
960,Burbo Bank,Siemens,53.4951,-3.2064,United Kingdom,3.6,107.0,84.0,SWT-3.6-107,2007-10
961,Burbo Bank,Siemens,53.4953,-3.1907,United Kingdom,3.6,107.0,84.0,SWT-3.6-107,2007-10
962,Burbo Bank,Siemens,53.4853,-3.1563,United Kingdom,3.6,107.0,84.0,SWT-3.6-107,2007-10
963,Burbo Bank,Siemens,53.495,-3.2221,United Kingdom,3.6,107.0,84.0,SWT-3.6-107,2007-10
964,Burbo Bank Extension,Vestas,53.4646,-3.2493,United Kingdom,8.0,164.0,105.0,V164-8.0 MW,2017-04
965,Burbo Bank Extension,Vestas,53.4646,-3.2656,United Kingdom,8.0,164.0,105.0,V164-8.0 MW,2017-04
966,Burbo Bank Extension,Vestas,53.5019,-3.2344,United Kingdom,8.0,164.0,105.0,V164-8.0 MW,2017-04
967,Burbo Bank Extension,Vestas,53.4928,-3.2368,United Kingdom,8.0,164.0,105.0,V164-8.0 MW,2017-04
968,Burbo Bank Extension,Vestas,53.4728,-3.2131,United Kingdom,8.0,164.0,105.0,V164-8.0 MW,2017-04
969,Burbo Bank Extension,Vestas,53.4648,-3.2164,United Kingdom,8.0,164.0,105.0,V164-8.0 MW,2017-04
970,Burbo Bank Extension,Vestas,53.483,-3.2315,United Kingdom,8.0,164.0,105.0,V164-8.0 MW,2017-04
971,Burbo Bank Extension,Vestas,53.4647,-3.2329,United Kingdom,8.0,164.0,105.0,V164-8.0 MW,2017-04
972,Burbo Bank Extension,Vestas,53.4648,-3.2008,United Kingdom,8.0,164.0,105.0,V164-8.0 MW,2017-04
973,Burbo Bank Extension,Vestas,53.483,-3.2698,United Kingdom,8.0,164.0,105.0,V164-8.0 MW,2017-04
974,Burbo Bank Extension,Vestas,53.468,-3.1878,United Kingdom,8.0,164.0,105.0,V164-8.0 MW,2017-04
975,Burbo Bank Extension,Vestas,53.4645,-3.2822,United Kingdom,8.0,164.0,105.0,V164-8.0 MW,2017-04
976,Burbo Bank Extension,Vestas,53.5019,-3.2522,United Kingdom,8.0,164.0,105.0,V164-8.0 MW,2017-04
977,Burbo Bank Extension,Vestas,53.4963,-3.3634,United Kingdom,8.0,164.0,105.0,V164-8.0 MW,2017-04
978,Burbo Bank Extension,Vestas,53.4712,-3.3175,United Kingdom,8.0,164.0,105.0,V164-8.0 MW,2017-04
979,Burbo Bank Extension,Vestas,53.4838,-3.3406,United Kingdom,8.0,164.0,105.0,V164-8.0 MW,2017-04
980,Burbo Bank Extension,Vestas,53.5016,-3.3196,United Kingdom,8.0,164.0,105.0,V164-8.0 MW,2017-04
981,Burbo Bank Extension,Vestas,53.4742,-3.2867,United Kingdom,8.0,164.0,105.0,V164-8.0 MW,2017-04
982,Burbo Bank Extension,Vestas,53.4747,-3.2496,United Kingdom,8.0,164.0,105.0,V164-8.0 MW,2017-04
983,Burbo Bank Extension,Vestas,53.4916,-3.2659,United Kingdom,8.0,164.0,105.0,V164-8.0 MW,2017-04
984,Burbo Bank Extension,Vestas,53.5017,-3.2694,United Kingdom,8.0,164.0,105.0,V164-8.0 MW,2017-04
985,Burbo Bank Extension,Vestas,53.5017,-3.2865,United Kingdom,8.0,164.0,105.0,V164-8.0 MW,2017-04
986,Burbo Bank Extension,Vestas,53.4774,-3.3288,United Kingdom,8.0,164.0,105.0,V164-8.0 MW,2017-04
987,Burbo Bank Extension,Vestas,53.4644,-3.3053,United Kingdom,8.0,164.0,105.0,V164-8.0 MW,2017-04
988,Burbo Bank Extension,Vestas,53.4852,-3.3057,United Kingdom,8.0,164.0,105.0,V164-8.0 MW,2017-04
989,Burbo Bank Extension,Vestas,53.4929,-3.3368,United Kingdom,8.0,164.0,105.0,V164-8.0 MW,2017-04
990,Burbo Bank Extension,Vestas,53.5017,-3.3051,United Kingdom,8.0,164.0,105.0,V164-8.0 MW,2017-04
991,Burbo Bank Extension,Vestas,53.4901,-3.352,United Kingdom,8.0,164.0,105.0,V164-8.0 MW,2017-04
992,Burbo Bank Extension,Vestas,53.5016,-3.3378,United Kingdom,8.0,164.0,105.0,V164-8.0 MW,2017-04
993,Burbo Bank Extension,Vestas,53.5015,-3.353,United Kingdom,8.0,164.0,105.0,V164-8.0 MW,2017-04
994,Burbo Bank Extension,Vestas,53.4933,-3.29,United Kingdom,8.0,164.0,105.0,V164-8.0 MW,2017-04
995,Burbo Bank Extension,Vestas,53.5014,-3.3726,United Kingdom,8.0,164.0,105.0,V164-8.0 MW,2017-04
996,Butendiek,Siemens,55.0256,7.7703,Germany,3.6,120.0,91.0,SWT-3.6-120,2015-08
997,Butendiek,Siemens,55.0538,7.7864,Germany,3.6,120.0,91.0,SWT-3.6-120,2015-08
998,Butendiek,Siemens,55.0276,7.7918,Germany,3.6,120.0,91.0,SWT-3.6-120,2015-08
999,Butendiek,Siemens,55.0387,7.7702,Germany,3.6,120.0,91.0,SWT-3.6-120,2015-08
1000,Butendiek,Siemens,54.9668,7.7844,Germany,3.6,120.0,91.0,SWT-3.6-120,2015-08
1001,Butendiek,Siemens,55.0605,7.7999,Germany,3.6,120.0,91.0,SWT-3.6-120,2015-08
1002,Butendiek,Siemens,54.9739,7.8003,Germany,3.6,120.0,91.0,SWT-3.6-120,2015-08
1003,Butendiek,Siemens,55.0156,7.738,Germany,3.6,120.0,91.0,SWT-3.6-120,2015-08
1004,Butendiek,Siemens,55.0427,7.741,Germany,3.6,120.0,91.0,SWT-3.6-120,2015-08
1005,Butendiek,Siemens,55.0361,7.738,Germany,3.6,120.0,91.0,SWT-3.6-120,2015-08
1006,Butendiek,Siemens,55.0091,7.7394,Germany,3.6,120.0,91.0,SWT-3.6-120,2015-08
1007,Butendiek,Siemens,54.9667,7.7999,Germany,3.6,120.0,91.0,SWT-3.6-120,2015-08
1008,Butendiek,Siemens,55.0215,7.7909,Germany,3.6,120.0,91.0,SWT-3.6-120,2015-08
1009,Butendiek,Siemens,55.0539,7.7996,Germany,3.6,120.0,91.0,SWT-3.6-120,2015-08
1010,Butendiek,Siemens,55.0188,7.7705,Germany,3.6,120.0,91.0,SWT-3.6-120,2015-08
1011,Butendiek,Siemens,55.0577,7.7679,Germany,3.6,120.0,91.0,SWT-3.6-120,2015-08
1012,Butendiek,Siemens,55.0124,7.7723,Germany,3.6,120.0,91.0,SWT-3.6-120,2015-08
1013,Butendiek,Siemens,55.0137,7.783,Germany,3.6,120.0,91.0,SWT-3.6-120,2015-08
1014,Butendiek,Siemens,55.0069,7.7773,Germany,3.6,120.0,91.0,SWT-3.6-120,2015-08
1015,Butendiek,Siemens,54.9972,7.7995,Germany,3.6,120.0,91.0,SWT-3.6-120,2015-08
1016,Butendiek,Siemens,55.0428,7.7907,Germany,3.6,120.0,91.0,SWT-3.6-120,2015-08
1017,Butendiek,Siemens,54.9728,7.7894,Germany,3.6,120.0,91.0,SWT-3.6-120,2015-08
1018,Butendiek,Siemens,55.0026,7.7945,Germany,3.6,120.0,91.0,SWT-3.6-120,2015-08
1019,Butendiek,Siemens,55.0473,7.7838,Germany,3.6,120.0,91.0,SWT-3.6-120,2015-08
1020,Butendiek,Siemens,55.0398,7.7806,Germany,3.6,120.0,91.0,SWT-3.6-120,2015-08
1021,Butendiek,Siemens,55.0333,7.7807,Germany,3.6,120.0,91.0,SWT-3.6-120,2015-08
1022,Butendiek,Siemens,55.0266,7.7809,Germany,3.6,120.0,91.0,SWT-3.6-120,2015-08
1023,Butendiek,Siemens,55.02,7.781,Germany,3.6,120.0,91.0,SWT-3.6-120,2015-08
1024,Butendiek,Siemens,55.0082,7.7882,Germany,3.6,120.0,91.0,SWT-3.6-120,2015-08
1025,Butendiek,Siemens,54.9855,7.7999,Germany,3.6,120.0,91.0,SWT-3.6-120,2015-08
1026,Butendiek,Siemens,55.0357,7.7911,Germany,3.6,120.0,91.0,SWT-3.6-120,2015-08
1027,Butendiek,Siemens,54.9911,7.7942,Germany,3.6,120.0,91.0,SWT-3.6-120,2015-08
1028,Butendiek,Siemens,54.9963,7.7885,Germany,3.6,120.0,91.0,SWT-3.6-120,2015-08
1029,Butendiek,Siemens,55.0019,7.7831,Germany,3.6,120.0,91.0,SWT-3.6-120,2015-08
1030,Butendiek,Siemens,55.0472,7.7996,Germany,3.6,120.0,91.0,SWT-3.6-120,2015-08
1031,Butendiek,Siemens,55.04,7.7999,Germany,3.6,120.0,91.0,SWT-3.6-120,2015-08
1032,Butendiek,Siemens,55.0035,7.745,Germany,3.6,120.0,91.0,SWT-3.6-120,2015-08
1033,Butendiek,Siemens,55.0238,7.7996,Germany,3.6,120.0,91.0,SWT-3.6-120,2015-08
1034,Butendiek,Siemens,54.9772,7.7732,Germany,3.6,120.0,91.0,SWT-3.6-120,2015-08
1035,Butendiek,Siemens,54.9887,7.7727,Germany,3.6,120.0,91.0,SWT-3.6-120,2015-08
1036,Butendiek,Siemens,55.0588,7.7787,Germany,3.6,120.0,91.0,SWT-3.6-120,2015-08
1037,Butendiek,Siemens,55.0116,7.7611,Germany,3.6,120.0,91.0,SWT-3.6-120,2015-08
1038,Butendiek,Siemens,54.9836,7.7785,Germany,3.6,120.0,91.0,SWT-3.6-120,2015-08
1039,Butendiek,Siemens,55.0177,7.7595,Germany,3.6,120.0,91.0,SWT-3.6-120,2015-08
1040,Butendiek,Siemens,55.0246,7.7592,Germany,3.6,120.0,91.0,SWT-3.6-120,2015-08
1041,Butendiek,Siemens,55.0377,7.7594,Germany,3.6,120.0,91.0,SWT-3.6-120,2015-08
1042,Butendiek,Siemens,54.9995,7.7618,Germany,3.6,120.0,91.0,SWT-3.6-120,2015-08
1043,Butendiek,Siemens,55.0445,7.7627,Germany,3.6,120.0,91.0,SWT-3.6-120,2015-08
1044,Butendiek,Siemens,55.0312,7.7588,Germany,3.6,120.0,91.0,SWT-3.6-120,2015-08
1045,Butendiek,Siemens,55.006,7.7666,Germany,3.6,120.0,91.0,SWT-3.6-120,2015-08
1046,Butendiek,Siemens,55.0006,7.7726,Germany,3.6,120.0,91.0,SWT-3.6-120,2015-08
1047,Butendiek,Siemens,54.9791,7.795,Germany,3.6,120.0,91.0,SWT-3.6-120,2015-08
1048,Butendiek,Siemens,54.9847,7.7893,Germany,3.6,120.0,91.0,SWT-3.6-120,2015-08
1049,Butendiek,Siemens,54.9783,7.784,Germany,3.6,120.0,91.0,SWT-3.6-120,2015-08
1050,Butendiek,Siemens,54.9955,7.7779,Germany,3.6,120.0,91.0,SWT-3.6-120,2015-08
1051,Butendiek,Siemens,55.0328,7.7998,Germany,3.6,120.0,91.0,SWT-3.6-120,2015-08
1052,Butendiek,Siemens,55.0509,7.7647,Germany,3.6,120.0,91.0,SWT-3.6-120,2015-08
1053,Butendiek,Siemens,54.9825,7.7677,Germany,3.6,120.0,91.0,SWT-3.6-120,2015-08
1054,Butendiek,Siemens,54.9901,7.7835,Germany,3.6,120.0,91.0,SWT-3.6-120,2015-08
1055,Butendiek,Siemens,54.9932,7.7563,Germany,3.6,120.0,91.0,SWT-3.6-120,2015-08
1056,Butendiek,Siemens,55.0156,7.7999,Germany,3.6,120.0,91.0,SWT-3.6-120,2015-08
1057,Butendiek,Siemens,54.9878,7.7621,Germany,3.6,120.0,91.0,SWT-3.6-120,2015-08
1058,Butendiek,Siemens,55.0088,7.7997,Germany,3.6,120.0,91.0,SWT-3.6-120,2015-08
1059,Butendiek,Siemens,55.0602,7.789,Germany,3.6,120.0,91.0,SWT-3.6-120,2015-08
1060,Butendiek,Siemens,55.0456,7.7733,Germany,3.6,120.0,91.0,SWT-3.6-120,2015-08
1061,Butendiek,Siemens,54.994,7.7675,Germany,3.6,120.0,91.0,SWT-3.6-120,2015-08
1062,Butendiek,Siemens,55.0045,7.7557,Germany,3.6,120.0,91.0,SWT-3.6-120,2015-08
1063,Butendiek,Siemens,55.0102,7.7504,Germany,3.6,120.0,91.0,SWT-3.6-120,2015-08
1064,Butendiek,Siemens,55.0164,7.7485,Germany,3.6,120.0,91.0,SWT-3.6-120,2015-08
1065,Butendiek,Siemens,55.0321,7.7693,Germany,3.6,120.0,91.0,SWT-3.6-120,2015-08
1066,Butendiek,Siemens,55.0297,7.7482,Germany,3.6,120.0,91.0,SWT-3.6-120,2015-08
1067,Butendiek,Siemens,55.0364,7.7488,Germany,3.6,120.0,91.0,SWT-3.6-120,2015-08
1068,Butendiek,Siemens,55.0427,7.7521,Germany,3.6,120.0,91.0,SWT-3.6-120,2015-08
1069,Butendiek,Siemens,55.0495,7.7534,Germany,3.6,120.0,91.0,SWT-3.6-120,2015-08
1070,Butendiek,Siemens,54.972,7.7788,Germany,3.6,120.0,91.0,SWT-3.6-120,2015-08
1071,Butendiek,Siemens,55.0522,7.7759,Germany,3.6,120.0,91.0,SWT-3.6-120,2015-08
1072,Butendiek,Siemens,55.0295,7.7377,Germany,3.6,120.0,91.0,SWT-3.6-120,2015-08
1073,Butendiek,Siemens,54.9983,7.7508,Germany,3.6,120.0,91.0,SWT-3.6-120,2015-08
1074,Butendiek,Siemens,55.023,7.7483,Germany,3.6,120.0,91.0,SWT-3.6-120,2015-08
1075,Butendiek,Siemens,55.0224,7.7375,Germany,3.6,120.0,91.0,SWT-3.6-120,2015-08
1076,Dan Tysk,Siemens,55.0928,7.1884,Germany,3.6,120.0,88.0,SWT-3.6-120,2015-04
1077,Dan Tysk,Siemens,55.0921,7.2056,Germany,3.6,120.0,88.0,SWT-3.6-120,2015-04
1078,Dan Tysk,Siemens,55.0913,7.2256,Germany,3.6,120.0,88.0,SWT-3.6-120,2015-04
1079,Dan Tysk,Siemens,55.0737,7.1917,Germany,3.6,120.0,88.0,SWT-3.6-120,2015-04
1080,Dan Tysk,Siemens,55.0649,7.1998,Germany,3.6,120.0,88.0,SWT-3.6-120,2015-04
1081,Dan Tysk,Siemens,55.0655,7.2138,Germany,3.6,120.0,88.0,SWT-3.6-120,2015-04
1082,Dan Tysk,Siemens,55.0716,7.2072,Germany,3.6,120.0,88.0,SWT-3.6-120,2015-04
1083,Dan Tysk,Siemens,55.0672,7.2407,Germany,3.6,120.0,88.0,SWT-3.6-120,2015-04
1084,Dan Tysk,Siemens,55.0677,7.1746,Germany,3.6,120.0,88.0,SWT-3.6-120,2015-04
1085,Dan Tysk,Siemens,55.074,7.226,Germany,3.6,120.0,88.0,SWT-3.6-120,2015-04
1086,Dan Tysk,Siemens,55.091,7.2421,Germany,3.6,120.0,88.0,SWT-3.6-120,2015-04
1087,Dan Tysk,Siemens,55.0741,7.2465,Germany,3.6,120.0,88.0,SWT-3.6-120,2015-04
1088,Dan Tysk,Siemens,55.1305,7.232,Germany,3.6,120.0,88.0,SWT-3.6-120,2015-04
1089,Dan Tysk,Siemens,55.0759,7.175,Germany,3.6,120.0,88.0,SWT-3.6-120,2015-04
1090,Dan Tysk,Siemens,55.0664,7.2276,Germany,3.6,120.0,88.0,SWT-3.6-120,2015-04
1091,Dan Tysk,Siemens,55.1278,7.213,Germany,3.6,120.0,88.0,SWT-3.6-120,2015-04
1092,Dan Tysk,Siemens,55.1075,7.2378,Germany,3.6,120.0,88.0,SWT-3.6-120,2015-04
1093,Dan Tysk,Siemens,55.124,7.1863,Germany,3.6,120.0,88.0,SWT-3.6-120,2015-04
1094,Dan Tysk,Siemens,55.0788,7.188,Germany,3.6,120.0,88.0,SWT-3.6-120,2015-04
1095,Dan Tysk,Siemens,55.1651,7.2058,Germany,3.6,120.0,88.0,SWT-3.6-120,2015-04
1096,Dan Tysk,Siemens,55.2346,7.1704,Germany,3.6,120.0,88.0,SWT-3.6-120,2015-04
1097,Dan Tysk,Siemens,55.2319,7.186,Germany,3.6,120.0,88.0,SWT-3.6-120,2015-04
1098,Dan Tysk,Siemens,55.0936,7.1703,Germany,3.6,120.0,88.0,SWT-3.6-120,2015-04
1099,Dan Tysk,Siemens,55.1009,7.24,Germany,3.6,120.0,88.0,SWT-3.6-120,2015-04
1100,Dan Tysk,Siemens,55.1016,7.2169,Germany,3.6,120.0,88.0,SWT-3.6-120,2015-04
1101,Dan Tysk,Siemens,55.128,7.1695,Germany,3.6,120.0,88.0,SWT-3.6-120,2015-04
1102,Dan Tysk,Siemens,55.1023,7.1939,Germany,3.6,120.0,88.0,SWT-3.6-120,2015-04
1103,Dan Tysk,Siemens,55.1094,7.1927,Germany,3.6,120.0,88.0,SWT-3.6-120,2015-04
1104,Dan Tysk,Siemens,55.1099,7.2169,Germany,3.6,120.0,88.0,SWT-3.6-120,2015-04
1105,Dan Tysk,Siemens,55.1114,7.1703,Germany,3.6,120.0,88.0,SWT-3.6-120,2015-04
1106,Dan Tysk,Siemens,55.1149,7.2363,Germany,3.6,120.0,88.0,SWT-3.6-120,2015-04
1107,Dan Tysk,Siemens,55.1162,7.1932,Germany,3.6,120.0,88.0,SWT-3.6-120,2015-04
1108,Dan Tysk,Siemens,55.1195,7.1697,Germany,3.6,120.0,88.0,SWT-3.6-120,2015-04
1109,Dan Tysk,Siemens,55.1192,7.2154,Germany,3.6,120.0,88.0,SWT-3.6-120,2015-04
1110,Dan Tysk,Siemens,55.1033,7.1704,Germany,3.6,120.0,88.0,SWT-3.6-120,2015-04
1111,Dan Tysk,Siemens,55.0818,7.2443,Germany,3.6,120.0,88.0,SWT-3.6-120,2015-04
1112,Dan Tysk,Siemens,55.064,7.186,Germany,3.6,120.0,88.0,SWT-3.6-120,2015-04
1113,Dan Tysk,Siemens,55.0823,7.2062,Germany,3.6,120.0,88.0,SWT-3.6-120,2015-04
1114,Dan Tysk,Siemens,55.1379,7.2305,Germany,3.6,120.0,88.0,SWT-3.6-120,2015-04
1115,Dan Tysk,Siemens,55.1547,7.2265,Germany,3.6,120.0,88.0,SWT-3.6-120,2015-04
1116,Dan Tysk,Siemens,55.1379,7.1887,Germany,3.6,120.0,88.0,SWT-3.6-120,2015-04
1117,Dan Tysk,Siemens,55.1461,7.2285,Germany,3.6,120.0,88.0,SWT-3.6-120,2015-04
1118,Dan Tysk,Siemens,55.1459,7.1871,Germany,3.6,120.0,88.0,SWT-3.6-120,2015-04
1119,Dan Tysk,Siemens,55.1466,7.2101,Germany,3.6,120.0,88.0,SWT-3.6-120,2015-04
1120,Dan Tysk,Siemens,55.153,7.1857,Germany,3.6,120.0,88.0,SWT-3.6-120,2015-04
1121,Dan Tysk,Siemens,55.1538,7.1685,Germany,3.6,120.0,88.0,SWT-3.6-120,2015-04
1122,Dan Tysk,Siemens,55.1799,7.2201,Germany,3.6,120.0,88.0,SWT-3.6-120,2015-04
1123,Dan Tysk,Siemens,55.1556,7.2081,Germany,3.6,120.0,88.0,SWT-3.6-120,2015-04
1124,Dan Tysk,Siemens,55.1596,7.1683,Germany,3.6,120.0,88.0,SWT-3.6-120,2015-04
1125,Dan Tysk,Siemens,55.1768,7.1804,Germany,3.6,120.0,88.0,SWT-3.6-120,2015-04
1126,Dan Tysk,Siemens,55.1736,7.2027,Germany,3.6,120.0,88.0,SWT-3.6-120,2015-04
1127,Dan Tysk,Siemens,55.1715,7.2221,Germany,3.6,120.0,88.0,SWT-3.6-120,2015-04
1128,Dan Tysk,Siemens,55.1696,7.1824,Germany,3.6,120.0,88.0,SWT-3.6-120,2015-04
1129,Dan Tysk,Siemens,55.1631,7.224,Germany,3.6,120.0,88.0,SWT-3.6-120,2015-04
1130,Dan Tysk,Siemens,55.161,7.1833,Germany,3.6,120.0,88.0,SWT-3.6-120,2015-04
1131,Dan Tysk,Siemens,55.0817,7.2258,Germany,3.6,120.0,88.0,SWT-3.6-120,2015-04
1132,Dan Tysk,Siemens,55.1821,7.2004,Germany,3.6,120.0,88.0,SWT-3.6-120,2015-04
1133,Dan Tysk,Siemens,55.1884,7.2177,Germany,3.6,120.0,88.0,SWT-3.6-120,2015-04
1134,Dan Tysk,Siemens,55.1452,7.1687,Germany,3.6,120.0,88.0,SWT-3.6-120,2015-04
1135,Dan Tysk,Siemens,55.2292,7.1986,Germany,3.6,120.0,88.0,SWT-3.6-120,2015-04
1136,Dan Tysk,Siemens,55.083,7.1819,Germany,3.6,120.0,88.0,SWT-3.6-120,2015-04
1137,Dan Tysk,Siemens,55.1308,7.1902,Germany,3.6,120.0,88.0,SWT-3.6-120,2015-04
1138,Dan Tysk,Siemens,55.1366,7.169,Germany,3.6,120.0,88.0,SWT-3.6-120,2015-04
1139,Dan Tysk,Siemens,55.1374,7.2112,Germany,3.6,120.0,88.0,SWT-3.6-120,2015-04
1140,Dan Tysk,Siemens,55.2292,7.1673,Germany,3.6,120.0,88.0,SWT-3.6-120,2015-04
1141,Dan Tysk,Siemens,55.1906,7.1978,Germany,3.6,120.0,88.0,SWT-3.6-120,2015-04
1142,Dan Tysk,Siemens,55.1914,7.1765,Germany,3.6,120.0,88.0,SWT-3.6-120,2015-04
1143,Dan Tysk,Siemens,55.197,7.2156,Germany,3.6,120.0,88.0,SWT-3.6-120,2015-04
1144,Dan Tysk,Siemens,55.1988,7.1746,Germany,3.6,120.0,88.0,SWT-3.6-120,2015-04
1145,Dan Tysk,Siemens,55.1992,7.195,Germany,3.6,120.0,88.0,SWT-3.6-120,2015-04
1146,Dan Tysk,Siemens,55.2085,7.1937,Germany,3.6,120.0,88.0,SWT-3.6-120,2015-04
1147,Dan Tysk,Siemens,55.2062,7.1725,Germany,3.6,120.0,88.0,SWT-3.6-120,2015-04
1148,Dan Tysk,Siemens,55.2132,7.1709,Germany,3.6,120.0,88.0,SWT-3.6-120,2015-04
1149,Dan Tysk,Siemens,55.1841,7.1786,Germany,3.6,120.0,88.0,SWT-3.6-120,2015-04
1150,Dan Tysk,Siemens,55.2141,7.2112,Germany,3.6,120.0,88.0,SWT-3.6-120,2015-04
1151,Dan Tysk,Siemens,55.2171,7.1896,Germany,3.6,120.0,88.0,SWT-3.6-120,2015-04
1152,Dan Tysk,Siemens,55.2205,7.169,Germany,3.6,120.0,88.0,SWT-3.6-120,2015-04
1153,Dan Tysk,Siemens,55.2227,7.2087,Germany,3.6,120.0,88.0,SWT-3.6-120,2015-04
1154,Dan Tysk,Siemens,55.2251,7.1843,Germany,3.6,120.0,88.0,SWT-3.6-120,2015-04
1155,Dan Tysk,Siemens,55.2055,7.2134,Germany,3.6,120.0,88.0,SWT-3.6-120,2015-04
1156,Deutsche Bucht,Vestas,54.3202,5.7801,Germany,8.0,164.0,105.0,V164-8.0 MW,2019-09
1157,Deutsche Bucht,Vestas,54.3144,5.7975,Germany,8.0,164.0,105.0,V164-8.0 MW,2019-09
1158,Deutsche Bucht,Vestas,54.3076,5.7932,Germany,8.0,164.0,105.0,V164-8.0 MW,2019-09
1159,Deutsche Bucht,Vestas,54.3115,5.7764,Germany,8.0,164.0,105.0,V164-8.0 MW,2019-09
1160,Deutsche Bucht,Vestas,54.29,5.7755,Germany,8.0,164.0,105.0,V164-8.0 MW,2019-09
1161,Deutsche Bucht,Vestas,54.3365,5.8168,Germany,8.0,164.0,105.0,V164-8.0 MW,2019-09
1162,Deutsche Bucht,Vestas,54.3036,5.771,Germany,8.0,164.0,105.0,V164-8.0 MW,2019-09
1163,Deutsche Bucht,Vestas,54.2974,5.778,Germany,8.0,164.0,105.0,V164-8.0 MW,2019-09
1164,Deutsche Bucht,Vestas,54.315,5.7678,Germany,8.0,164.0,105.0,V164-8.0 MW,2019-09
1165,Deutsche Bucht,Vestas,54.308,5.7651,Germany,8.0,164.0,105.0,V164-8.0 MW,2019-09
1166,Deutsche Bucht,Vestas,54.3096,5.7554,Germany,8.0,164.0,105.0,V164-8.0 MW,2019-09
1167,Deutsche Bucht,Vestas,54.3004,5.7515,Germany,8.0,164.0,105.0,V164-8.0 MW,2019-09
1168,Deutsche Bucht,Vestas,54.2899,5.8187,Germany,8.0,164.0,105.0,V164-8.0 MW,2019-09
1169,Deutsche Bucht,Vestas,54.2913,5.8079,Germany,8.0,164.0,105.0,V164-8.0 MW,2019-09
1170,Deutsche Bucht,Vestas,54.304,5.744,Germany,8.0,164.0,105.0,V164-8.0 MW,2019-09
1171,Deutsche Bucht,Vestas,54.3108,5.805,Germany,8.0,164.0,105.0,V164-8.0 MW,2019-09
1172,Deutsche Bucht,Vestas,54.3006,5.794,Germany,8.0,164.0,105.0,V164-8.0 MW,2019-09
1173,Deutsche Bucht,Vestas,54.2961,5.8025,Germany,8.0,164.0,105.0,V164-8.0 MW,2019-09
1174,Deutsche Bucht,Vestas,54.2903,5.7935,Germany,8.0,164.0,105.0,V164-8.0 MW,2019-09
1175,Deutsche Bucht,Vestas,54.2836,5.7923,Germany,8.0,164.0,105.0,V164-8.0 MW,2019-09
1176,Deutsche Bucht,Vestas,54.2796,5.7993,Germany,8.0,164.0,105.0,V164-8.0 MW,2019-09
1177,Deutsche Bucht,Vestas,54.276,5.807,Germany,8.0,164.0,105.0,V164-8.0 MW,2019-09
1178,Deutsche Bucht,Vestas,54.2983,5.7606,Germany,8.0,164.0,105.0,V164-8.0 MW,2019-09
1179,Deutsche Bucht,Vestas,54.3213,5.7984,Germany,8.0,164.0,105.0,V164-8.0 MW,2019-09
1180,Deutsche Bucht,Vestas,54.3031,5.8059,Germany,8.0,164.0,105.0,V164-8.0 MW,2019-09
1181,Deutsche Bucht,Vestas,54.3133,5.8176,Germany,8.0,164.0,105.0,V164-8.0 MW,2019-09
1182,Deutsche Bucht,Vestas,54.3183,5.8084,Germany,8.0,164.0,105.0,V164-8.0 MW,2019-09
1183,Deutsche Bucht,Vestas,54.3256,5.8093,Germany,8.0,164.0,105.0,V164-8.0 MW,2019-09
1184,Deutsche Bucht,Vestas,54.331,5.8046,Germany,8.0,164.0,105.0,V164-8.0 MW,2019-09
1185,Deutsche Bucht,Vestas,54.2841,5.809,Germany,8.0,164.0,105.0,V164-8.0 MW,2019-09
1186,Deutsche Bucht,Vestas,54.2933,5.7673,Germany,8.0,164.0,105.0,V164-8.0 MW,2019-09
1187,Dudgeon,Siemens,53.2217,1.4073,United Kingdom,6.0,154.0,110.0,SWT-6.0-154,2017-10
1188,Dudgeon,Siemens,53.2529,1.3388,United Kingdom,6.0,154.0,110.0,SWT-6.0-154,2017-10
1189,Dudgeon,Siemens,53.2487,1.3484,United Kingdom,6.0,154.0,110.0,SWT-6.0-154,2017-10
1190,Dudgeon,Siemens,53.2648,1.3944,United Kingdom,6.0,154.0,110.0,SWT-6.0-154,2017-10
1191,Dudgeon,Siemens,53.2258,1.4248,United Kingdom,6.0,154.0,110.0,SWT-6.0-154,2017-10
1192,Dudgeon,Siemens,53.2312,1.4133,United Kingdom,6.0,154.0,110.0,SWT-6.0-154,2017-10
1193,Dudgeon,Siemens,53.217,1.4171,United Kingdom,6.0,154.0,110.0,SWT-6.0-154,2017-10
1194,Dudgeon,Siemens,53.2263,1.3977,United Kingdom,6.0,154.0,110.0,SWT-6.0-154,2017-10
1195,Dudgeon,Siemens,53.2364,1.4025,United Kingdom,6.0,154.0,110.0,SWT-6.0-154,2017-10
1196,Dudgeon,Siemens,53.2301,1.3874,United Kingdom,6.0,154.0,110.0,SWT-6.0-154,2017-10
1197,Dudgeon,Siemens,53.2485,1.404,United Kingdom,6.0,154.0,110.0,SWT-6.0-154,2017-10
1198,Dudgeon,Siemens,53.2126,1.4263,United Kingdom,6.0,154.0,110.0,SWT-6.0-154,2017-10
1199,Dudgeon,Siemens,53.2435,1.4152,United Kingdom,6.0,154.0,110.0,SWT-6.0-154,2017-10
1200,Dudgeon,Siemens,53.2761,1.3202,United Kingdom,6.0,154.0,110.0,SWT-6.0-154,2017-10
1201,Dudgeon,Siemens,53.2533,1.3922,United Kingdom,6.0,154.0,110.0,SWT-6.0-154,2017-10
1202,Dudgeon,Siemens,53.2588,1.3819,United Kingdom,6.0,154.0,110.0,SWT-6.0-154,2017-10
1203,Dudgeon,Siemens,53.269,1.3594,United Kingdom,6.0,154.0,110.0,SWT-6.0-154,2017-10
1204,Dudgeon,Siemens,53.2738,1.3479,United Kingdom,6.0,154.0,110.0,SWT-6.0-154,2017-10
1205,Dudgeon,Siemens,53.2794,1.3362,United Kingdom,6.0,154.0,110.0,SWT-6.0-154,2017-10
1206,Dudgeon,Siemens,53.264,1.37,United Kingdom,6.0,154.0,110.0,SWT-6.0-154,2017-10
1207,Dudgeon,Siemens,53.2834,1.3206,United Kingdom,6.0,154.0,110.0,SWT-6.0-154,2017-10
1208,Dudgeon,Siemens,53.2687,1.3197,United Kingdom,6.0,154.0,110.0,SWT-6.0-154,2017-10
1209,Dudgeon,Siemens,53.2623,1.3187,United Kingdom,6.0,154.0,110.0,SWT-6.0-154,2017-10
1210,Dudgeon,Siemens,53.2677,1.335,United Kingdom,6.0,154.0,110.0,SWT-6.0-154,2017-10
1211,Dudgeon,Siemens,53.2574,1.329,United Kingdom,6.0,154.0,110.0,SWT-6.0-154,2017-10
1212,Dudgeon,Siemens,53.2906,1.3225,United Kingdom,6.0,154.0,110.0,SWT-6.0-154,2017-10
1213,Dudgeon,Siemens,53.262,1.346,United Kingdom,6.0,154.0,110.0,SWT-6.0-154,2017-10
1214,Dudgeon,Siemens,53.2378,1.426,United Kingdom,6.0,154.0,110.0,SWT-6.0-154,2017-10
1215,Dudgeon,Siemens,53.2415,1.3905,United Kingdom,6.0,154.0,110.0,SWT-6.0-154,2017-10
1216,Dudgeon,Siemens,53.2348,1.3776,United Kingdom,6.0,154.0,110.0,SWT-6.0-154,2017-10
1217,Dudgeon,Siemens,53.2394,1.3687,United Kingdom,6.0,154.0,110.0,SWT-6.0-154,2017-10
1218,Dudgeon,Siemens,53.2964,1.3796,United Kingdom,6.0,154.0,110.0,SWT-6.0-154,2017-10
1219,Dudgeon,Siemens,53.3008,1.3707,United Kingdom,6.0,154.0,110.0,SWT-6.0-154,2017-10
1220,Dudgeon,Siemens,53.2665,1.419,United Kingdom,6.0,154.0,110.0,SWT-6.0-154,2017-10
1221,Dudgeon,Siemens,53.2523,1.4432,United Kingdom,6.0,154.0,110.0,SWT-6.0-154,2017-10
1222,Dudgeon,Siemens,53.2816,1.3857,United Kingdom,6.0,154.0,110.0,SWT-6.0-154,2017-10
1223,Dudgeon,Siemens,53.3027,1.34,United Kingdom,6.0,154.0,110.0,SWT-6.0-154,2017-10
1224,Dudgeon,Siemens,53.2805,1.3611,United Kingdom,6.0,154.0,110.0,SWT-6.0-154,2017-10
1225,Dudgeon,Siemens,53.2854,1.3494,United Kingdom,6.0,154.0,110.0,SWT-6.0-154,2017-10
1226,Dudgeon,Siemens,53.2977,1.3223,United Kingdom,6.0,154.0,110.0,SWT-6.0-154,2017-10
1227,Dudgeon,Siemens,53.2868,1.374,United Kingdom,6.0,154.0,110.0,SWT-6.0-154,2017-10
1228,Dudgeon,Siemens,53.3088,1.3335,United Kingdom,6.0,154.0,110.0,SWT-6.0-154,2017-10
1229,Dudgeon,Siemens,53.3051,1.3227,United Kingdom,6.0,154.0,110.0,SWT-6.0-154,2017-10
1230,Dudgeon,Siemens,53.2974,1.351,United Kingdom,6.0,154.0,110.0,SWT-6.0-154,2017-10
1231,Dudgeon,Siemens,53.2465,1.3796,United Kingdom,6.0,154.0,110.0,SWT-6.0-154,2017-10
1232,Dudgeon,Siemens,53.2924,1.3625,United Kingdom,6.0,154.0,110.0,SWT-6.0-154,2017-10
1233,Dudgeon,Siemens,53.2923,1.3894,United Kingdom,6.0,154.0,110.0,SWT-6.0-154,2017-10
1234,Dudgeon,Siemens,53.288,1.3985,United Kingdom,6.0,154.0,110.0,SWT-6.0-154,2017-10
1235,Dudgeon,Siemens,53.2911,1.3384,United Kingdom,6.0,154.0,110.0,SWT-6.0-154,2017-10
1236,Dudgeon,Siemens,53.2797,1.4171,United Kingdom,6.0,154.0,110.0,SWT-6.0-154,2017-10
1237,Dudgeon,Siemens,53.2838,1.4076,United Kingdom,6.0,154.0,110.0,SWT-6.0-154,2017-10
1238,Dudgeon,Siemens,53.2437,1.3589,United Kingdom,6.0,154.0,110.0,SWT-6.0-154,2017-10
1239,Dudgeon,Siemens,53.2519,1.3681,United Kingdom,6.0,154.0,110.0,SWT-6.0-154,2017-10
1240,Dudgeon,Siemens,53.257,1.3572,United Kingdom,6.0,154.0,110.0,SWT-6.0-154,2017-10
1241,Dudgeon,Siemens,53.2495,1.4294,United Kingdom,6.0,154.0,110.0,SWT-6.0-154,2017-10
1242,Dudgeon,Siemens,53.2701,1.3832,United Kingdom,6.0,154.0,110.0,SWT-6.0-154,2017-10
1243,Dudgeon,Siemens,53.2715,1.4078,United Kingdom,6.0,154.0,110.0,SWT-6.0-154,2017-10
1244,Dudgeon,Siemens,53.2611,1.4299,United Kingdom,6.0,154.0,110.0,SWT-6.0-154,2017-10
1245,Dudgeon,Siemens,53.2767,1.3963,United Kingdom,6.0,154.0,110.0,SWT-6.0-154,2017-10
1246,Dudgeon,Siemens,53.2668,1.4445,United Kingdom,6.0,154.0,110.0,SWT-6.0-154,2017-10
1247,Dudgeon,Siemens,53.314,1.3431,United Kingdom,6.0,154.0,110.0,SWT-6.0-154,2017-10
1248,Dudgeon,Siemens,53.3095,1.3522,United Kingdom,6.0,154.0,110.0,SWT-6.0-154,2017-10
1249,Dudgeon,Siemens,53.2751,1.3723,United Kingdom,6.0,154.0,110.0,SWT-6.0-154,2017-10
1250,Dudgeon,Siemens,53.3054,1.3613,United Kingdom,6.0,154.0,110.0,SWT-6.0-154,2017-10
1251,Dudgeon,Siemens,53.2712,1.4351,United Kingdom,6.0,154.0,110.0,SWT-6.0-154,2017-10
1252,Dudgeon,Siemens,53.2595,1.4437,United Kingdom,6.0,154.0,110.0,SWT-6.0-154,2017-10
1253,Dudgeon,Siemens,53.2755,1.4262,United Kingdom,6.0,154.0,110.0,SWT-6.0-154,2017-10
1254,East Anglia One,Siemens Gamesa,52.1687,2.5172,United Kingdom,7.0,154.0,90.0,SWT-7.0-154,2020-07
1255,East Anglia One,Siemens Gamesa,52.1592,2.4898,United Kingdom,7.0,154.0,90.0,SWT-7.0-154,2020-07
1256,East Anglia One,Siemens Gamesa,52.2322,2.4831,United Kingdom,7.0,154.0,90.0,SWT-7.0-154,2020-07
1257,East Anglia One,Siemens Gamesa,52.15,2.5279,United Kingdom,7.0,154.0,90.0,SWT-7.0-154,2020-07
1258,East Anglia One,Siemens Gamesa,52.1622,2.5207,United Kingdom,7.0,154.0,90.0,SWT-7.0-154,2020-07
1259,East Anglia One,Siemens Gamesa,52.1717,2.547,United Kingdom,7.0,154.0,90.0,SWT-7.0-154,2020-07
1260,East Anglia One,Siemens Gamesa,52.1558,2.5241,United Kingdom,7.0,154.0,90.0,SWT-7.0-154,2020-07
1261,East Anglia One,Siemens Gamesa,52.1649,2.4868,United Kingdom,7.0,154.0,90.0,SWT-7.0-154,2020-07
1262,East Anglia One,Siemens Gamesa,52.1652,2.5494,United Kingdom,7.0,154.0,90.0,SWT-7.0-154,2020-07
1263,East Anglia One,Siemens Gamesa,52.1776,2.48,United Kingdom,7.0,154.0,90.0,SWT-7.0-154,2020-07
1264,East Anglia One,Siemens Gamesa,52.2229,2.5196,United Kingdom,7.0,154.0,90.0,SWT-7.0-154,2020-07
1265,East Anglia One,Siemens Gamesa,52.1906,2.4734,United Kingdom,7.0,154.0,90.0,SWT-7.0-154,2020-07
1266,East Anglia One,Siemens Gamesa,52.1964,2.471,United Kingdom,7.0,154.0,90.0,SWT-7.0-154,2020-07
1267,East Anglia One,Siemens Gamesa,52.2132,2.4285,United Kingdom,7.0,154.0,90.0,SWT-7.0-154,2020-07
1268,East Anglia One,Siemens Gamesa,52.2071,2.4337,United Kingdom,7.0,154.0,90.0,SWT-7.0-154,2020-07
1269,East Anglia One,Siemens Gamesa,52.1783,2.5442,United Kingdom,7.0,154.0,90.0,SWT-7.0-154,2020-07
1270,East Anglia One,Siemens Gamesa,52.2649,2.5287,United Kingdom,7.0,154.0,90.0,SWT-7.0-154,2020-07
1271,East Anglia One,Siemens Gamesa,52.3165,2.5649,United Kingdom,7.0,154.0,90.0,SWT-7.0-154,2020-07
1272,East Anglia One,Siemens Gamesa,52.229,2.5164,United Kingdom,7.0,154.0,90.0,SWT-7.0-154,2020-07
1273,East Anglia One,Siemens Gamesa,52.1751,2.5138,United Kingdom,7.0,154.0,90.0,SWT-7.0-154,2020-07
1274,East Anglia One,Siemens Gamesa,52.1837,2.4768,United Kingdom,7.0,154.0,90.0,SWT-7.0-154,2020-07
1275,East Anglia One,Siemens Gamesa,52.2007,2.4999,United Kingdom,7.0,154.0,90.0,SWT-7.0-154,2020-07
1276,East Anglia One,Siemens Gamesa,52.162,2.4577,United Kingdom,7.0,154.0,90.0,SWT-7.0-154,2020-07
1277,East Anglia One,Siemens Gamesa,52.3254,2.5278,United Kingdom,7.0,154.0,90.0,SWT-7.0-154,2020-07
1278,East Anglia One,Siemens Gamesa,52.2289,2.4529,United Kingdom,7.0,154.0,90.0,SWT-7.0-154,2020-07
1279,East Anglia One,Siemens Gamesa,52.1811,2.447,United Kingdom,7.0,154.0,90.0,SWT-7.0-154,2020-07
1280,East Anglia One,Siemens Gamesa,52.2416,2.4459,United Kingdom,7.0,154.0,90.0,SWT-7.0-154,2020-07
1281,East Anglia One,Siemens Gamesa,52.155,2.4616,United Kingdom,7.0,154.0,90.0,SWT-7.0-154,2020-07
1282,East Anglia One,Siemens Gamesa,52.2355,2.5125,United Kingdom,7.0,154.0,90.0,SWT-7.0-154,2020-07
1283,East Anglia One,Siemens Gamesa,52.1679,2.4528,United Kingdom,7.0,154.0,90.0,SWT-7.0-154,2020-07
1284,East Anglia One,Siemens Gamesa,52.1874,2.4428,United Kingdom,7.0,154.0,90.0,SWT-7.0-154,2020-07
1285,East Anglia One,Siemens Gamesa,52.1935,2.44,United Kingdom,7.0,154.0,90.0,SWT-7.0-154,2020-07
1286,East Anglia One,Siemens Gamesa,52.2001,2.4363,United Kingdom,7.0,154.0,90.0,SWT-7.0-154,2020-07
1287,East Anglia One,Siemens Gamesa,52.2162,2.4595,United Kingdom,7.0,154.0,90.0,SWT-7.0-154,2020-07
1288,East Anglia One,Siemens Gamesa,52.223,2.4565,United Kingdom,7.0,154.0,90.0,SWT-7.0-154,2020-07
1289,East Anglia One,Siemens Gamesa,52.2968,2.5116,United Kingdom,7.0,154.0,90.0,SWT-7.0-154,2020-07
1290,East Anglia One,Siemens Gamesa,52.2099,2.4642,United Kingdom,7.0,154.0,90.0,SWT-7.0-154,2020-07
1291,East Anglia One,Siemens Gamesa,52.2029,2.4666,United Kingdom,7.0,154.0,90.0,SWT-7.0-154,2020-07
1292,East Anglia One,Siemens Gamesa,52.2516,2.4725,United Kingdom,7.0,154.0,90.0,SWT-7.0-154,2020-07
1293,East Anglia One,Siemens Gamesa,52.1722,2.4842,United Kingdom,7.0,154.0,90.0,SWT-7.0-154,2020-07
1294,East Anglia One,Siemens Gamesa,52.1879,2.5068,United Kingdom,7.0,154.0,90.0,SWT-7.0-154,2020-07
1295,East Anglia One,Siemens Gamesa,52.1941,2.5032,United Kingdom,7.0,154.0,90.0,SWT-7.0-154,2020-07
1296,East Anglia One,Siemens Gamesa,52.1747,2.4507,United Kingdom,7.0,154.0,90.0,SWT-7.0-154,2020-07
1297,East Anglia One,Siemens Gamesa,52.1522,2.4933,United Kingdom,7.0,154.0,90.0,SWT-7.0-154,2020-07
1298,East Anglia One,Siemens Gamesa,52.2842,2.5184,United Kingdom,7.0,154.0,90.0,SWT-7.0-154,2020-07
1299,East Anglia One,Siemens Gamesa,52.2142,2.4933,United Kingdom,7.0,154.0,90.0,SWT-7.0-154,2020-07
1300,East Anglia One,Siemens Gamesa,52.3228,2.5615,United Kingdom,7.0,154.0,90.0,SWT-7.0-154,2020-07
1301,East Anglia One,Siemens Gamesa,52.2073,2.4964,United Kingdom,7.0,154.0,90.0,SWT-7.0-154,2020-07
1302,East Anglia One,Siemens Gamesa,52.3226,2.4979,United Kingdom,7.0,154.0,90.0,SWT-7.0-154,2020-07
1303,East Anglia One,Siemens Gamesa,52.2647,2.4652,United Kingdom,7.0,154.0,90.0,SWT-7.0-154,2020-07
1304,East Anglia One,Siemens Gamesa,52.2711,2.462,United Kingdom,7.0,154.0,90.0,SWT-7.0-154,2020-07
1305,East Anglia One,Siemens Gamesa,52.2835,2.455,United Kingdom,7.0,154.0,90.0,SWT-7.0-154,2020-07
1306,East Anglia One,Siemens Gamesa,52.3061,2.4747,United Kingdom,7.0,154.0,90.0,SWT-7.0-154,2020-07
1307,East Anglia One,Siemens Gamesa,52.1981,2.5335,United Kingdom,7.0,154.0,90.0,SWT-7.0-154,2020-07
1308,East Anglia One,Siemens Gamesa,52.2038,2.53,United Kingdom,7.0,154.0,90.0,SWT-7.0-154,2020-07
1309,East Anglia One,Siemens Gamesa,52.2355,2.5129,United Kingdom,7.0,154.0,90.0,SWT-7.0-154,2020-07
1310,East Anglia One,Siemens Gamesa,52.2166,2.5228,United Kingdom,7.0,154.0,90.0,SWT-7.0-154,2020-07
1311,East Anglia One,Siemens Gamesa,52.2996,2.4784,United Kingdom,7.0,154.0,90.0,SWT-7.0-154,2020-07
1312,East Anglia One,Siemens Gamesa,52.2932,2.4815,United Kingdom,7.0,154.0,90.0,SWT-7.0-154,2020-07
1313,East Anglia One,Siemens Gamesa,52.1908,2.5367,United Kingdom,7.0,154.0,90.0,SWT-7.0-154,2020-07
1314,East Anglia One,Siemens Gamesa,52.2582,2.4684,United Kingdom,7.0,154.0,90.0,SWT-7.0-154,2020-07
1315,East Anglia One,Siemens Gamesa,52.2741,2.4923,United Kingdom,7.0,154.0,90.0,SWT-7.0-154,2020-07
1316,East Anglia One,Siemens Gamesa,52.2931,2.5454,United Kingdom,7.0,154.0,90.0,SWT-7.0-154,2020-07
1317,East Anglia One,Siemens Gamesa,52.2582,2.5317,United Kingdom,7.0,154.0,90.0,SWT-7.0-154,2020-07
1318,East Anglia One,Siemens Gamesa,52.252,2.5357,United Kingdom,7.0,154.0,90.0,SWT-7.0-154,2020-07
1319,East Anglia One,Siemens Gamesa,52.2455,2.5391,United Kingdom,7.0,154.0,90.0,SWT-7.0-154,2020-07
1320,East Anglia One,Siemens Gamesa,52.2612,2.4992,United Kingdom,7.0,154.0,90.0,SWT-7.0-154,2020-07
1321,East Anglia One,Siemens Gamesa,52.2548,2.5026,United Kingdom,7.0,154.0,90.0,SWT-7.0-154,2020-07
1322,East Anglia One,Siemens Gamesa,52.2136,2.5564,United Kingdom,7.0,154.0,90.0,SWT-7.0-154,2020-07
1323,East Anglia One,Siemens Gamesa,52.2201,2.5531,United Kingdom,7.0,154.0,90.0,SWT-7.0-154,2020-07
1324,East Anglia One,Siemens Gamesa,52.2265,2.5496,United Kingdom,7.0,154.0,90.0,SWT-7.0-154,2020-07
1325,East Anglia One,Siemens Gamesa,52.1844,2.5407,United Kingdom,7.0,154.0,90.0,SWT-7.0-154,2020-07
1326,East Anglia One,Siemens Gamesa,52.3291,2.5581,United Kingdom,7.0,154.0,90.0,SWT-7.0-154,2020-07
1327,East Anglia One,Siemens Gamesa,52.239,2.5426,United Kingdom,7.0,154.0,90.0,SWT-7.0-154,2020-07
1328,East Anglia One,Siemens Gamesa,52.2741,2.5572,United Kingdom,7.0,154.0,90.0,SWT-7.0-154,2020-07
1329,East Anglia One,Siemens Gamesa,52.2807,2.5522,United Kingdom,7.0,154.0,90.0,SWT-7.0-154,2020-07
1330,East Anglia One,Siemens Gamesa,52.2671,2.559,United Kingdom,7.0,154.0,90.0,SWT-7.0-154,2020-07
1331,East Anglia One,Siemens Gamesa,52.3161,2.5013,United Kingdom,7.0,154.0,90.0,SWT-7.0-154,2020-07
1332,East Anglia One,Siemens Gamesa,52.2805,2.4887,United Kingdom,7.0,154.0,90.0,SWT-7.0-154,2020-07
1333,East Anglia One,Siemens Gamesa,52.3096,2.5046,United Kingdom,7.0,154.0,90.0,SWT-7.0-154,2020-07
1334,East Anglia One,Siemens Gamesa,52.3032,2.5084,United Kingdom,7.0,154.0,90.0,SWT-7.0-154,2020-07
1335,East Anglia One,Siemens Gamesa,52.2904,2.515,United Kingdom,7.0,154.0,90.0,SWT-7.0-154,2020-07
1336,East Anglia One,Siemens Gamesa,52.2777,2.522,United Kingdom,7.0,154.0,90.0,SWT-7.0-154,2020-07
1337,East Anglia One,Siemens Gamesa,52.2871,2.5488,United Kingdom,7.0,154.0,90.0,SWT-7.0-154,2020-07
1338,East Anglia One,Siemens Gamesa,52.2614,2.5625,United Kingdom,7.0,154.0,90.0,SWT-7.0-154,2020-07
1339,East Anglia One,Siemens Gamesa,52.306,2.5381,United Kingdom,7.0,154.0,90.0,SWT-7.0-154,2020-07
1340,East Anglia One,Siemens Gamesa,52.3127,2.535,United Kingdom,7.0,154.0,90.0,SWT-7.0-154,2020-07
1341,East Anglia One,Siemens Gamesa,52.3187,2.5304,United Kingdom,7.0,154.0,90.0,SWT-7.0-154,2020-07
1342,East Anglia One,Siemens Gamesa,52.2869,2.4861,United Kingdom,7.0,154.0,90.0,SWT-7.0-154,2020-07
1343,East Anglia One,Siemens Gamesa,52.2713,2.5256,United Kingdom,7.0,154.0,90.0,SWT-7.0-154,2020-07
1344,East Anglia One,Siemens Gamesa,52.2775,2.4586,United Kingdom,7.0,154.0,90.0,SWT-7.0-154,2020-07
1345,East Anglia One,Siemens Gamesa,52.2677,2.4956,United Kingdom,7.0,154.0,90.0,SWT-7.0-154,2020-07
1346,East Anglia One,Siemens Gamesa,52.2261,2.4862,United Kingdom,7.0,154.0,90.0,SWT-7.0-154,2020-07
1347,East Anglia One,Siemens Gamesa,52.2391,2.4794,United Kingdom,7.0,154.0,90.0,SWT-7.0-154,2020-07
1348,East Anglia One,Siemens Gamesa,52.2456,2.4755,United Kingdom,7.0,154.0,90.0,SWT-7.0-154,2020-07
1349,East Anglia One,Siemens Gamesa,52.2354,2.4493,United Kingdom,7.0,154.0,90.0,SWT-7.0-154,2020-07
1350,East Anglia One,Siemens Gamesa,52.1814,2.5108,United Kingdom,7.0,154.0,90.0,SWT-7.0-154,2020-07
1351,East Anglia One,Siemens Gamesa,52.2331,2.5461,United Kingdom,7.0,154.0,90.0,SWT-7.0-154,2020-07
1352,East Anglia One,Siemens Gamesa,52.2198,2.4897,United Kingdom,7.0,154.0,90.0,SWT-7.0-154,2020-07
1353,East Anglia One,Siemens Gamesa,52.3091,2.5683,United Kingdom,7.0,154.0,90.0,SWT-7.0-154,2020-07
1354,East Anglia One,Siemens Gamesa,52.2997,2.5416,United Kingdom,7.0,154.0,90.0,SWT-7.0-154,2020-07
1355,East Anglia One,Siemens Gamesa,52.2421,2.5095,United Kingdom,7.0,154.0,90.0,SWT-7.0-154,2020-07
1356,EnBW Hohe See,Siemens Gamesa,54.4522,6.2718,Germany,7.0,154.0,105.0,SWT-7.0-154,2019-11
1357,EnBW Hohe See,Siemens Gamesa,54.4325,6.3707,Germany,7.0,154.0,105.0,SWT-7.0-154,2019-11
1358,EnBW Hohe See,Siemens Gamesa,54.4105,6.3365,Germany,7.0,154.0,105.0,SWT-7.0-154,2019-11
1359,EnBW Hohe See,Siemens Gamesa,54.4567,6.3174,Germany,7.0,154.0,105.0,SWT-7.0-154,2019-11
1360,EnBW Hohe See,Siemens Gamesa,54.3948,6.3606,Germany,7.0,154.0,105.0,SWT-7.0-154,2019-11
1361,EnBW Hohe See,Siemens Gamesa,54.4066,6.3425,Germany,7.0,154.0,105.0,SWT-7.0-154,2019-11
1362,EnBW Hohe See,Siemens Gamesa,54.4573,6.3004,Germany,7.0,154.0,105.0,SWT-7.0-154,2019-11
1363,EnBW Hohe See,Siemens Gamesa,54.4027,6.3486,Germany,7.0,154.0,105.0,SWT-7.0-154,2019-11
1364,EnBW Hohe See,Siemens Gamesa,54.3987,6.3546,Germany,7.0,154.0,105.0,SWT-7.0-154,2019-11
1365,EnBW Hohe See,Siemens Gamesa,54.4053,6.3596,Germany,7.0,154.0,105.0,SWT-7.0-154,2019-11
1366,EnBW Hohe See,Siemens Gamesa,54.4133,6.3652,Germany,7.0,154.0,105.0,SWT-7.0-154,2019-11
1367,EnBW Hohe See,Siemens Gamesa,54.4257,6.3692,Germany,7.0,154.0,105.0,SWT-7.0-154,2019-11
1368,EnBW Hohe See,Siemens Gamesa,54.456,6.2658,Germany,7.0,154.0,105.0,SWT-7.0-154,2019-11
1369,EnBW Hohe See,Siemens Gamesa,54.4289,6.3806,Germany,7.0,154.0,105.0,SWT-7.0-154,2019-11
1370,EnBW Hohe See,Siemens Gamesa,54.4599,6.2599,Germany,7.0,154.0,105.0,SWT-7.0-154,2019-11
1371,EnBW Hohe See,Siemens Gamesa,54.4655,6.3283,Germany,7.0,154.0,105.0,SWT-7.0-154,2019-11
1372,EnBW Hohe See,Siemens Gamesa,54.4549,6.2868,Germany,7.0,154.0,105.0,SWT-7.0-154,2019-11
1373,EnBW Hohe See,Siemens Gamesa,54.461,6.2936,Germany,7.0,154.0,105.0,SWT-7.0-154,2019-11
1374,EnBW Hohe See,Siemens Gamesa,54.4679,6.2862,Germany,7.0,154.0,105.0,SWT-7.0-154,2019-11
1375,EnBW Hohe See,Siemens Gamesa,54.4708,6.2787,Germany,7.0,154.0,105.0,SWT-7.0-154,2019-11
1376,EnBW Hohe See,Siemens Gamesa,54.4762,6.2881,Germany,7.0,154.0,105.0,SWT-7.0-154,2019-11
1377,EnBW Hohe See,Siemens Gamesa,54.4817,6.2974,Germany,7.0,154.0,105.0,SWT-7.0-154,2019-11
1378,EnBW Hohe See,Siemens Gamesa,54.4483,6.278,Germany,7.0,154.0,105.0,SWT-7.0-154,2019-11
1379,EnBW Hohe See,Siemens Gamesa,54.4678,6.343,Germany,7.0,154.0,105.0,SWT-7.0-154,2019-11
1380,EnBW Hohe See,Siemens Gamesa,54.4857,6.3138,Germany,7.0,154.0,105.0,SWT-7.0-154,2019-11
1381,EnBW Hohe See,Siemens Gamesa,54.4731,6.3159,Germany,7.0,154.0,105.0,SWT-7.0-154,2019-11
1382,EnBW Hohe See,Siemens Gamesa,54.4352,6.3826,Germany,7.0,154.0,105.0,SWT-7.0-154,2019-11
1383,EnBW Hohe See,Siemens Gamesa,54.4415,6.3846,Germany,7.0,154.0,105.0,SWT-7.0-154,2019-11
1384,EnBW Hohe See,Siemens Gamesa,54.4454,6.3784,Germany,7.0,154.0,105.0,SWT-7.0-154,2019-11
1385,EnBW Hohe See,Siemens Gamesa,54.4406,6.2899,Germany,7.0,154.0,105.0,SWT-7.0-154,2019-11
1386,EnBW Hohe See,Siemens Gamesa,54.462,6.2749,Germany,7.0,154.0,105.0,SWT-7.0-154,2019-11
1387,EnBW Hohe See,Siemens Gamesa,54.4445,6.2839,Germany,7.0,154.0,105.0,SWT-7.0-154,2019-11
1388,EnBW Hohe See,Siemens Gamesa,54.4643,6.3488,Germany,7.0,154.0,105.0,SWT-7.0-154,2019-11
1389,EnBW Hohe See,Siemens Gamesa,54.4177,6.3428,Germany,7.0,154.0,105.0,SWT-7.0-154,2019-11
1390,EnBW Hohe See,Siemens Gamesa,54.4178,6.36,Germany,7.0,154.0,105.0,SWT-7.0-154,2019-11
1391,EnBW Hohe See,Siemens Gamesa,54.4505,6.2908,Germany,7.0,154.0,105.0,SWT-7.0-154,2019-11
1392,EnBW Hohe See,Siemens Gamesa,54.4431,6.3005,Germany,7.0,154.0,105.0,SWT-7.0-154,2019-11
1393,EnBW Hohe See,Siemens Gamesa,54.4469,6.3181,Germany,7.0,154.0,105.0,SWT-7.0-154,2019-11
1394,EnBW Hohe See,Siemens Gamesa,54.4519,6.3292,Germany,7.0,154.0,105.0,SWT-7.0-154,2019-11
1395,EnBW Hohe See,Siemens Gamesa,54.4576,6.3381,Germany,7.0,154.0,105.0,SWT-7.0-154,2019-11
1396,EnBW Hohe See,Siemens Gamesa,54.4145,6.3304,Germany,7.0,154.0,105.0,SWT-7.0-154,2019-11
1397,EnBW Hohe See,Siemens Gamesa,54.4096,6.355,Germany,7.0,154.0,105.0,SWT-7.0-154,2019-11
1398,EnBW Hohe See,Siemens Gamesa,54.475,6.3314,Germany,7.0,154.0,105.0,SWT-7.0-154,2019-11
1399,EnBW Hohe See,Siemens Gamesa,54.4184,6.3244,Germany,7.0,154.0,105.0,SWT-7.0-154,2019-11
1400,EnBW Hohe See,Siemens Gamesa,54.4162,6.3766,Germany,7.0,154.0,105.0,SWT-7.0-154,2019-11
1401,EnBW Hohe See,Siemens Gamesa,54.4099,6.3746,Germany,7.0,154.0,105.0,SWT-7.0-154,2019-11
1402,EnBW Hohe See,Siemens Gamesa,54.4036,6.3726,Germany,7.0,154.0,105.0,SWT-7.0-154,2019-11
1403,EnBW Hohe See,Siemens Gamesa,54.4248,6.329,Germany,7.0,154.0,105.0,SWT-7.0-154,2019-11
1404,EnBW Hohe See,Siemens Gamesa,54.3973,6.3707,Germany,7.0,154.0,105.0,SWT-7.0-154,2019-11
1405,EnBW Hohe See,Siemens Gamesa,54.3896,6.3683,Germany,7.0,154.0,105.0,SWT-7.0-154,2019-11
1406,EnBW Hohe See,Siemens Gamesa,54.444,6.3554,Germany,7.0,154.0,105.0,SWT-7.0-154,2019-11
1407,EnBW Hohe See,Siemens Gamesa,54.4653,6.2693,Germany,7.0,154.0,105.0,SWT-7.0-154,2019-11
1408,EnBW Hohe See,Siemens Gamesa,54.4328,6.3019,Germany,7.0,154.0,105.0,SWT-7.0-154,2019-11
1409,EnBW Hohe See,Siemens Gamesa,54.4425,6.3678,Germany,7.0,154.0,105.0,SWT-7.0-154,2019-11
1410,EnBW Hohe See,Siemens Gamesa,54.4714,6.3372,Germany,7.0,154.0,105.0,SWT-7.0-154,2019-11
1411,EnBW Hohe See,Siemens Gamesa,54.4226,6.3786,Germany,7.0,154.0,105.0,SWT-7.0-154,2019-11
1412,EnBW Hohe See,Siemens Gamesa,54.424,6.3561,Germany,7.0,154.0,105.0,SWT-7.0-154,2019-11
1413,EnBW Hohe See,Siemens Gamesa,54.4295,6.3506,Germany,7.0,154.0,105.0,SWT-7.0-154,2019-11
1414,EnBW Hohe See,Siemens Gamesa,54.4532,6.366,Germany,7.0,154.0,105.0,SWT-7.0-154,2019-11
1415,EnBW Hohe See,Siemens Gamesa,54.4367,6.2959,Germany,7.0,154.0,105.0,SWT-7.0-154,2019-11
1416,EnBW Hohe See,Siemens Gamesa,54.457,6.3604,Germany,7.0,154.0,105.0,SWT-7.0-154,2019-11
1417,EnBW Hohe See,Siemens Gamesa,54.4505,6.3498,Germany,7.0,154.0,105.0,SWT-7.0-154,2019-11
1418,EnBW Hohe See,Siemens Gamesa,54.4362,6.3649,Germany,7.0,154.0,105.0,SWT-7.0-154,2019-11
1419,EnBW Hohe See,Siemens Gamesa,54.4394,6.3324,Germany,7.0,154.0,105.0,SWT-7.0-154,2019-11
1420,EnBW Hohe See,Siemens Gamesa,54.4342,6.325,Germany,7.0,154.0,105.0,SWT-7.0-154,2019-11
1421,EnBW Hohe See,Siemens Gamesa,54.4284,6.3187,Germany,7.0,154.0,105.0,SWT-7.0-154,2019-11
1422,EnBW Hohe See,Siemens Gamesa,54.4224,6.3182,Germany,7.0,154.0,105.0,SWT-7.0-154,2019-11
1423,EnBW Hohe See,Siemens Gamesa,54.432,6.34,Germany,7.0,154.0,105.0,SWT-7.0-154,2019-11
1424,EnBW Hohe See,Siemens Gamesa,54.4374,6.3477,Germany,7.0,154.0,105.0,SWT-7.0-154,2019-11
1425,EnBW Hohe See,Siemens Gamesa,54.4493,6.3722,Germany,7.0,154.0,105.0,SWT-7.0-154,2019-11
1426,EnBW Hohe See,Siemens Gamesa,54.4445,6.343,Germany,7.0,154.0,105.0,SWT-7.0-154,2019-11
1427,EnBW Windpark Baltic 1,Siemens,54.6307,12.6919,Germany,2.3,93.0,67.0,SWT-2.3-93,2011-05
1428,EnBW Windpark Baltic 1,Siemens,54.6055,12.63,Germany,2.3,93.0,67.0,SWT-2.3-93,2011-05
1429,EnBW Windpark Baltic 1,Siemens,54.584,12.63,Germany,2.3,93.0,67.0,SWT-2.3-93,2011-05
1430,EnBW Windpark Baltic 1,Siemens,54.595,12.6424,Germany,2.3,93.0,67.0,SWT-2.3-93,2011-05
1431,EnBW Windpark Baltic 1,Siemens,54.5948,12.63,Germany,2.3,93.0,67.0,SWT-2.3-93,2011-05
1432,EnBW Windpark Baltic 1,Siemens,54.6001,12.63,Germany,2.3,93.0,67.0,SWT-2.3-93,2011-05
1433,EnBW Windpark Baltic 1,Siemens,54.6182,12.6671,Germany,2.3,93.0,67.0,SWT-2.3-93,2011-05
1434,EnBW Windpark Baltic 1,Siemens,54.6203,12.6548,Germany,2.3,93.0,67.0,SWT-2.3-93,2011-05
1435,EnBW Windpark Baltic 1,Siemens,54.5894,12.63,Germany,2.3,93.0,67.0,SWT-2.3-93,2011-05
1436,EnBW Windpark Baltic 1,Siemens,54.6166,12.6424,Germany,2.3,93.0,67.0,SWT-2.3-93,2011-05
1437,EnBW Windpark Baltic 1,Siemens,54.6004,12.6424,Germany,2.3,93.0,67.0,SWT-2.3-93,2011-05
1438,EnBW Windpark Baltic 1,Siemens,54.6109,12.63,Germany,2.3,93.0,67.0,SWT-2.3-93,2011-05
1439,EnBW Windpark Baltic 1,Siemens,54.6128,12.6671,Germany,2.3,93.0,67.0,SWT-2.3-93,2011-05
1440,EnBW Windpark Baltic 1,Siemens,54.6218,12.6795,Germany,2.3,93.0,67.0,SWT-2.3-93,2011-05
1441,EnBW Windpark Baltic 1,Siemens,54.6096,12.6548,Germany,2.3,93.0,67.0,SWT-2.3-93,2011-05
1442,EnBW Windpark Baltic 1,Siemens,54.6112,12.6424,Germany,2.3,93.0,67.0,SWT-2.3-93,2011-05
1443,EnBW Windpark Baltic 1,Siemens,54.6045,12.6551,Germany,2.3,93.0,67.0,SWT-2.3-93,2011-05
1444,EnBW Windpark Baltic 1,Siemens,54.6271,12.6795,Germany,2.3,93.0,67.0,SWT-2.3-93,2011-05
1445,EnBW Windpark Baltic 1,Siemens,54.6058,12.6424,Germany,2.3,93.0,67.0,SWT-2.3-93,2011-05
1446,EnBW Windpark Baltic 1,Siemens,54.6236,12.6671,Germany,2.3,93.0,67.0,SWT-2.3-93,2011-05
1447,EnBW Windpark Baltic 1,Siemens,54.6149,12.6548,Germany,2.3,93.0,67.0,SWT-2.3-93,2011-05
1448,EnBW Windpark Baltic 2,Siemens,54.9791,13.1862,Germany,3.6,120.0,78.3,SWT-3.6-120,2015-10
1449,EnBW Windpark Baltic 2,Siemens,54.9903,13.181,Germany,3.6,120.0,78.3,SWT-3.6-120,2015-10
1450,EnBW Windpark Baltic 2,Siemens,54.9908,13.1694,Germany,3.6,120.0,78.3,SWT-3.6-120,2015-10
1451,EnBW Windpark Baltic 2,Siemens,54.9854,13.172,Germany,3.6,120.0,78.3,SWT-3.6-120,2015-10
1452,EnBW Windpark Baltic 2,Siemens,54.9848,13.1837,Germany,3.6,120.0,78.3,SWT-3.6-120,2015-10
1453,EnBW Windpark Baltic 2,Siemens,54.9772,13.1983,Germany,3.6,120.0,78.3,SWT-3.6-120,2015-10
1454,EnBW Windpark Baltic 2,Siemens,54.9692,13.1794,Germany,3.6,120.0,78.3,SWT-3.6-120,2015-10
1455,EnBW Windpark Baltic 2,Siemens,54.9693,13.1345,Germany,3.6,120.0,78.3,SWT-3.6-120,2015-10
1456,EnBW Windpark Baltic 2,Siemens,54.9801,13.1745,Germany,3.6,120.0,78.3,SWT-3.6-120,2015-10
1457,EnBW Windpark Baltic 2,Siemens,55.0016,13.1758,Germany,3.6,120.0,78.3,SWT-3.6-120,2015-10
1458,EnBW Windpark Baltic 2,Siemens,54.9789,13.1189,Germany,3.6,120.0,78.3,SWT-3.6-120,2015-10
1459,EnBW Windpark Baltic 2,Siemens,54.9962,13.1671,Germany,3.6,120.0,78.3,SWT-3.6-120,2015-10
1460,EnBW Windpark Baltic 2,Siemens,54.9542,13.119,Germany,3.6,120.0,78.3,SWT-3.6-120,2015-10
1461,EnBW Windpark Baltic 2,Siemens,54.9894,13.1928,Germany,3.6,120.0,78.3,SWT-3.6-120,2015-10
1462,EnBW Windpark Baltic 2,Siemens,55.0086,13.2286,Germany,3.6,120.0,78.3,SWT-3.6-120,2015-10
1463,EnBW Windpark Baltic 2,Siemens,54.9746,13.1769,Germany,3.6,120.0,78.3,SWT-3.6-120,2015-10
1464,EnBW Windpark Baltic 2,Siemens,54.9831,13.1954,Germany,3.6,120.0,78.3,SWT-3.6-120,2015-10
1465,EnBW Windpark Baltic 2,Siemens,55.0083,13.2175,Germany,3.6,120.0,78.3,SWT-3.6-120,2015-10
1466,EnBW Windpark Baltic 2,Siemens,54.988,13.2047,Germany,3.6,120.0,78.3,SWT-3.6-120,2015-10
1467,EnBW Windpark Baltic 2,Siemens,55.0011,13.1984,Germany,3.6,120.0,78.3,SWT-3.6-120,2015-10
1468,EnBW Windpark Baltic 2,Siemens,55.0033,13.2197,Germany,3.6,120.0,78.3,SWT-3.6-120,2015-10
1469,EnBW Windpark Baltic 2,Siemens,54.9983,13.2223,Germany,3.6,120.0,78.3,SWT-3.6-120,2015-10
1470,EnBW Windpark Baltic 2,Siemens,54.9959,13.1783,Germany,3.6,120.0,78.3,SWT-3.6-120,2015-10
1471,EnBW Windpark Baltic 2,Siemens,54.9968,13.212,Germany,3.6,120.0,78.3,SWT-3.6-120,2015-10
1472,EnBW Windpark Baltic 2,Siemens,54.9944,13.2018,Germany,3.6,120.0,78.3,SWT-3.6-120,2015-10
1473,EnBW Windpark Baltic 2,Siemens,55.0015,13.1869,Germany,3.6,120.0,78.3,SWT-3.6-120,2015-10
1474,EnBW Windpark Baltic 2,Siemens,54.9954,13.1899,Germany,3.6,120.0,78.3,SWT-3.6-120,2015-10
1475,EnBW Windpark Baltic 2,Siemens,55.0024,13.2093,Germany,3.6,120.0,78.3,SWT-3.6-120,2015-10
1476,EnBW Windpark Baltic 2,Siemens,55.0078,13.1953,Germany,3.6,120.0,78.3,SWT-3.6-120,2015-10
1477,EnBW Windpark Baltic 2,Siemens,55.008,13.2064,Germany,3.6,120.0,78.3,SWT-3.6-120,2015-10
1478,EnBW Windpark Baltic 2,Siemens,55.0022,13.2318,Germany,3.6,120.0,78.3,SWT-3.6-120,2015-10
1479,EnBW Windpark Baltic 2,Siemens,54.991,13.2145,Germany,3.6,120.0,78.3,SWT-3.6-120,2015-10
1480,EnBW Windpark Baltic 2,Siemens,54.9935,13.2246,Germany,3.6,120.0,78.3,SWT-3.6-120,2015-10
1481,EnBW Windpark Baltic 2,Siemens,54.9667,13.147,Germany,3.6,120.0,78.3,SWT-3.6-120,2015-10
1482,EnBW Windpark Baltic 2,Siemens,54.9812,13.2077,Germany,3.6,120.0,78.3,SWT-3.6-120,2015-10
1483,EnBW Windpark Baltic 2,Siemens,54.9852,13.2171,Germany,3.6,120.0,78.3,SWT-3.6-120,2015-10
1484,EnBW Windpark Baltic 2,Siemens,55.0018,13.1645,Germany,3.6,120.0,78.3,SWT-3.6-120,2015-10
1485,EnBW Windpark Baltic 2,Siemens,54.9503,13.0963,Germany,3.6,120.0,78.3,SWT-3.6-120,2015-10
1486,EnBW Windpark Baltic 2,Siemens,55.0071,13.162,Germany,3.6,120.0,78.3,SWT-3.6-120,2015-10
1487,EnBW Windpark Baltic 2,Siemens,54.9883,13.1594,Germany,3.6,120.0,78.3,SWT-3.6-120,2015-10
1488,EnBW Windpark Baltic 2,Siemens,55.0075,13.1842,Germany,3.6,120.0,78.3,SWT-3.6-120,2015-10
1489,EnBW Windpark Baltic 2,Siemens,54.9858,13.1382,Germany,3.6,120.0,78.3,SWT-3.6-120,2015-10
1490,EnBW Windpark Baltic 2,Siemens,54.9745,13.1322,Germany,3.6,120.0,78.3,SWT-3.6-120,2015-10
1491,EnBW Windpark Baltic 2,Siemens,54.9602,13.1161,Germany,3.6,120.0,78.3,SWT-3.6-120,2015-10
1492,EnBW Windpark Baltic 2,Siemens,54.962,13.1268,Germany,3.6,120.0,78.3,SWT-3.6-120,2015-10
1493,EnBW Windpark Baltic 2,Siemens,54.964,13.1373,Germany,3.6,120.0,78.3,SWT-3.6-120,2015-10
1494,EnBW Windpark Baltic 2,Siemens,55.0053,13.1518,Germany,3.6,120.0,78.3,SWT-3.6-120,2015-10
1495,EnBW Windpark Baltic 2,Siemens,54.9826,13.1622,Germany,3.6,120.0,78.3,SWT-3.6-120,2015-10
1496,EnBW Windpark Baltic 2,Siemens,54.9731,13.1215,Germany,3.6,120.0,78.3,SWT-3.6-120,2015-10
1497,EnBW Windpark Baltic 2,Siemens,54.9582,13.1045,Germany,3.6,120.0,78.3,SWT-3.6-120,2015-10
1498,EnBW Windpark Baltic 2,Siemens,54.9675,13.1239,Germany,3.6,120.0,78.3,SWT-3.6-120,2015-10
1499,EnBW Windpark Baltic 2,Siemens,54.9728,13.1555,Germany,3.6,120.0,78.3,SWT-3.6-120,2015-10
1500,EnBW Windpark Baltic 2,Siemens,54.9768,13.1651,Germany,3.6,120.0,78.3,SWT-3.6-120,2015-10
1501,EnBW Windpark Baltic 2,Siemens,54.9731,13.1441,Germany,3.6,120.0,78.3,SWT-3.6-120,2015-10
1502,EnBW Windpark Baltic 2,Siemens,54.9655,13.1703,Germany,3.6,120.0,78.3,SWT-3.6-120,2015-10
1503,EnBW Windpark Baltic 2,Siemens,54.9661,13.1132,Germany,3.6,120.0,78.3,SWT-3.6-120,2015-10
1504,EnBW Windpark Baltic 2,Siemens,54.9801,13.1297,Germany,3.6,120.0,78.3,SWT-3.6-120,2015-10
1505,EnBW Windpark Baltic 2,Siemens,54.9711,13.1678,Germany,3.6,120.0,78.3,SWT-3.6-120,2015-10
1506,EnBW Windpark Baltic 2,Siemens,54.9996,13.1544,Germany,3.6,120.0,78.3,SWT-3.6-120,2015-10
1507,EnBW Windpark Baltic 2,Siemens,54.9937,13.1459,Germany,3.6,120.0,78.3,SWT-3.6-120,2015-10
1508,EnBW Windpark Baltic 2,Siemens,54.9496,13.0839,Germany,3.6,120.0,78.3,SWT-3.6-120,2015-10
1509,EnBW Windpark Baltic 2,Siemens,54.9832,13.1506,Germany,3.6,120.0,78.3,SWT-3.6-120,2015-10
1510,EnBW Windpark Baltic 2,Siemens,54.9793,13.1411,Germany,3.6,120.0,78.3,SWT-3.6-120,2015-10
1511,EnBW Windpark Baltic 2,Siemens,54.9734,13.189,Germany,3.6,120.0,78.3,SWT-3.6-120,2015-10
1512,EnBW Windpark Baltic 2,Siemens,54.9625,13.1604,Germany,3.6,120.0,78.3,SWT-3.6-120,2015-10
1513,EnBW Windpark Baltic 2,Siemens,54.9604,13.1502,Germany,3.6,120.0,78.3,SWT-3.6-120,2015-10
1514,EnBW Windpark Baltic 2,Siemens,54.9586,13.1398,Germany,3.6,120.0,78.3,SWT-3.6-120,2015-10
1515,EnBW Windpark Baltic 2,Siemens,54.9562,13.1291,Germany,3.6,120.0,78.3,SWT-3.6-120,2015-10
1516,EnBW Windpark Baltic 2,Siemens,54.9989,13.1438,Germany,3.6,120.0,78.3,SWT-3.6-120,2015-10
1517,EnBW Windpark Baltic 2,Siemens,55.0073,13.1731,Germany,3.6,120.0,78.3,SWT-3.6-120,2015-10
1518,EnBW Windpark Baltic 2,Siemens,54.9574,13.0929,Germany,3.6,120.0,78.3,SWT-3.6-120,2015-10
1519,EnBW Windpark Baltic 2,Siemens,54.9646,13.1016,Germany,3.6,120.0,78.3,SWT-3.6-120,2015-10
1520,EnBW Windpark Baltic 2,Siemens,54.972,13.1108,Germany,3.6,120.0,78.3,SWT-3.6-120,2015-10
1521,EnBW Windpark Baltic 2,Siemens,54.978,13.153,Germany,3.6,120.0,78.3,SWT-3.6-120,2015-10
1522,EnBW Windpark Baltic 2,Siemens,54.9884,13.1483,Germany,3.6,120.0,78.3,SWT-3.6-120,2015-10
1523,EnBW Windpark Baltic 2,Siemens,54.9855,13.1272,Germany,3.6,120.0,78.3,SWT-3.6-120,2015-10
1524,EnBW Windpark Baltic 2,Siemens,54.9922,13.1351,Germany,3.6,120.0,78.3,SWT-3.6-120,2015-10
1525,EnBW Windpark Baltic 2,Siemens,54.9939,13.1572,Germany,3.6,120.0,78.3,SWT-3.6-120,2015-10
1526,EnBW Windpark Baltic 2,Siemens,54.952,13.1078,Germany,3.6,120.0,78.3,SWT-3.6-120,2015-10
1527,EnBW Windpark Baltic 2,Siemens,54.9676,13.1582,Germany,3.6,120.0,78.3,SWT-3.6-120,2015-10
1528,Frederikshavn Offshore,Vestas,57.4476,10.5556,Denmark,3.0,90.0,70.0,V90-3.0 MW Offshore,2003-06
1529,Frederikshavn Offshore,Vestas,57.4438,10.5621,Denmark,3.0,90.0,70.0,V90-3.0 MW Offshore,2003-06
1530,Frederikshavn Offshore,Bonus,57.4457,10.5589,Denmark,2.3,82.0,70.0,B82/2300,2003-06
1531,Frederikshavn Offshore,Nordex,57.442,10.5654,Denmark,2.3,90.0,70.0,N90/2300,2003-06
1532,Fécamp,Siemens Gamesa,49.8834,0.2131,France,7.0,154.0,100.0,SWT-7.0-154,2024-05
1533,Fécamp,Siemens Gamesa,49.8552,0.2574,France,7.0,154.0,100.0,SWT-7.0-154,2024-05
1534,Fécamp,Siemens Gamesa,49.8528,0.2428,France,7.0,154.0,100.0,SWT-7.0-154,2024-05
1535,Fécamp,Siemens Gamesa,49.8502,0.2282,France,7.0,154.0,100.0,SWT-7.0-154,2024-05
1536,Fécamp,Siemens Gamesa,49.8477,0.2135,France,7.0,154.0,100.0,SWT-7.0-154,2024-05
1537,Fécamp,Siemens Gamesa,49.8452,0.1987,France,7.0,154.0,100.0,SWT-7.0-154,2024-05
1538,Fécamp,Siemens Gamesa,49.9578,0.2827,France,7.0,154.0,100.0,SWT-7.0-154,2024-05
1539,Fécamp,Siemens Gamesa,49.8647,0.2609,France,7.0,154.0,100.0,SWT-7.0-154,2024-05
1540,Fécamp,Siemens Gamesa,49.8621,0.2465,France,7.0,154.0,100.0,SWT-7.0-154,2024-05
1541,Fécamp,Siemens Gamesa,49.8597,0.2317,France,7.0,154.0,100.0,SWT-7.0-154,2024-05
1542,Fécamp,Siemens Gamesa,49.8572,0.2172,France,7.0,154.0,100.0,SWT-7.0-154,2024-05
1543,Fécamp,Siemens Gamesa,49.8546,0.2022,France,7.0,154.0,100.0,SWT-7.0-154,2024-05
1544,Fécamp,Siemens Gamesa,49.8522,0.1875,France,7.0,154.0,100.0,SWT-7.0-154,2024-05
1545,Fécamp,Siemens Gamesa,49.8496,0.173,France,7.0,154.0,100.0,SWT-7.0-154,2024-05
1546,Fécamp,Siemens Gamesa,49.8427,0.184,France,7.0,154.0,100.0,SWT-7.0-154,2024-05
1547,Fécamp,Siemens Gamesa,49.8618,0.1912,France,7.0,154.0,100.0,SWT-7.0-154,2024-05
1548,Fécamp,Siemens Gamesa,49.8592,0.1766,France,7.0,154.0,100.0,SWT-7.0-154,2024-05
1549,Fécamp,Siemens Gamesa,49.8714,0.1948,France,7.0,154.0,100.0,SWT-7.0-154,2024-05
1550,Fécamp,Siemens Gamesa,49.8738,0.2097,France,7.0,154.0,100.0,SWT-7.0-154,2024-05
1551,Fécamp,Siemens Gamesa,49.8764,0.2243,France,7.0,154.0,100.0,SWT-7.0-154,2024-05
1552,Fécamp,Siemens Gamesa,49.8789,0.2389,France,7.0,154.0,100.0,SWT-7.0-154,2024-05
1553,Fécamp,Siemens Gamesa,49.8688,0.1802,France,7.0,154.0,100.0,SWT-7.0-154,2024-05
1554,Fécamp,Siemens Gamesa,49.8839,0.2683,France,7.0,154.0,100.0,SWT-7.0-154,2024-05
1555,Fécamp,Siemens Gamesa,49.8743,0.2647,France,7.0,154.0,100.0,SWT-7.0-154,2024-05
1556,Fécamp,Siemens Gamesa,49.8719,0.2501,France,7.0,154.0,100.0,SWT-7.0-154,2024-05
1557,Fécamp,Siemens Gamesa,49.8694,0.2353,France,7.0,154.0,100.0,SWT-7.0-154,2024-05
1558,Fécamp,Siemens Gamesa,49.8643,0.206,France,7.0,154.0,100.0,SWT-7.0-154,2024-05
1559,Fécamp,Siemens Gamesa,49.8668,0.2207,France,7.0,154.0,100.0,SWT-7.0-154,2024-05
1560,Fécamp,Siemens Gamesa,49.8813,0.2536,France,7.0,154.0,100.0,SWT-7.0-154,2024-05
1561,Fécamp,Siemens Gamesa,49.9387,0.2754,France,7.0,154.0,100.0,SWT-7.0-154,2024-05
1562,Fécamp,Siemens Gamesa,49.8783,0.1838,France,7.0,154.0,100.0,SWT-7.0-154,2024-05
1563,Fécamp,Siemens Gamesa,49.8809,0.1984,France,7.0,154.0,100.0,SWT-7.0-154,2024-05
1564,Fécamp,Siemens Gamesa,49.91,0.2644,France,7.0,154.0,100.0,SWT-7.0-154,2024-05
1565,Fécamp,Siemens Gamesa,49.886,0.2285,France,7.0,154.0,100.0,SWT-7.0-154,2024-05
1566,Fécamp,Siemens Gamesa,49.9221,0.2829,France,7.0,154.0,100.0,SWT-7.0-154,2024-05
1567,Fécamp,Siemens Gamesa,49.891,0.2573,France,7.0,154.0,100.0,SWT-7.0-154,2024-05
1568,Fécamp,Siemens Gamesa,49.8934,0.2719,France,7.0,154.0,100.0,SWT-7.0-154,2024-05
1569,Fécamp,Siemens Gamesa,49.903,0.2756,France,7.0,154.0,100.0,SWT-7.0-154,2024-05
1570,Fécamp,Siemens Gamesa,49.8981,0.2468,France,7.0,154.0,100.0,SWT-7.0-154,2024-05
1571,Fécamp,Siemens Gamesa,49.8937,0.2184,France,7.0,154.0,100.0,SWT-7.0-154,2024-05
1572,Fécamp,Siemens Gamesa,49.8905,0.2021,France,7.0,154.0,100.0,SWT-7.0-154,2024-05
1573,Fécamp,Siemens Gamesa,49.9005,0.2609,France,7.0,154.0,100.0,SWT-7.0-154,2024-05
1574,Fécamp,Siemens Gamesa,49.8879,0.1874,France,7.0,154.0,100.0,SWT-7.0-154,2024-05
1575,Fécamp,Siemens Gamesa,49.9412,0.2901,France,7.0,154.0,100.0,SWT-7.0-154,2024-05
1576,Fécamp,Siemens Gamesa,49.9025,0.2205,France,7.0,154.0,100.0,SWT-7.0-154,2024-05
1577,Fécamp,Siemens Gamesa,49.9125,0.2793,France,7.0,154.0,100.0,SWT-7.0-154,2024-05
1578,Fécamp,Siemens Gamesa,49.9051,0.2351,France,7.0,154.0,100.0,SWT-7.0-154,2024-05
1579,Fécamp,Siemens Gamesa,49.9195,0.2682,France,7.0,154.0,100.0,SWT-7.0-154,2024-05
1580,Fécamp,Siemens Gamesa,49.912,0.224,France,7.0,154.0,100.0,SWT-7.0-154,2024-05
1581,Fécamp,Siemens Gamesa,49.9146,0.2388,France,7.0,154.0,100.0,SWT-7.0-154,2024-05
1582,Fécamp,Siemens Gamesa,49.8975,0.191,France,7.0,154.0,100.0,SWT-7.0-154,2024-05
1583,Fécamp,Siemens Gamesa,49.9312,0.2313,France,7.0,154.0,100.0,SWT-7.0-154,2024-05
1584,Fécamp,Siemens Gamesa,49.9001,0.2057,France,7.0,154.0,100.0,SWT-7.0-154,2024-05
1585,Fécamp,Siemens Gamesa,49.8884,0.2426,France,7.0,154.0,100.0,SWT-7.0-154,2024-05
1586,Fécamp,Siemens Gamesa,49.9069,0.1943,France,7.0,154.0,100.0,SWT-7.0-154,2024-05
1587,Fécamp,Siemens Gamesa,49.9433,0.2497,France,7.0,154.0,100.0,SWT-7.0-154,2024-05
1588,Fécamp,Siemens Gamesa,49.9191,0.2131,France,7.0,154.0,100.0,SWT-7.0-154,2024-05
1589,Fécamp,Siemens Gamesa,49.9242,0.2424,France,7.0,154.0,100.0,SWT-7.0-154,2024-05
1590,Fécamp,Siemens Gamesa,49.9267,0.257,France,7.0,154.0,100.0,SWT-7.0-154,2024-05
1591,Fécamp,Siemens Gamesa,49.9292,0.2717,France,7.0,154.0,100.0,SWT-7.0-154,2024-05
1592,Fécamp,Siemens Gamesa,49.9317,0.2865,France,7.0,154.0,100.0,SWT-7.0-154,2024-05
1593,Fécamp,Siemens Gamesa,49.9407,0.235,France,7.0,154.0,100.0,SWT-7.0-154,2024-05
1594,Fécamp,Siemens Gamesa,49.9217,0.2277,France,7.0,154.0,100.0,SWT-7.0-154,2024-05
1595,Fécamp,Siemens Gamesa,49.9095,0.2094,France,7.0,154.0,100.0,SWT-7.0-154,2024-05
1596,Fécamp,Siemens Gamesa,49.9483,0.279,France,7.0,154.0,100.0,SWT-7.0-154,2024-05
1597,Fécamp,Siemens Gamesa,49.9508,0.2937,France,7.0,154.0,100.0,SWT-7.0-154,2024-05
1598,Fécamp,Siemens Gamesa,49.9553,0.2679,France,7.0,154.0,100.0,SWT-7.0-154,2024-05
1599,Fécamp,Siemens Gamesa,49.9287,0.2166,France,7.0,154.0,100.0,SWT-7.0-154,2024-05
1600,Fécamp,Siemens Gamesa,49.9337,0.246,France,7.0,154.0,100.0,SWT-7.0-154,2024-05
1601,Fécamp,Siemens Gamesa,49.9457,0.2643,France,7.0,154.0,100.0,SWT-7.0-154,2024-05
1602,Fécamp,Siemens Gamesa,49.9361,0.2607,France,7.0,154.0,100.0,SWT-7.0-154,2024-05
1603,Galloper,Siemens,51.8015,2.0142,United Kingdom,6.0,154.0,103.5,SWT-6.0-154,2018-04
1604,Galloper,Siemens,51.8004,2.0316,United Kingdom,6.0,154.0,103.5,SWT-6.0-154,2018-04
1605,Galloper,Siemens,51.7932,2.0306,United Kingdom,6.0,154.0,103.5,SWT-6.0-154,2018-04
1606,Galloper,Siemens,51.7942,2.0134,United Kingdom,6.0,154.0,103.5,SWT-6.0-154,2018-04
1607,Galloper,Siemens,51.7645,2.0269,United Kingdom,6.0,154.0,103.5,SWT-6.0-154,2018-04
1608,Galloper,Siemens,51.7504,2.024,United Kingdom,6.0,154.0,103.5,SWT-6.0-154,2018-04
1609,Galloper,Siemens,51.7577,2.0254,United Kingdom,6.0,154.0,103.5,SWT-6.0-154,2018-04
1610,Galloper,Siemens,51.7498,2.0411,United Kingdom,6.0,154.0,103.5,SWT-6.0-154,2018-04
1611,Galloper,Siemens,51.739,1.9878,United Kingdom,6.0,154.0,103.5,SWT-6.0-154,2018-04
1612,Galloper,Siemens,51.7861,2.0296,United Kingdom,6.0,154.0,103.5,SWT-6.0-154,2018-04
1613,Galloper,Siemens,51.8076,2.0328,United Kingdom,6.0,154.0,103.5,SWT-6.0-154,2018-04
1614,Galloper,Siemens,51.8083,2.0155,United Kingdom,6.0,154.0,103.5,SWT-6.0-154,2018-04
1615,Galloper,Siemens,51.8207,2.052,United Kingdom,6.0,154.0,103.5,SWT-6.0-154,2018-04
1616,Galloper,Siemens,51.8975,2.0107,United Kingdom,6.0,154.0,103.5,SWT-6.0-154,2018-04
1617,Galloper,Siemens,51.9074,2.0048,United Kingdom,6.0,154.0,103.5,SWT-6.0-154,2018-04
1618,Galloper,Siemens,51.916,2.0221,United Kingdom,6.0,154.0,103.5,SWT-6.0-154,2018-04
1619,Galloper,Siemens,51.917,2.0066,United Kingdom,6.0,154.0,103.5,SWT-6.0-154,2018-04
1620,Galloper,Siemens,51.9266,2.0082,United Kingdom,6.0,154.0,103.5,SWT-6.0-154,2018-04
1621,Galloper,Siemens,51.9256,2.024,United Kingdom,6.0,154.0,103.5,SWT-6.0-154,2018-04
1622,Galloper,Siemens,51.9128,2.069,United Kingdom,6.0,154.0,103.5,SWT-6.0-154,2018-04
1623,Galloper,Siemens,51.9353,2.0256,United Kingdom,6.0,154.0,103.5,SWT-6.0-154,2018-04
1624,Galloper,Siemens,51.7435,2.0232,United Kingdom,6.0,154.0,103.5,SWT-6.0-154,2018-04
1625,Galloper,Siemens,51.8145,2.0338,United Kingdom,6.0,154.0,103.5,SWT-6.0-154,2018-04
1626,Galloper,Siemens,51.7444,2.0061,United Kingdom,6.0,154.0,103.5,SWT-6.0-154,2018-04
1627,Galloper,Siemens,51.8136,2.051,United Kingdom,6.0,154.0,103.5,SWT-6.0-154,2018-04
1628,Galloper,Siemens,51.7329,1.9696,United Kingdom,6.0,154.0,103.5,SWT-6.0-154,2018-04
1629,Galloper,Siemens,51.9707,2.0793,United Kingdom,6.0,154.0,103.5,SWT-6.0-154,2018-04
1630,Galloper,Siemens,51.9697,2.095,United Kingdom,6.0,154.0,103.5,SWT-6.0-154,2018-04
1631,Galloper,Siemens,51.96,2.0932,United Kingdom,6.0,154.0,103.5,SWT-6.0-154,2018-04
1632,Galloper,Siemens,51.9514,2.0759,United Kingdom,6.0,154.0,103.5,SWT-6.0-154,2018-04
1633,Galloper,Siemens,51.9418,2.0741,United Kingdom,6.0,154.0,103.5,SWT-6.0-154,2018-04
1634,Galloper,Siemens,51.9407,2.0898,United Kingdom,6.0,154.0,103.5,SWT-6.0-154,2018-04
1635,Galloper,Siemens,51.9225,2.0709,United Kingdom,6.0,154.0,103.5,SWT-6.0-154,2018-04
1636,Galloper,Siemens,51.9814,2.0654,United Kingdom,6.0,154.0,103.5,SWT-6.0-154,2018-04
1637,Galloper,Siemens,51.9321,2.0724,United Kingdom,6.0,154.0,103.5,SWT-6.0-154,2018-04
1638,Galloper,Siemens,51.9525,2.0603,United Kingdom,6.0,154.0,103.5,SWT-6.0-154,2018-04
1639,Galloper,Siemens,51.9803,2.0808,United Kingdom,6.0,154.0,103.5,SWT-6.0-154,2018-04
1640,Galloper,Siemens,51.9847,2.0186,United Kingdom,6.0,154.0,103.5,SWT-6.0-154,2018-04
1641,Galloper,Siemens,51.9872,2.098,United Kingdom,6.0,154.0,103.5,SWT-6.0-154,2018-04
1642,Galloper,Siemens,51.9902,2.082,United Kingdom,6.0,154.0,103.5,SWT-6.0-154,2018-04
1643,Galloper,Siemens,51.9332,2.057,United Kingdom,6.0,154.0,103.5,SWT-6.0-154,2018-04
1644,Galloper,Siemens,51.9932,2.0358,United Kingdom,6.0,154.0,103.5,SWT-6.0-154,2018-04
1645,Galloper,Siemens,51.9911,2.0671,United Kingdom,6.0,154.0,103.5,SWT-6.0-154,2018-04
1646,Galloper,Siemens,51.9236,2.0551,United Kingdom,6.0,154.0,103.5,SWT-6.0-154,2018-04
1647,Galloper,Siemens,51.9064,2.0204,United Kingdom,6.0,154.0,103.5,SWT-6.0-154,2018-04
1648,Galloper,Siemens,51.9215,2.0866,United Kingdom,6.0,154.0,103.5,SWT-6.0-154,2018-04
1649,Galloper,Siemens,51.9792,2.0966,United Kingdom,6.0,154.0,103.5,SWT-6.0-154,2018-04
1650,Galloper,Siemens,51.9877,1.9718,United Kingdom,6.0,154.0,103.5,SWT-6.0-154,2018-04
1651,Galloper,Siemens,51.9867,1.9873,United Kingdom,6.0,154.0,103.5,SWT-6.0-154,2018-04
1652,Galloper,Siemens,51.9311,2.0881,United Kingdom,6.0,154.0,103.5,SWT-6.0-154,2018-04
1653,Galloper,Siemens,51.9963,1.9889,United Kingdom,6.0,154.0,103.5,SWT-6.0-154,2018-04
1654,Galloper,Siemens,51.9953,2.0045,United Kingdom,6.0,154.0,103.5,SWT-6.0-154,2018-04
1655,Galloper,Siemens,51.9857,2.0029,United Kingdom,6.0,154.0,103.5,SWT-6.0-154,2018-04
1656,Galloper,Siemens,51.9946,2.0201,United Kingdom,6.0,154.0,103.5,SWT-6.0-154,2018-04
1657,Galloper,Siemens,51.9718,2.0634,United Kingdom,6.0,154.0,103.5,SWT-6.0-154,2018-04
1658,Galloper,Siemens,51.9749,2.0166,United Kingdom,6.0,154.0,103.5,SWT-6.0-154,2018-04
1659,Gemini,Siemens,54.0272,6.0544,Netherlands,4.0,130.0,88.5,SWT-4.0-130,2017-04
1660,Gemini,Siemens,54.0284,6.0138,Netherlands,4.0,130.0,88.5,SWT-4.0-130,2017-04
1661,Gemini,Siemens,54.0725,6.0283,Netherlands,4.0,130.0,88.5,SWT-4.0-130,2017-04
1662,Gemini,Siemens,54.0045,6.0806,Netherlands,4.0,130.0,88.5,SWT-4.0-130,2017-04
1663,Gemini,Siemens,54.0108,6.077,Netherlands,4.0,130.0,88.5,SWT-4.0-130,2017-04
1664,Gemini,Siemens,54.0668,6.0316,Netherlands,4.0,130.0,88.5,SWT-4.0-130,2017-04
1665,Gemini,Siemens,54.0256,5.8531,Netherlands,4.0,130.0,88.5,SWT-4.0-130,2017-04
1666,Gemini,Siemens,54.0519,5.8366,Netherlands,4.0,130.0,88.5,SWT-4.0-130,2017-04
1667,Gemini,Siemens,54.0407,5.8923,Netherlands,4.0,130.0,88.5,SWT-4.0-130,2017-04
1668,Gemini,Siemens,54.0151,5.8939,Netherlands,4.0,130.0,88.5,SWT-4.0-130,2017-04
1669,Gemini,Siemens,54.0102,5.8985,Netherlands,4.0,130.0,88.5,SWT-4.0-130,2017-04
1670,Gemini,Siemens,54.0053,5.9031,Netherlands,4.0,130.0,88.5,SWT-4.0-130,2017-04
1671,Gemini,Siemens,54.0571,5.8308,Netherlands,4.0,130.0,88.5,SWT-4.0-130,2017-04
1672,Gemini,Siemens,54.0612,6.0348,Netherlands,4.0,130.0,88.5,SWT-4.0-130,2017-04
1673,Gemini,Siemens,54.0103,5.9115,Netherlands,4.0,130.0,88.5,SWT-4.0-130,2017-04
1674,Gemini,Siemens,54.0555,6.0381,Netherlands,4.0,130.0,88.5,SWT-4.0-130,2017-04
1675,Gemini,Siemens,54.0411,6.033,Netherlands,4.0,130.0,88.5,SWT-4.0-130,2017-04
1676,Gemini,Siemens,54.0442,6.0446,Netherlands,4.0,130.0,88.5,SWT-4.0-130,2017-04
1677,Gemini,Siemens,54.035,6.0365,Netherlands,4.0,130.0,88.5,SWT-4.0-130,2017-04
1678,Gemini,Siemens,54.0467,5.8424,Netherlands,4.0,130.0,88.5,SWT-4.0-130,2017-04
1679,Gemini,Siemens,54.0472,6.0295,Netherlands,4.0,130.0,88.5,SWT-4.0-130,2017-04
1680,Gemini,Siemens,54.0533,6.026,Netherlands,4.0,130.0,88.5,SWT-4.0-130,2017-04
1681,Gemini,Siemens,54.0654,6.019,Netherlands,4.0,130.0,88.5,SWT-4.0-130,2017-04
1682,Gemini,Siemens,54.0715,6.0155,Netherlands,4.0,130.0,88.5,SWT-4.0-130,2017-04
1683,Gemini,Siemens,54.0498,6.0414,Netherlands,4.0,130.0,88.5,SWT-4.0-130,2017-04
1684,Gemini,Siemens,54.0046,6.0674,Netherlands,4.0,130.0,88.5,SWT-4.0-130,2017-04
1685,Gemini,Siemens,54.0225,6.0172,Netherlands,4.0,130.0,88.5,SWT-4.0-130,2017-04
1686,Gemini,Siemens,54.0508,5.8845,Netherlands,4.0,130.0,88.5,SWT-4.0-130,2017-04
1687,Gemini,Siemens,54.0166,6.0206,Netherlands,4.0,130.0,88.5,SWT-4.0-130,2017-04
1688,Gemini,Siemens,54.0215,6.0576,Netherlands,4.0,130.0,88.5,SWT-4.0-130,2017-04
1689,Gemini,Siemens,54.0329,6.0511,Netherlands,4.0,130.0,88.5,SWT-4.0-130,2017-04
1690,Gemini,Siemens,54.0385,6.0479,Netherlands,4.0,130.0,88.5,SWT-4.0-130,2017-04
1691,Gemini,Siemens,54.0102,6.0641,Netherlands,4.0,130.0,88.5,SWT-4.0-130,2017-04
1692,Gemini,Siemens,54.0105,5.8718,Netherlands,4.0,130.0,88.5,SWT-4.0-130,2017-04
1693,Gemini,Siemens,54.0296,5.88,Netherlands,4.0,130.0,88.5,SWT-4.0-130,2017-04
1694,Gemini,Siemens,54.0199,5.8892,Netherlands,4.0,130.0,88.5,SWT-4.0-130,2017-04
1695,Gemini,Siemens,54.0205,5.8593,Netherlands,4.0,130.0,88.5,SWT-4.0-130,2017-04
1696,Gemini,Siemens,54.0547,5.8656,Netherlands,4.0,130.0,88.5,SWT-4.0-130,2017-04
1697,Gemini,Siemens,54.0497,5.87,Netherlands,4.0,130.0,88.5,SWT-4.0-130,2017-04
1698,Gemini,Siemens,54.0303,5.8951,Netherlands,4.0,130.0,88.5,SWT-4.0-130,2017-04
1699,Gemini,Siemens,54.0399,5.8787,Netherlands,4.0,130.0,88.5,SWT-4.0-130,2017-04
1700,Gemini,Siemens,54.0155,5.8656,Netherlands,4.0,130.0,88.5,SWT-4.0-130,2017-04
1701,Gemini,Siemens,54.0596,5.8613,Netherlands,4.0,130.0,88.5,SWT-4.0-130,2017-04
1702,Gemini,Siemens,54.0448,5.8744,Netherlands,4.0,130.0,88.5,SWT-4.0-130,2017-04
1703,Gemini,Siemens,54.0439,5.8605,Netherlands,4.0,130.0,88.5,SWT-4.0-130,2017-04
1704,Gemini,Siemens,54.0356,5.8962,Netherlands,4.0,130.0,88.5,SWT-4.0-130,2017-04
1705,Gemini,Siemens,54.0535,5.8508,Netherlands,4.0,130.0,88.5,SWT-4.0-130,2017-04
1706,Gemini,Siemens,54.0583,5.846,Netherlands,4.0,130.0,88.5,SWT-4.0-130,2017-04
1707,Gemini,Siemens,54.0349,5.8831,Netherlands,4.0,130.0,88.5,SWT-4.0-130,2017-04
1708,Gemini,Siemens,54.0487,5.8557,Netherlands,4.0,130.0,88.5,SWT-4.0-130,2017-04
1709,Gemini,Siemens,54.0391,5.8653,Netherlands,4.0,130.0,88.5,SWT-4.0-130,2017-04
1710,Gemini,Siemens,54.0053,5.9156,Netherlands,4.0,130.0,88.5,SWT-4.0-130,2017-04
1711,Gemini,Siemens,54.0153,5.9074,Netherlands,4.0,130.0,88.5,SWT-4.0-130,2017-04
1712,Gemini,Siemens,54.0203,5.9033,Netherlands,4.0,130.0,88.5,SWT-4.0-130,2017-04
1713,Gemini,Siemens,54.0364,5.8539,Netherlands,4.0,130.0,88.5,SWT-4.0-130,2017-04
1714,Gemini,Siemens,54.0262,5.8679,Netherlands,4.0,130.0,88.5,SWT-4.0-130,2017-04
1715,Gemini,Siemens,54.0158,5.8792,Netherlands,4.0,130.0,88.5,SWT-4.0-130,2017-04
1716,Gemini,Siemens,54.0106,5.8849,Netherlands,4.0,130.0,88.5,SWT-4.0-130,2017-04
1717,Gemini,Siemens,54.0054,5.8906,Netherlands,4.0,130.0,88.5,SWT-4.0-130,2017-04
1718,Gemini,Siemens,54.0558,5.8156,Netherlands,4.0,130.0,88.5,SWT-4.0-130,2017-04
1719,Gemini,Siemens,54.0508,5.8218,Netherlands,4.0,130.0,88.5,SWT-4.0-130,2017-04
1720,Gemini,Siemens,54.0054,5.878,Netherlands,4.0,130.0,88.5,SWT-4.0-130,2017-04
1721,Gemini,Siemens,54.0457,5.8884,Netherlands,4.0,130.0,88.5,SWT-4.0-130,2017-04
1722,Gemini,Siemens,54.0313,5.8609,Netherlands,4.0,130.0,88.5,SWT-4.0-130,2017-04
1723,Gemini,Siemens,54.0248,5.8846,Netherlands,4.0,130.0,88.5,SWT-4.0-130,2017-04
1724,Gemini,Siemens,54.021,5.8736,Netherlands,4.0,130.0,88.5,SWT-4.0-130,2017-04
1725,Gemini,Siemens,54.0343,5.8701,Netherlands,4.0,130.0,88.5,SWT-4.0-130,2017-04
1726,Gemini,Siemens,54.017,6.0735,Netherlands,4.0,130.0,88.5,SWT-4.0-130,2017-04
1727,Gemini,Siemens,54.0253,5.8992,Netherlands,4.0,130.0,88.5,SWT-4.0-130,2017-04
1728,Gemini,Siemens,54.0416,5.8481,Netherlands,4.0,130.0,88.5,SWT-4.0-130,2017-04
1729,Gemini,Siemens,54.0233,6.0699,Netherlands,4.0,130.0,88.5,SWT-4.0-130,2017-04
1730,Gemini,Siemens,54.0594,6.0225,Netherlands,4.0,130.0,88.5,SWT-4.0-130,2017-04
1731,Gemini,Siemens,54.0358,6.0627,Netherlands,4.0,130.0,88.5,SWT-4.0-130,2017-04
1732,Gemini,Siemens,54.0107,6.0505,Netherlands,4.0,130.0,88.5,SWT-4.0-130,2017-04
1733,Gemini,Siemens,54.0295,6.0663,Netherlands,4.0,130.0,88.5,SWT-4.0-130,2017-04
1734,Gemini,Siemens,54.0267,6.0281,Netherlands,4.0,130.0,88.5,SWT-4.0-130,2017-04
1735,Gemini,Siemens,54.0581,5.9101,Netherlands,4.0,130.0,88.5,SWT-4.0-130,2017-04
1736,Gemini,Siemens,54.0564,5.8957,Netherlands,4.0,130.0,88.5,SWT-4.0-130,2017-04
1737,Gemini,Siemens,54.0475,5.9162,Netherlands,4.0,130.0,88.5,SWT-4.0-130,2017-04
1738,Gemini,Siemens,54.0558,5.8805,Netherlands,4.0,130.0,88.5,SWT-4.0-130,2017-04
1739,Gemini,Siemens,54.0046,6.054,Netherlands,4.0,130.0,88.5,SWT-4.0-130,2017-04
1740,Gemini,Siemens,54.0609,5.8766,Netherlands,4.0,130.0,88.5,SWT-4.0-130,2017-04
1741,Gemini,Siemens,54.0109,5.9242,Netherlands,4.0,130.0,88.5,SWT-4.0-130,2017-04
1742,Gemini,Siemens,54.0166,5.9203,Netherlands,4.0,130.0,88.5,SWT-4.0-130,2017-04
1743,Gemini,Siemens,54.0222,5.9163,Netherlands,4.0,130.0,88.5,SWT-4.0-130,2017-04
1744,Gemini,Siemens,54.0279,5.9124,Netherlands,4.0,130.0,88.5,SWT-4.0-130,2017-04
1745,Gemini,Siemens,54.0336,5.9097,Netherlands,4.0,130.0,88.5,SWT-4.0-130,2017-04
1746,Gemini,Siemens,54.0394,5.9072,Netherlands,4.0,130.0,88.5,SWT-4.0-130,2017-04
1747,Gemini,Siemens,54.0306,5.8468,Netherlands,4.0,130.0,88.5,SWT-4.0-130,2017-04
1748,Gemini,Siemens,54.0052,5.9281,Netherlands,4.0,130.0,88.5,SWT-4.0-130,2017-04
1749,Gemini,Siemens,54.0451,5.9034,Netherlands,4.0,130.0,88.5,SWT-4.0-130,2017-04
1750,Gemini,Siemens,54.0706,6.0027,Netherlands,4.0,130.0,88.5,SWT-4.0-130,2017-04
1751,Gemini,Siemens,54.0596,6.009,Netherlands,4.0,130.0,88.5,SWT-4.0-130,2017-04
1752,Gemini,Siemens,54.0102,6.0376,Netherlands,4.0,130.0,88.5,SWT-4.0-130,2017-04
1753,Gemini,Siemens,54.0047,6.0407,Netherlands,4.0,130.0,88.5,SWT-4.0-130,2017-04
1754,Gemini,Siemens,54.0696,5.9899,Netherlands,4.0,130.0,88.5,SWT-4.0-130,2017-04
1755,Gemini,Siemens,54.0457,5.8281,Netherlands,4.0,130.0,88.5,SWT-4.0-130,2017-04
1756,Gemini,Siemens,54.0579,5.9968,Netherlands,4.0,130.0,88.5,SWT-4.0-130,2017-04
1757,Gemini,Siemens,54.0048,6.0274,Netherlands,4.0,130.0,88.5,SWT-4.0-130,2017-04
1758,Gemini,Siemens,54.0157,6.0344,Netherlands,4.0,130.0,88.5,SWT-4.0-130,2017-04
1759,Gemini,Siemens,54.0651,6.0059,Netherlands,4.0,130.0,88.5,SWT-4.0-130,2017-04
1760,Gemini,Siemens,54.0407,5.8343,Netherlands,4.0,130.0,88.5,SWT-4.0-130,2017-04
1761,Gemini,Siemens,54.0212,6.0312,Netherlands,4.0,130.0,88.5,SWT-4.0-130,2017-04
1762,Gemini,Siemens,54.0486,6.0154,Netherlands,4.0,130.0,88.5,SWT-4.0-130,2017-04
1763,Gemini,Siemens,54.0322,6.0249,Netherlands,4.0,130.0,88.5,SWT-4.0-130,2017-04
1764,Gemini,Siemens,54.0377,6.0217,Netherlands,4.0,130.0,88.5,SWT-4.0-130,2017-04
1765,Gemini,Siemens,54.0107,6.024,Netherlands,4.0,130.0,88.5,SWT-4.0-130,2017-04
1766,Gemini,Siemens,54.0431,6.0186,Netherlands,4.0,130.0,88.5,SWT-4.0-130,2017-04
1767,Gemini,Siemens,54.0541,6.0122,Netherlands,4.0,130.0,88.5,SWT-4.0-130,2017-04
1768,Gemini,Siemens,54.0637,5.9934,Netherlands,4.0,130.0,88.5,SWT-4.0-130,2017-04
1769,Gemini,Siemens,54.0507,5.8995,Netherlands,4.0,130.0,88.5,SWT-4.0-130,2017-04
1770,Gemini,Siemens,54.0634,5.9071,Netherlands,4.0,130.0,88.5,SWT-4.0-130,2017-04
1771,Gemini,Siemens,54.0621,5.8918,Netherlands,4.0,130.0,88.5,SWT-4.0-130,2017-04
1772,Gemini,Siemens,54.0044,6.0939,Netherlands,4.0,130.0,88.5,SWT-4.0-130,2017-04
1773,Gemini,Siemens,54.0103,6.0906,Netherlands,4.0,130.0,88.5,SWT-4.0-130,2017-04
1774,Gemini,Siemens,54.0161,6.0872,Netherlands,4.0,130.0,88.5,SWT-4.0-130,2017-04
1775,Gemini,Siemens,54.0219,6.0839,Netherlands,4.0,130.0,88.5,SWT-4.0-130,2017-04
1776,Gemini,Siemens,54.0277,6.0806,Netherlands,4.0,130.0,88.5,SWT-4.0-130,2017-04
1777,Gemini,Siemens,54.0335,6.0772,Netherlands,4.0,130.0,88.5,SWT-4.0-130,2017-04
1778,Gemini,Siemens,54.0394,6.0739,Netherlands,4.0,130.0,88.5,SWT-4.0-130,2017-04
1779,Gemini,Siemens,54.0734,6.0411,Netherlands,4.0,130.0,88.5,SWT-4.0-130,2017-04
1780,Gemini,Siemens,54.0402,6.007,Netherlands,4.0,130.0,88.5,SWT-4.0-130,2017-04
1781,Gemini,Siemens,54.0511,6.0672,Netherlands,4.0,130.0,88.5,SWT-4.0-130,2017-04
1782,Gemini,Siemens,54.0569,6.0639,Netherlands,4.0,130.0,88.5,SWT-4.0-130,2017-04
1783,Gemini,Siemens,54.0627,6.0606,Netherlands,4.0,130.0,88.5,SWT-4.0-130,2017-04
1784,Gemini,Siemens,54.0685,6.0572,Netherlands,4.0,130.0,88.5,SWT-4.0-130,2017-04
1785,Gemini,Siemens,54.0743,6.0539,Netherlands,4.0,130.0,88.5,SWT-4.0-130,2017-04
1786,Gemini,Siemens,54.0168,6.047,Netherlands,4.0,130.0,88.5,SWT-4.0-130,2017-04
1787,Gemini,Siemens,54.052,6.0002,Netherlands,4.0,130.0,88.5,SWT-4.0-130,2017-04
1788,Gemini,Siemens,54.0452,6.0706,Netherlands,4.0,130.0,88.5,SWT-4.0-130,2017-04
1789,Gemini,Siemens,54.0671,6.0447,Netherlands,4.0,130.0,88.5,SWT-4.0-130,2017-04
1790,Gemini,Siemens,54.0461,6.0036,Netherlands,4.0,130.0,88.5,SWT-4.0-130,2017-04
1791,Gemini,Siemens,54.0343,6.0104,Netherlands,4.0,130.0,88.5,SWT-4.0-130,2017-04
1792,Gemini,Siemens,54.0609,6.0483,Netherlands,4.0,130.0,88.5,SWT-4.0-130,2017-04
1793,Gemini,Siemens,54.0105,5.9376,Netherlands,4.0,130.0,88.5,SWT-4.0-130,2017-04
1794,Gemini,Siemens,54.0158,5.9346,Netherlands,4.0,130.0,88.5,SWT-4.0-130,2017-04
1795,Gemini,Siemens,54.021,5.9315,Netherlands,4.0,130.0,88.5,SWT-4.0-130,2017-04
1796,Gemini,Siemens,54.0263,5.9285,Netherlands,4.0,130.0,88.5,SWT-4.0-130,2017-04
1797,Gemini,Siemens,54.0316,5.9254,Netherlands,4.0,130.0,88.5,SWT-4.0-130,2017-04
1798,Gemini,Siemens,54.0357,5.8406,Netherlands,4.0,130.0,88.5,SWT-4.0-130,2017-04
1799,Gemini,Siemens,54.0369,5.9223,Netherlands,4.0,130.0,88.5,SWT-4.0-130,2017-04
1800,Gemini,Siemens,54.0052,5.9407,Netherlands,4.0,130.0,88.5,SWT-4.0-130,2017-04
1801,Gemini,Siemens,54.0528,5.9132,Netherlands,4.0,130.0,88.5,SWT-4.0-130,2017-04
1802,Gemini,Siemens,54.0229,6.0435,Netherlands,4.0,130.0,88.5,SWT-4.0-130,2017-04
1803,Gemini,Siemens,54.0159,6.0609,Netherlands,4.0,130.0,88.5,SWT-4.0-130,2017-04
1804,Gemini,Siemens,54.029,6.04,Netherlands,4.0,130.0,88.5,SWT-4.0-130,2017-04
1805,Gemini,Siemens,54.0421,6.0591,Netherlands,4.0,130.0,88.5,SWT-4.0-130,2017-04
1806,Gemini,Siemens,54.0484,6.0555,Netherlands,4.0,130.0,88.5,SWT-4.0-130,2017-04
1807,Gemini,Siemens,54.0422,5.9193,Netherlands,4.0,130.0,88.5,SWT-4.0-130,2017-04
1808,Gemini,Siemens,54.0546,6.0519,Netherlands,4.0,130.0,88.5,SWT-4.0-130,2017-04
1809,Global Tech I,Adwen,54.5225,6.3769,Germany,5.0,116.0,90.0,M5000-116,2015-09
1810,Global Tech I,Adwen,54.504,6.4016,Germany,5.0,116.0,90.0,M5000-116,2015-09
1811,Global Tech I,Adwen,54.504,6.3597,Germany,5.0,116.0,90.0,M5000-116,2015-09
1812,Global Tech I,Adwen,54.5226,6.3475,Germany,5.0,116.0,90.0,M5000-116,2015-09
1813,Global Tech I,Adwen,54.4919,6.3431,Germany,5.0,116.0,90.0,M5000-116,2015-09
1814,Global Tech I,Adwen,54.4858,6.3669,Germany,5.0,116.0,90.0,M5000-116,2015-09
1815,Global Tech I,Adwen,54.4859,6.381,Germany,5.0,116.0,90.0,M5000-116,2015-09
1816,Global Tech I,Adwen,54.4919,6.3837,Germany,5.0,116.0,90.0,M5000-116,2015-09
1817,Global Tech I,Adwen,54.492,6.3981,Germany,5.0,116.0,90.0,M5000-116,2015-09
1818,Global Tech I,Adwen,54.4919,6.3702,Germany,5.0,116.0,90.0,M5000-116,2015-09
1819,Global Tech I,Adwen,54.492,6.3295,Germany,5.0,116.0,90.0,M5000-116,2015-09
1820,Global Tech I,Adwen,54.5042,6.3459,Germany,5.0,116.0,90.0,M5000-116,2015-09
1821,Global Tech I,Adwen,54.4981,6.4003,Germany,5.0,116.0,90.0,M5000-116,2015-09
1822,Global Tech I,Adwen,54.5225,6.3919,Germany,5.0,116.0,90.0,M5000-116,2015-09
1823,Global Tech I,Adwen,54.498,6.3861,Germany,5.0,116.0,90.0,M5000-116,2015-09
1824,Global Tech I,Adwen,54.4859,6.3945,Germany,5.0,116.0,90.0,M5000-116,2015-09
1825,Global Tech I,Adwen,54.5224,6.4066,Germany,5.0,116.0,90.0,M5000-116,2015-09
1826,Global Tech I,Adwen,54.5104,6.3466,Germany,5.0,116.0,90.0,M5000-116,2015-09
1827,Global Tech I,Adwen,54.5164,6.3906,Germany,5.0,116.0,90.0,M5000-116,2015-09
1828,Global Tech I,Adwen,54.498,6.373,Germany,5.0,116.0,90.0,M5000-116,2015-09
1829,Global Tech I,Adwen,54.4616,6.3768,Germany,5.0,116.0,90.0,M5000-116,2015-09
1830,Global Tech I,Adwen,54.5287,6.379,Germany,5.0,116.0,90.0,M5000-116,2015-09
1831,Global Tech I,Adwen,54.504,6.3875,Germany,5.0,116.0,90.0,M5000-116,2015-09
1832,Global Tech I,Adwen,54.5163,6.318,Germany,5.0,116.0,90.0,M5000-116,2015-09
1833,Global Tech I,Adwen,54.5103,6.4036,Germany,5.0,116.0,90.0,M5000-116,2015-09
1834,Global Tech I,Adwen,54.5103,6.3892,Germany,5.0,116.0,90.0,M5000-116,2015-09
1835,Global Tech I,Adwen,54.5102,6.3752,Germany,5.0,116.0,90.0,M5000-116,2015-09
1836,Global Tech I,Adwen,54.5103,6.3608,Germany,5.0,116.0,90.0,M5000-116,2015-09
1837,Global Tech I,Adwen,54.5104,6.3323,Germany,5.0,116.0,90.0,M5000-116,2015-09
1838,Global Tech I,Adwen,54.5103,6.3182,Germany,5.0,116.0,90.0,M5000-116,2015-09
1839,Global Tech I,Adwen,54.5163,6.3328,Germany,5.0,116.0,90.0,M5000-116,2015-09
1840,Global Tech I,Adwen,54.504,6.3738,Germany,5.0,116.0,90.0,M5000-116,2015-09
1841,Global Tech I,Adwen,54.5164,6.3616,Germany,5.0,116.0,90.0,M5000-116,2015-09
1842,Global Tech I,Adwen,54.5163,6.3761,Germany,5.0,116.0,90.0,M5000-116,2015-09
1843,Global Tech I,Adwen,54.5163,6.4053,Germany,5.0,116.0,90.0,M5000-116,2015-09
1844,Global Tech I,Adwen,54.498,6.3598,Germany,5.0,116.0,90.0,M5000-116,2015-09
1845,Global Tech I,Adwen,54.4919,6.3566,Germany,5.0,116.0,90.0,M5000-116,2015-09
1846,Global Tech I,Adwen,54.4981,6.3332,Germany,5.0,116.0,90.0,M5000-116,2015-09
1847,Global Tech I,Adwen,54.5407,6.4017,Germany,5.0,116.0,90.0,M5000-116,2015-09
1848,Global Tech I,Adwen,54.4858,6.3389,Germany,5.0,116.0,90.0,M5000-116,2015-09
1849,Global Tech I,Adwen,54.5285,6.4099,Germany,5.0,116.0,90.0,M5000-116,2015-09
1850,Global Tech I,Adwen,54.5347,6.3793,Germany,5.0,116.0,90.0,M5000-116,2015-09
1851,Global Tech I,Adwen,54.5407,6.374,Germany,5.0,116.0,90.0,M5000-116,2015-09
1852,Global Tech I,Adwen,54.5287,6.3182,Germany,5.0,116.0,90.0,M5000-116,2015-09
1853,Global Tech I,Adwen,54.5287,6.3334,Germany,5.0,116.0,90.0,M5000-116,2015-09
1854,Global Tech I,Adwen,54.5287,6.364,Germany,5.0,116.0,90.0,M5000-116,2015-09
1855,Global Tech I,Adwen,54.4676,6.3921,Germany,5.0,116.0,90.0,M5000-116,2015-09
1856,Global Tech I,Adwen,54.5286,6.3946,Germany,5.0,116.0,90.0,M5000-116,2015-09
1857,Global Tech I,Adwen,54.5346,6.3947,Germany,5.0,116.0,90.0,M5000-116,2015-09
1858,Global Tech I,Adwen,54.5409,6.3459,Germany,5.0,116.0,90.0,M5000-116,2015-09
1859,Global Tech I,Adwen,54.5408,6.3319,Germany,5.0,116.0,90.0,M5000-116,2015-09
1860,Global Tech I,Adwen,54.5347,6.3178,Germany,5.0,116.0,90.0,M5000-116,2015-09
1861,Global Tech I,Adwen,54.5347,6.3334,Germany,5.0,116.0,90.0,M5000-116,2015-09
1862,Global Tech I,Adwen,54.5349,6.3486,Germany,5.0,116.0,90.0,M5000-116,2015-09
1863,Global Tech I,Adwen,54.5347,6.3642,Germany,5.0,116.0,90.0,M5000-116,2015-09
1864,Global Tech I,Adwen,54.4981,6.3464,Germany,5.0,116.0,90.0,M5000-116,2015-09
1865,Global Tech I,Adwen,54.5349,6.4104,Germany,5.0,116.0,90.0,M5000-116,2015-09
1866,Global Tech I,Adwen,54.4677,6.3794,Germany,5.0,116.0,90.0,M5000-116,2015-09
1867,Global Tech I,Adwen,54.5286,6.3488,Germany,5.0,116.0,90.0,M5000-116,2015-09
1868,Global Tech I,Adwen,54.4737,6.3872,Germany,5.0,116.0,90.0,M5000-116,2015-09
1869,Global Tech I,Adwen,54.5041,6.3319,Germany,5.0,116.0,90.0,M5000-116,2015-09
1870,Global Tech I,Adwen,54.4677,6.3669,Germany,5.0,116.0,90.0,M5000-116,2015-09
1871,Global Tech I,Adwen,54.5224,6.3622,Germany,5.0,116.0,90.0,M5000-116,2015-09
1872,Global Tech I,Adwen,54.5164,6.3471,Germany,5.0,116.0,90.0,M5000-116,2015-09
1873,Global Tech I,Adwen,54.5225,6.3329,Germany,5.0,116.0,90.0,M5000-116,2015-09
1874,Global Tech I,Adwen,54.5408,6.3599,Germany,5.0,116.0,90.0,M5000-116,2015-09
1875,Global Tech I,Adwen,54.5409,6.3879,Germany,5.0,116.0,90.0,M5000-116,2015-09
1876,Global Tech I,Adwen,54.4981,6.3199,Germany,5.0,116.0,90.0,M5000-116,2015-09
1877,Global Tech I,Adwen,54.5408,6.4158,Germany,5.0,116.0,90.0,M5000-116,2015-09
1878,Global Tech I,Adwen,54.5409,6.3182,Germany,5.0,116.0,90.0,M5000-116,2015-09
1879,Global Tech I,Adwen,54.4616,6.3901,Germany,5.0,116.0,90.0,M5000-116,2015-09
1880,Global Tech I,Adwen,54.4736,6.3577,Germany,5.0,116.0,90.0,M5000-116,2015-09
1881,Global Tech I,Adwen,54.4858,6.3528,Germany,5.0,116.0,90.0,M5000-116,2015-09
1882,Global Tech I,Adwen,54.5226,6.3182,Germany,5.0,116.0,90.0,M5000-116,2015-09
1883,Global Tech I,Adwen,54.4797,6.3486,Germany,5.0,116.0,90.0,M5000-116,2015-09
1884,Global Tech I,Adwen,54.4797,6.3631,Germany,5.0,116.0,90.0,M5000-116,2015-09
1885,Global Tech I,Adwen,54.4797,6.3771,Germany,5.0,116.0,90.0,M5000-116,2015-09
1886,Global Tech I,Adwen,54.4797,6.3915,Germany,5.0,116.0,90.0,M5000-116,2015-09
1887,Global Tech I,Adwen,54.5042,6.3183,Germany,5.0,116.0,90.0,M5000-116,2015-09
1888,Global Tech I,Adwen,54.4737,6.3723,Germany,5.0,116.0,90.0,M5000-116,2015-09
1889,Gode Wind 1 and 2,Siemens,54.0483,6.9661,Germany,6.0,154.0,110.0,SWT-6.0-154,2016-09
1890,Gode Wind 1 and 2,Siemens,54.0471,6.9506,Germany,6.0,154.0,110.0,SWT-6.0-154,2016-09
1891,Gode Wind 1 and 2,Siemens,54.0515,6.9438,Germany,6.0,154.0,110.0,SWT-6.0-154,2016-09
1892,Gode Wind 1 and 2,Siemens,54.0598,6.9577,Germany,6.0,154.0,110.0,SWT-6.0-154,2016-09
1893,Gode Wind 1 and 2,Siemens,54.0575,6.9442,Germany,6.0,154.0,110.0,SWT-6.0-154,2016-09
1894,Gode Wind 1 and 2,Siemens,54.0649,6.9428,Germany,6.0,154.0,110.0,SWT-6.0-154,2016-09
1895,Gode Wind 1 and 2,Siemens,54.0427,6.9568,Germany,6.0,154.0,110.0,SWT-6.0-154,2016-09
1896,Gode Wind 1 and 2,Siemens,54.0533,6.9546,Germany,6.0,154.0,110.0,SWT-6.0-154,2016-09
1897,Gode Wind 1 and 2,Siemens,54.043,6.9729,Germany,6.0,154.0,110.0,SWT-6.0-154,2016-09
1898,Gode Wind 1 and 2,Siemens,54.0214,6.9564,Germany,6.0,154.0,110.0,SWT-6.0-154,2016-09
1899,Gode Wind 1 and 2,Siemens,54.0426,6.991,Germany,6.0,154.0,110.0,SWT-6.0-154,2016-09
1900,Gode Wind 1 and 2,Siemens,54.0385,6.9798,Germany,6.0,154.0,110.0,SWT-6.0-154,2016-09
1901,Gode Wind 1 and 2,Siemens,54.0364,6.9687,Germany,6.0,154.0,110.0,SWT-6.0-154,2016-09
1902,Gode Wind 1 and 2,Siemens,54.0319,6.9742,Germany,6.0,154.0,110.0,SWT-6.0-154,2016-09
1903,Gode Wind 1 and 2,Siemens,54.0376,6.9426,Germany,6.0,154.0,110.0,SWT-6.0-154,2016-09
1904,Gode Wind 1 and 2,Siemens,54.0327,6.9504,Germany,6.0,154.0,110.0,SWT-6.0-154,2016-09
1905,Gode Wind 1 and 2,Siemens,54.0283,6.9428,Germany,6.0,154.0,110.0,SWT-6.0-154,2016-09
1906,Gode Wind 1 and 2,Siemens,54.0275,6.9584,Germany,6.0,154.0,110.0,SWT-6.0-154,2016-09
1907,Gode Wind 1 and 2,Siemens,54.0548,6.9675,Germany,6.0,154.0,110.0,SWT-6.0-154,2016-09
1908,Gode Wind 1 and 2,Siemens,54.0461,6.984,Germany,6.0,154.0,110.0,SWT-6.0-154,2016-09
1909,Gode Wind 1 and 2,Siemens,54.0009,7.0559,Germany,6.0,154.0,110.0,SWT-6.0-154,2016-09
1910,Gode Wind 1 and 2,Siemens,54.0218,6.9917,Germany,6.0,154.0,110.0,SWT-6.0-154,2016-09
1911,Gode Wind 1 and 2,Siemens,54.0139,6.9434,Germany,6.0,154.0,110.0,SWT-6.0-154,2016-09
1912,Gode Wind 1 and 2,Siemens,54.0159,6.9598,Germany,6.0,154.0,110.0,SWT-6.0-154,2016-09
1913,Gode Wind 1 and 2,Siemens,54.009,7.047,Germany,6.0,154.0,110.0,SWT-6.0-154,2016-09
1914,Gode Wind 1 and 2,Siemens,54.0206,7.0139,Germany,6.0,154.0,110.0,SWT-6.0-154,2016-09
1915,Gode Wind 1 and 2,Siemens,54.0197,7.0289,Germany,6.0,154.0,110.0,SWT-6.0-154,2016-09
1916,Gode Wind 1 and 2,Siemens,54.0108,7.0318,Germany,6.0,154.0,110.0,SWT-6.0-154,2016-09
1917,Gode Wind 1 and 2,Siemens,54.0115,7.0058,Germany,6.0,154.0,110.0,SWT-6.0-154,2016-09
1918,Gode Wind 1 and 2,Siemens,54.008,7.0155,Germany,6.0,154.0,110.0,SWT-6.0-154,2016-09
1919,Gode Wind 1 and 2,Siemens,54.0138,6.9782,Germany,6.0,154.0,110.0,SWT-6.0-154,2016-09
1920,Gode Wind 1 and 2,Siemens,54.0039,6.9831,Germany,6.0,154.0,110.0,SWT-6.0-154,2016-09
1921,Gode Wind 1 and 2,Siemens,54.0021,6.9968,Germany,6.0,154.0,110.0,SWT-6.0-154,2016-09
1922,Gode Wind 1 and 2,Siemens,54.0053,6.964,Germany,6.0,154.0,110.0,SWT-6.0-154,2016-09
1923,Gode Wind 1 and 2,Siemens,54.0016,6.942,Germany,6.0,154.0,110.0,SWT-6.0-154,2016-09
1924,Gode Wind 1 and 2,Siemens,53.9952,6.956,Germany,6.0,154.0,110.0,SWT-6.0-154,2016-09
1925,Gode Wind 1 and 2,Siemens,53.9957,6.9812,Germany,6.0,154.0,110.0,SWT-6.0-154,2016-09
1926,Gode Wind 1 and 2,Siemens,53.9924,6.9882,Germany,6.0,154.0,110.0,SWT-6.0-154,2016-09
1927,Gode Wind 1 and 2,Siemens,53.9977,7.0045,Germany,6.0,154.0,110.0,SWT-6.0-154,2016-09
1928,Gode Wind 1 and 2,Siemens,54.0012,7.0218,Germany,6.0,154.0,110.0,SWT-6.0-154,2016-09
1929,Gode Wind 1 and 2,Siemens,54.0042,7.0337,Germany,6.0,154.0,110.0,SWT-6.0-154,2016-09
1930,Gode Wind 1 and 2,Siemens,54.0208,6.9678,Germany,6.0,154.0,110.0,SWT-6.0-154,2016-09
1931,Gode Wind 1 and 2,Siemens,54.0206,6.9437,Germany,6.0,154.0,110.0,SWT-6.0-154,2016-09
1932,Gode Wind 1 and 2,Siemens,54.0799,6.9841,Germany,6.0,154.0,110.0,SWT-6.0-154,2016-09
1933,Gode Wind 1 and 2,Siemens,54.011,6.9516,Germany,6.0,154.0,110.0,SWT-6.0-154,2016-09
1934,Gode Wind 1 and 2,Siemens,54.0922,7.0262,Germany,6.0,154.0,110.0,SWT-6.0-154,2016-09
1935,Gode Wind 1 and 2,Siemens,53.991,7.0153,Germany,6.0,154.0,110.0,SWT-6.0-154,2016-09
1936,Gode Wind 1 and 2,Siemens,53.9884,6.9973,Germany,6.0,154.0,110.0,SWT-6.0-154,2016-09
1937,Gode Wind 1 and 2,Siemens,53.9854,6.9773,Germany,6.0,154.0,110.0,SWT-6.0-154,2016-09
1938,Gode Wind 1 and 2,Siemens,53.9835,6.9641,Germany,6.0,154.0,110.0,SWT-6.0-154,2016-09
1939,Gode Wind 1 and 2,Siemens,53.9906,6.9649,Germany,6.0,154.0,110.0,SWT-6.0-154,2016-09
1940,Gode Wind 1 and 2,Siemens,54.0922,6.9416,Germany,6.0,154.0,110.0,SWT-6.0-154,2016-09
1941,Gode Wind 1 and 2,Siemens,54.0921,6.9628,Germany,6.0,154.0,110.0,SWT-6.0-154,2016-09
1942,Gode Wind 1 and 2,Siemens,53.9819,6.9528,Germany,6.0,154.0,110.0,SWT-6.0-154,2016-09
1943,Gode Wind 1 and 2,Siemens,53.9938,6.942,Germany,6.0,154.0,110.0,SWT-6.0-154,2016-09
1944,Gode Wind 1 and 2,Siemens,53.9983,7.0672,Germany,6.0,154.0,110.0,SWT-6.0-154,2016-09
1945,Gode Wind 1 and 2,Siemens,54.0863,6.9525,Germany,6.0,154.0,110.0,SWT-6.0-154,2016-09
1946,Gode Wind 1 and 2,Siemens,54.0797,6.9417,Germany,6.0,154.0,110.0,SWT-6.0-154,2016-09
1947,Gode Wind 1 and 2,Siemens,54.0727,6.9591,Germany,6.0,154.0,110.0,SWT-6.0-154,2016-09
1948,Gode Wind 1 and 2,Siemens,54.0798,6.9628,Germany,6.0,154.0,110.0,SWT-6.0-154,2016-09
1949,Gode Wind 1 and 2,Siemens,54.0858,6.9732,Germany,6.0,154.0,110.0,SWT-6.0-154,2016-09
1950,Gode Wind 1 and 2,Siemens,54.0923,6.9839,Germany,6.0,154.0,110.0,SWT-6.0-154,2016-09
1951,Gode Wind 1 and 2,Siemens,54.0923,7.0054,Germany,6.0,154.0,110.0,SWT-6.0-154,2016-09
1952,Gode Wind 1 and 2,Siemens,54.0861,6.9946,Germany,6.0,154.0,110.0,SWT-6.0-154,2016-09
1953,Gode Wind 1 and 2,Siemens,54.0739,6.9739,Germany,6.0,154.0,110.0,SWT-6.0-154,2016-09
1954,Gode Wind 1 and 2,Siemens,53.9953,7.0453,Germany,6.0,154.0,110.0,SWT-6.0-154,2016-09
1955,Gode Wind 1 and 2,Siemens,54.0622,6.9747,Germany,6.0,154.0,110.0,SWT-6.0-154,2016-09
1956,Gode Wind 1 and 2,Siemens,54.0679,6.9845,Germany,6.0,154.0,110.0,SWT-6.0-154,2016-09
1957,Gode Wind 1 and 2,Siemens,54.0737,6.9948,Germany,6.0,154.0,110.0,SWT-6.0-154,2016-09
1958,Gode Wind 1 and 2,Siemens,54.0797,7.0052,Germany,6.0,154.0,110.0,SWT-6.0-154,2016-09
1959,Gode Wind 1 and 2,Siemens,53.9936,7.0337,Germany,6.0,154.0,110.0,SWT-6.0-154,2016-09
1960,Gode Wind 1 and 2,Siemens,54.0671,6.9657,Germany,6.0,154.0,110.0,SWT-6.0-154,2016-09
1961,Gode Wind 1 and 2,Siemens,54.0923,7.0476,Germany,6.0,154.0,110.0,SWT-6.0-154,2016-09
1962,Gode Wind 1 and 2,Siemens,54.0561,6.9857,Germany,6.0,154.0,110.0,SWT-6.0-154,2016-09
1963,Gode Wind 1 and 2,Siemens,54.0621,6.9962,Germany,6.0,154.0,110.0,SWT-6.0-154,2016-09
1964,Gode Wind 1 and 2,Siemens,54.0681,7.0061,Germany,6.0,154.0,110.0,SWT-6.0-154,2016-09
1965,Gode Wind 1 and 2,Siemens,54.0741,7.0162,Germany,6.0,154.0,110.0,SWT-6.0-154,2016-09
1966,Gode Wind 1 and 2,Siemens,54.0798,7.0262,Germany,6.0,154.0,110.0,SWT-6.0-154,2016-09
1967,Gode Wind 1 and 2,Siemens,54.0862,7.0367,Germany,6.0,154.0,110.0,SWT-6.0-154,2016-09
1968,Gode Wind 1 and 2,Siemens,54.086,7.0157,Germany,6.0,154.0,110.0,SWT-6.0-154,2016-09
1969,Gode Wind 1 and 2,Siemens,54.0502,6.9973,Germany,6.0,154.0,110.0,SWT-6.0-154,2016-09
1970,Gode Wind 1 and 2,Siemens,54.0624,7.0178,Germany,6.0,154.0,110.0,SWT-6.0-154,2016-09
1971,Gode Wind 1 and 2,Siemens,54.0743,7.0382,Germany,6.0,154.0,110.0,SWT-6.0-154,2016-09
1972,Gode Wind 1 and 2,Siemens,54.0806,7.0486,Germany,6.0,154.0,110.0,SWT-6.0-154,2016-09
1973,Gode Wind 1 and 2,Siemens,54.0683,7.0277,Germany,6.0,154.0,110.0,SWT-6.0-154,2016-09
1974,Gode Wind 1 and 2,Siemens,54.0931,7.0699,Germany,6.0,154.0,110.0,SWT-6.0-154,2016-09
1975,Gode Wind 1 and 2,Siemens,54.031,7.0096,Germany,6.0,154.0,110.0,SWT-6.0-154,2016-09
1976,Gode Wind 1 and 2,Siemens,54.0564,7.0072,Germany,6.0,154.0,110.0,SWT-6.0-154,2016-09
1977,Gode Wind 1 and 2,Siemens,54.0867,7.0593,Germany,6.0,154.0,110.0,SWT-6.0-154,2016-09
1978,Gode Wind 1 and 2,Siemens,54.0504,7.0184,Germany,6.0,154.0,110.0,SWT-6.0-154,2016-09
1979,Gode Wind 1 and 2,Siemens,54.0563,7.0284,Germany,6.0,154.0,110.0,SWT-6.0-154,2016-09
1980,Gode Wind 1 and 2,Siemens,54.0443,7.0082,Germany,6.0,154.0,110.0,SWT-6.0-154,2016-09
1981,Gode Wind 1 and 2,Siemens,54.0681,7.0489,Germany,6.0,154.0,110.0,SWT-6.0-154,2016-09
1982,Gode Wind 1 and 2,Siemens,54.0745,7.0595,Germany,6.0,154.0,110.0,SWT-6.0-154,2016-09
1983,Gode Wind 1 and 2,Siemens,54.0807,7.0699,Germany,6.0,154.0,110.0,SWT-6.0-154,2016-09
1984,Gode Wind 1 and 2,Siemens,54.0868,7.0805,Germany,6.0,154.0,110.0,SWT-6.0-154,2016-09
1985,Gode Wind 1 and 2,Siemens,54.0622,7.0385,Germany,6.0,154.0,110.0,SWT-6.0-154,2016-09
1986,Gode Wind 3,Siemens Gamesa,54.0602,7.1018,Germany,11.0,200.0,125.0,SG 11.0-200 DD,2025-02
1987,Gode Wind 3,Siemens Gamesa,54.0192,7.1319,Germany,11.0,200.0,125.0,SG 11.0-200 DD,2025-02
1988,Gode Wind 3,Siemens Gamesa,54.0578,7.1201,Germany,11.0,200.0,125.0,SG 11.0-200 DD,2025-02
1989,Gode Wind 3,Siemens Gamesa,54.0932,7.0919,Germany,11.0,200.0,125.0,SG 11.0-200 DD,2025-02
1990,Gode Wind 3,Siemens Gamesa,54.0047,7.0909,Germany,11.0,200.0,125.0,SG 11.0-200 DD,2025-02
1991,Gode Wind 3,Siemens Gamesa,54.0712,7.0984,Germany,11.0,200.0,125.0,SG 11.0-200 DD,2025-02
1992,Gode Wind 3,Siemens Gamesa,54.0104,7.0636,Germany,11.0,200.0,125.0,SG 11.0-200 DD,2025-02
1993,Gode Wind 3,Siemens Gamesa,54.0091,7.1208,Germany,11.0,200.0,125.0,SG 11.0-200 DD,2025-02
1994,Gode Wind 3,Siemens Gamesa,54.0277,7.1293,Germany,11.0,200.0,125.0,SG 11.0-200 DD,2025-02
1995,Gode Wind 3,Siemens Gamesa,54.0821,7.0951,Germany,11.0,200.0,125.0,SG 11.0-200 DD,2025-02
1996,Gode Wind 3,Siemens Gamesa,54.0489,7.1052,Germany,11.0,200.0,125.0,SG 11.0-200 DD,2025-02
1997,Gode Wind 3,Siemens Gamesa,54.0854,7.1118,Germany,11.0,200.0,125.0,SG 11.0-200 DD,2025-02
1998,Gode Wind 3,Siemens Gamesa,54.0377,7.1087,Germany,11.0,200.0,125.0,SG 11.0-200 DD,2025-02
1999,Gode Wind 3,Siemens Gamesa,54.0059,7.0764,Germany,11.0,200.0,125.0,SG 11.0-200 DD,2025-02
2000,Gode Wind 3,Siemens Gamesa,54.0368,7.1262,Germany,11.0,200.0,125.0,SG 11.0-200 DD,2025-02
2001,Gode Wind 3,Siemens Gamesa,54.0236,7.0853,Germany,11.0,200.0,125.0,SG 11.0-200 DD,2025-02
2002,Gode Wind 3,Siemens Gamesa,54.0306,7.0968,Germany,11.0,200.0,125.0,SG 11.0-200 DD,2025-02
2003,Gode Wind 3,Siemens Gamesa,54.0069,7.1059,Germany,11.0,200.0,125.0,SG 11.0-200 DD,2025-02
2004,Gode Wind 3,Siemens Gamesa,54.0168,7.0741,Germany,11.0,200.0,125.0,SG 11.0-200 DD,2025-02
2005,Gode Wind 3,Siemens Gamesa,54.0772,7.1142,Germany,11.0,200.0,125.0,SG 11.0-200 DD,2025-02
2006,Gode Wind 3,Siemens Gamesa,54.0688,7.1167,Germany,11.0,200.0,125.0,SG 11.0-200 DD,2025-02
2007,Gode Wind 3,Siemens Gamesa,54.011,7.1343,Germany,11.0,200.0,125.0,SG 11.0-200 DD,2025-02
2008,Gode Wind 3,Siemens Gamesa,54.0936,7.1093,Germany,11.0,200.0,125.0,SG 11.0-200 DD,2025-02
2009,Greater Gabbard,Siemens,51.9697,1.9578,United Kingdom,3.6,107.0,70.0,SWT-3.6-107,2013-08
2010,Greater Gabbard,Siemens,51.9516,1.9985,United Kingdom,3.6,107.0,70.0,SWT-3.6-107,2013-08
2011,Greater Gabbard,Siemens,51.9524,1.8987,United Kingdom,3.6,107.0,70.0,SWT-3.6-107,2013-08
2012,Greater Gabbard,Siemens,51.9526,1.9841,United Kingdom,3.6,107.0,70.0,SWT-3.6-107,2013-08
2013,Greater Gabbard,Siemens,51.9159,1.9192,United Kingdom,3.6,107.0,70.0,SWT-3.6-107,2013-08
2014,Greater Gabbard,Siemens,51.9558,1.9133,United Kingdom,3.6,107.0,70.0,SWT-3.6-107,2013-08
2015,Greater Gabbard,Siemens,51.9579,1.8893,United Kingdom,3.6,107.0,70.0,SWT-3.6-107,2013-08
2016,Greater Gabbard,Siemens,51.951,1.9408,United Kingdom,3.6,107.0,70.0,SWT-3.6-107,2013-08
2017,Greater Gabbard,Siemens,51.9617,1.998,United Kingdom,3.6,107.0,70.0,SWT-3.6-107,2013-08
2018,Greater Gabbard,Siemens,51.9619,1.9473,United Kingdom,3.6,107.0,70.0,SWT-3.6-107,2013-08
2019,Greater Gabbard,Siemens,51.9642,1.9849,United Kingdom,3.6,107.0,70.0,SWT-3.6-107,2013-08
2020,Greater Gabbard,Siemens,51.9646,1.9185,United Kingdom,3.6,107.0,70.0,SWT-3.6-107,2013-08
2021,Greater Gabbard,Siemens,51.9676,1.9083,United Kingdom,3.6,107.0,70.0,SWT-3.6-107,2013-08
2022,Greater Gabbard,Siemens,51.9453,1.9734,United Kingdom,3.6,107.0,70.0,SWT-3.6-107,2013-08
2023,Greater Gabbard,Siemens,51.9509,1.9639,United Kingdom,3.6,107.0,70.0,SWT-3.6-107,2013-08
2024,Greater Gabbard,Siemens,51.9169,1.8783,United Kingdom,3.6,107.0,70.0,SWT-3.6-107,2013-08
2025,Greater Gabbard,Siemens,51.947,1.9081,United Kingdom,3.6,107.0,70.0,SWT-3.6-107,2013-08
2026,Greater Gabbard,Siemens,51.9457,1.9501,United Kingdom,3.6,107.0,70.0,SWT-3.6-107,2013-08
2027,Greater Gabbard,Siemens,51.8925,1.9819,United Kingdom,3.6,107.0,70.0,SWT-3.6-107,2013-08
2028,Greater Gabbard,Siemens,51.9148,1.982,United Kingdom,3.6,107.0,70.0,SWT-3.6-107,2013-08
2029,Greater Gabbard,Siemens,51.9134,1.8638,United Kingdom,3.6,107.0,70.0,SWT-3.6-107,2013-08
2030,Greater Gabbard,Siemens,51.888,1.9985,United Kingdom,3.6,107.0,70.0,SWT-3.6-107,2013-08
2031,Greater Gabbard,Siemens,51.8881,1.966,United Kingdom,3.6,107.0,70.0,SWT-3.6-107,2013-08
2032,Greater Gabbard,Siemens,51.8871,1.9267,United Kingdom,3.6,107.0,70.0,SWT-3.6-107,2013-08
2033,Greater Gabbard,Siemens,51.8842,1.9842,United Kingdom,3.6,107.0,70.0,SWT-3.6-107,2013-08
2034,Greater Gabbard,Siemens,51.8851,1.8722,United Kingdom,3.6,107.0,70.0,SWT-3.6-107,2013-08
2035,Greater Gabbard,Siemens,51.8846,1.9513,United Kingdom,3.6,107.0,70.0,SWT-3.6-107,2013-08
2036,Greater Gabbard,Siemens,51.8836,1.9119,United Kingdom,3.6,107.0,70.0,SWT-3.6-107,2013-08
2037,Greater Gabbard,Siemens,51.8816,1.8574,United Kingdom,3.6,107.0,70.0,SWT-3.6-107,2013-08
2038,Greater Gabbard,Siemens,51.8801,1.9699,United Kingdom,3.6,107.0,70.0,SWT-3.6-107,2013-08
2039,Greater Gabbard,Siemens,51.9489,1.8841,United Kingdom,3.6,107.0,70.0,SWT-3.6-107,2013-08
2040,Greater Gabbard,Siemens,51.9734,1.9237,United Kingdom,3.6,107.0,70.0,SWT-3.6-107,2013-08
2041,Greater Gabbard,Siemens,51.9347,1.8886,United Kingdom,3.6,107.0,70.0,SWT-3.6-107,2013-08
2042,Greater Gabbard,Siemens,51.9774,1.9907,United Kingdom,3.6,107.0,70.0,SWT-3.6-107,2013-08
2043,Greater Gabbard,Siemens,51.8805,1.8972,United Kingdom,3.6,107.0,70.0,SWT-3.6-107,2013-08
2044,Greater Gabbard,Siemens,51.9379,1.9837,United Kingdom,3.6,107.0,70.0,SWT-3.6-107,2013-08
2045,Greater Gabbard,Siemens,51.9369,1.9447,United Kingdom,3.6,107.0,70.0,SWT-3.6-107,2013-08
2046,Greater Gabbard,Siemens,51.9381,1.903,United Kingdom,3.6,107.0,70.0,SWT-3.6-107,2013-08
2047,Greater Gabbard,Siemens,51.94,1.8789,United Kingdom,3.6,107.0,70.0,SWT-3.6-107,2013-08
2048,Greater Gabbard,Siemens,51.9403,1.9595,United Kingdom,3.6,107.0,70.0,SWT-3.6-107,2013-08
2049,Greater Gabbard,Siemens,51.9346,1.9689,United Kingdom,3.6,107.0,70.0,SWT-3.6-107,2013-08
2050,Greater Gabbard,Siemens,51.7415,1.9601,United Kingdom,3.6,107.0,70.0,SWT-3.6-107,2013-08
2051,Greater Gabbard,Siemens,51.9171,1.9579,United Kingdom,3.6,107.0,70.0,SWT-3.6-107,2013-08
2052,Greater Gabbard,Siemens,51.9336,1.9296,United Kingdom,3.6,107.0,70.0,SWT-3.6-107,2013-08
2053,Greater Gabbard,Siemens,51.9423,1.9354,United Kingdom,3.6,107.0,70.0,SWT-3.6-107,2013-08
2054,Greater Gabbard,Siemens,51.9194,1.934,United Kingdom,3.6,107.0,70.0,SWT-3.6-107,2013-08
2055,Greater Gabbard,Siemens,51.9204,1.8929,United Kingdom,3.6,107.0,70.0,SWT-3.6-107,2013-08
2056,Greater Gabbard,Siemens,51.9203,1.9727,United Kingdom,3.6,107.0,70.0,SWT-3.6-107,2013-08
2057,Greater Gabbard,Siemens,51.9775,1.9543,United Kingdom,3.6,107.0,70.0,SWT-3.6-107,2013-08
2058,Greater Gabbard,Siemens,51.9222,1.8688,United Kingdom,3.6,107.0,70.0,SWT-3.6-107,2013-08
2059,Greater Gabbard,Siemens,51.9237,1.9874,United Kingdom,3.6,107.0,70.0,SWT-3.6-107,2013-08
2060,Greater Gabbard,Siemens,51.9247,1.9246,United Kingdom,3.6,107.0,70.0,SWT-3.6-107,2013-08
2061,Greater Gabbard,Siemens,51.9259,1.9634,United Kingdom,3.6,107.0,70.0,SWT-3.6-107,2013-08
2062,Greater Gabbard,Siemens,51.9282,1.9392,United Kingdom,3.6,107.0,70.0,SWT-3.6-107,2013-08
2063,Greater Gabbard,Siemens,51.9293,1.898,United Kingdom,3.6,107.0,70.0,SWT-3.6-107,2013-08
2064,Greater Gabbard,Siemens,51.9291,1.978,United Kingdom,3.6,107.0,70.0,SWT-3.6-107,2013-08
2065,Greater Gabbard,Siemens,51.9312,1.8739,United Kingdom,3.6,107.0,70.0,SWT-3.6-107,2013-08
2066,Greater Gabbard,Siemens,51.9315,1.9542,United Kingdom,3.6,107.0,70.0,SWT-3.6-107,2013-08
2067,Greater Gabbard,Siemens,51.9324,1.9928,United Kingdom,3.6,107.0,70.0,SWT-3.6-107,2013-08
2068,Greater Gabbard,Siemens,51.9412,1.9984,United Kingdom,3.6,107.0,70.0,SWT-3.6-107,2013-08
2069,Greater Gabbard,Siemens,51.9543,1.8748,United Kingdom,3.6,107.0,70.0,SWT-3.6-107,2013-08
2070,Greater Gabbard,Siemens,51.9435,1.8934,United Kingdom,3.6,107.0,70.0,SWT-3.6-107,2013-08
2071,Greater Gabbard,Siemens,51.9612,1.9699,United Kingdom,3.6,107.0,70.0,SWT-3.6-107,2013-08
2072,Greater Gabbard,Siemens,51.9775,1.9758,United Kingdom,3.6,107.0,70.0,SWT-3.6-107,2013-08
2073,Greater Gabbard,Siemens,51.9227,1.9486,United Kingdom,3.6,107.0,70.0,SWT-3.6-107,2013-08
2074,Greater Gabbard,Siemens,51.88,1.9372,United Kingdom,3.6,107.0,70.0,SWT-3.6-107,2013-08
2075,Greater Gabbard,Siemens,51.9027,1.8825,United Kingdom,3.6,107.0,70.0,SWT-3.6-107,2013-08
2076,Greater Gabbard,Siemens,51.8762,1.9556,United Kingdom,3.6,107.0,70.0,SWT-3.6-107,2013-08
2077,Greater Gabbard,Siemens,51.8019,1.9986,United Kingdom,3.6,107.0,70.0,SWT-3.6-107,2013-08
2078,Greater Gabbard,Siemens,51.7972,1.9864,United Kingdom,3.6,107.0,70.0,SWT-3.6-107,2013-08
2079,Greater Gabbard,Siemens,51.7939,1.9979,United Kingdom,3.6,107.0,70.0,SWT-3.6-107,2013-08
2080,Greater Gabbard,Siemens,51.7945,1.9626,United Kingdom,3.6,107.0,70.0,SWT-3.6-107,2013-08
2081,Greater Gabbard,Siemens,51.7914,1.9495,United Kingdom,3.6,107.0,70.0,SWT-3.6-107,2013-08
2082,Greater Gabbard,Siemens,51.7862,1.9986,United Kingdom,3.6,107.0,70.0,SWT-3.6-107,2013-08
2083,Greater Gabbard,Siemens,51.8024,1.9673,United Kingdom,3.6,107.0,70.0,SWT-3.6-107,2013-08
2084,Greater Gabbard,Siemens,51.7834,1.9449,United Kingdom,3.6,107.0,70.0,SWT-3.6-107,2013-08
2085,Greater Gabbard,Siemens,51.7804,1.9875,United Kingdom,3.6,107.0,70.0,SWT-3.6-107,2013-08
2086,Greater Gabbard,Siemens,51.7784,1.9532,United Kingdom,3.6,107.0,70.0,SWT-3.6-107,2013-08
2087,Greater Gabbard,Siemens,51.7778,1.9984,United Kingdom,3.6,107.0,70.0,SWT-3.6-107,2013-08
2088,Greater Gabbard,Siemens,51.7749,1.9269,United Kingdom,3.6,107.0,70.0,SWT-3.6-107,2013-08
2089,Greater Gabbard,Siemens,51.7726,1.9821,United Kingdom,3.6,107.0,70.0,SWT-3.6-107,2013-08
2090,Greater Gabbard,Siemens,51.7467,1.9336,United Kingdom,3.6,107.0,70.0,SWT-3.6-107,2013-08
2091,Greater Gabbard,Siemens,51.7827,1.9317,United Kingdom,3.6,107.0,70.0,SWT-3.6-107,2013-08
2092,Greater Gabbard,Siemens,51.8086,1.9942,United Kingdom,3.6,107.0,70.0,SWT-3.6-107,2013-08
2093,Greater Gabbard,Siemens,51.7748,1.9705,United Kingdom,3.6,107.0,70.0,SWT-3.6-107,2013-08
2094,Greater Gabbard,Siemens,51.7753,1.9402,United Kingdom,3.6,107.0,70.0,SWT-3.6-107,2013-08
2095,Greater Gabbard,Siemens,51.7669,1.9647,United Kingdom,3.6,107.0,70.0,SWT-3.6-107,2013-08
2096,Greater Gabbard,Siemens,51.7671,1.922,United Kingdom,3.6,107.0,70.0,SWT-3.6-107,2013-08
2097,Greater Gabbard,Siemens,51.7647,1.9776,United Kingdom,3.6,107.0,70.0,SWT-3.6-107,2013-08
2098,Greater Gabbard,Siemens,51.7635,1.9983,United Kingdom,3.6,107.0,70.0,SWT-3.6-107,2013-08
2099,Greater Gabbard,Siemens,51.7627,1.9441,United Kingdom,3.6,107.0,70.0,SWT-3.6-107,2013-08
2100,Greater Gabbard,Siemens,51.7594,1.9855,United Kingdom,3.6,107.0,70.0,SWT-3.6-107,2013-08
2101,Greater Gabbard,Siemens,51.8781,1.9224,United Kingdom,3.6,107.0,70.0,SWT-3.6-107,2013-08
2102,Greater Gabbard,Siemens,51.7591,1.9592,United Kingdom,3.6,107.0,70.0,SWT-3.6-107,2013-08
2103,Greater Gabbard,Siemens,51.7699,1.9932,United Kingdom,3.6,107.0,70.0,SWT-3.6-107,2013-08
2104,Greater Gabbard,Siemens,51.7483,1.9691,United Kingdom,3.6,107.0,70.0,SWT-3.6-107,2013-08
2105,Greater Gabbard,Siemens,51.7574,1.9738,United Kingdom,3.6,107.0,70.0,SWT-3.6-107,2013-08
2106,Greater Gabbard,Siemens,51.7551,1.9952,United Kingdom,3.6,107.0,70.0,SWT-3.6-107,2013-08
2107,Greater Gabbard,Siemens,51.7547,1.9395,United Kingdom,3.6,107.0,70.0,SWT-3.6-107,2013-08
2108,Greater Gabbard,Siemens,51.751,1.9538,United Kingdom,3.6,107.0,70.0,SWT-3.6-107,2013-08
2109,Greater Gabbard,Siemens,51.7705,1.9487,United Kingdom,3.6,107.0,70.0,SWT-3.6-107,2013-08
2110,Greater Gabbard,Siemens,51.7894,1.9854,United Kingdom,3.6,107.0,70.0,SWT-3.6-107,2013-08
2111,Greater Gabbard,Siemens,51.7354,1.9443,United Kingdom,3.6,107.0,70.0,SWT-3.6-107,2013-08
2112,Greater Gabbard,Siemens,51.7826,1.9758,United Kingdom,3.6,107.0,70.0,SWT-3.6-107,2013-08
2113,Greater Gabbard,Siemens,51.894,1.8774,United Kingdom,3.6,107.0,70.0,SWT-3.6-107,2013-08
2114,Greater Gabbard,Siemens,51.9115,1.9672,United Kingdom,3.6,107.0,70.0,SWT-3.6-107,2013-08
2115,Greater Gabbard,Siemens,51.7512,1.9824,United Kingdom,3.6,107.0,70.0,SWT-3.6-107,2013-08
2116,Greater Gabbard,Siemens,51.8904,1.9417,United Kingdom,3.6,107.0,70.0,SWT-3.6-107,2013-08
2117,Greater Gabbard,Siemens,51.8904,1.8629,United Kingdom,3.6,107.0,70.0,SWT-3.6-107,2013-08
2118,Greater Gabbard,Siemens,51.8894,1.9028,United Kingdom,3.6,107.0,70.0,SWT-3.6-107,2013-08
2119,Greater Gabbard,Siemens,51.8603,1.8982,United Kingdom,3.6,107.0,70.0,SWT-3.6-107,2013-08
2120,Greater Gabbard,Siemens,51.7434,1.9482,United Kingdom,3.6,107.0,70.0,SWT-3.6-107,2013-08
2121,Greater Gabbard,Siemens,51.8635,1.8866,United Kingdom,3.6,107.0,70.0,SWT-3.6-107,2013-08
2122,Greater Gabbard,Siemens,51.8642,1.9128,United Kingdom,3.6,107.0,70.0,SWT-3.6-107,2013-08
2123,Greater Gabbard,Siemens,51.8685,1.9268,United Kingdom,3.6,107.0,70.0,SWT-3.6-107,2013-08
2124,Greater Gabbard,Siemens,51.8696,1.8502,United Kingdom,3.6,107.0,70.0,SWT-3.6-107,2013-08
2125,Greater Gabbard,Siemens,51.8718,1.8947,United Kingdom,3.6,107.0,70.0,SWT-3.6-107,2013-08
2126,Greater Gabbard,Siemens,51.8722,1.9094,United Kingdom,3.6,107.0,70.0,SWT-3.6-107,2013-08
2127,Greater Gabbard,Siemens,51.8723,1.9412,United Kingdom,3.6,107.0,70.0,SWT-3.6-107,2013-08
2128,Greater Gabbard,Siemens,51.8763,1.867,United Kingdom,3.6,107.0,70.0,SWT-3.6-107,2013-08
2129,Greater Gabbard,Siemens,51.9116,1.8876,United Kingdom,3.6,107.0,70.0,SWT-3.6-107,2013-08
2130,Greater Gabbard,Siemens,51.9104,1.9287,United Kingdom,3.6,107.0,70.0,SWT-3.6-107,2013-08
2131,Greater Gabbard,Siemens,51.8617,1.8588,United Kingdom,3.6,107.0,70.0,SWT-3.6-107,2013-08
2132,Greater Gabbard,Siemens,51.9081,1.873,United Kingdom,3.6,107.0,70.0,SWT-3.6-107,2013-08
2133,Greater Gabbard,Siemens,51.9082,1.9525,United Kingdom,3.6,107.0,70.0,SWT-3.6-107,2013-08
2134,Greater Gabbard,Siemens,51.8935,1.9563,United Kingdom,3.6,107.0,70.0,SWT-3.6-107,2013-08
2135,Greater Gabbard,Siemens,51.8959,1.9324,United Kingdom,3.6,107.0,70.0,SWT-3.6-107,2013-08
2136,Greater Gabbard,Siemens,51.8963,1.8551,United Kingdom,3.6,107.0,70.0,SWT-3.6-107,2013-08
2137,Greater Gabbard,Siemens,51.8964,1.9963,United Kingdom,3.6,107.0,70.0,SWT-3.6-107,2013-08
2138,Greater Gabbard,Siemens,51.8981,1.908,United Kingdom,3.6,107.0,70.0,SWT-3.6-107,2013-08
2139,Greater Gabbard,Siemens,51.8993,1.868,United Kingdom,3.6,107.0,70.0,SWT-3.6-107,2013-08
2140,Greater Gabbard,Siemens,51.8993,1.9471,United Kingdom,3.6,107.0,70.0,SWT-3.6-107,2013-08
2141,Greater Gabbard,Siemens,51.8971,1.9709,United Kingdom,3.6,107.0,70.0,SWT-3.6-107,2013-08
2142,Greater Gabbard,Siemens,51.8925,1.9174,United Kingdom,3.6,107.0,70.0,SWT-3.6-107,2013-08
2143,Greater Gabbard,Siemens,51.9014,1.923,United Kingdom,3.6,107.0,70.0,SWT-3.6-107,2013-08
2144,Greater Gabbard,Siemens,51.902,1.9876,United Kingdom,3.6,107.0,70.0,SWT-3.6-107,2013-08
2145,Greater Gabbard,Siemens,51.9025,1.9618,United Kingdom,3.6,107.0,70.0,SWT-3.6-107,2013-08
2146,Greater Gabbard,Siemens,51.9047,1.9377,United Kingdom,3.6,107.0,70.0,SWT-3.6-107,2013-08
2147,Greater Gabbard,Siemens,51.9061,1.9765,United Kingdom,3.6,107.0,70.0,SWT-3.6-107,2013-08
2148,Greater Gabbard,Siemens,51.907,1.9138,United Kingdom,3.6,107.0,70.0,SWT-3.6-107,2013-08
2149,Gunfleet Sands,Siemens,51.7372,1.2099,United Kingdom,3.6,107.0,75.0,SWT-3.6-107,2010-06
2150,Gunfleet Sands,Siemens,51.7431,1.2489,United Kingdom,3.6,107.0,75.0,SWT-3.6-107,2010-06
2151,Gunfleet Sands,Siemens,51.7456,1.2906,United Kingdom,3.6,107.0,75.0,SWT-3.6-107,2010-06
2152,Gunfleet Sands,Siemens,51.7458,1.2318,United Kingdom,3.6,107.0,75.0,SWT-3.6-107,2010-06
2153,Gunfleet Sands,Siemens,51.7465,1.2459,United Kingdom,3.6,107.0,75.0,SWT-3.6-107,2010-06
2154,Gunfleet Sands,Siemens,51.738,1.2239,United Kingdom,3.6,107.0,75.0,SWT-3.6-107,2010-06
2155,Gunfleet Sands,Siemens,51.737,1.2687,United Kingdom,3.6,107.0,75.0,SWT-3.6-107,2010-06
2156,Gunfleet Sands,Siemens,51.7423,1.2349,United Kingdom,3.6,107.0,75.0,SWT-3.6-107,2010-06
2157,Gunfleet Sands,Siemens,51.7362,1.2548,United Kingdom,3.6,107.0,75.0,SWT-3.6-107,2010-06
2158,Gunfleet Sands,Siemens,51.7312,1.2299,United Kingdom,3.6,107.0,75.0,SWT-3.6-107,2010-06
2159,Gunfleet Sands,Siemens,51.7346,1.2269,United Kingdom,3.6,107.0,75.0,SWT-3.6-107,2010-06
2160,Gunfleet Sands,Siemens,51.7338,1.2129,United Kingdom,3.6,107.0,75.0,SWT-3.6-107,2010-06
2161,Gunfleet Sands,Siemens,51.7336,1.2718,United Kingdom,3.6,107.0,75.0,SWT-3.6-107,2010-06
2162,Gunfleet Sands,Siemens,51.708,1.2061,United Kingdom,3.6,107.0,75.0,SWT-3.6-107,2010-06
2163,Gunfleet Sands,Siemens,51.75,1.243,United Kingdom,3.6,107.0,75.0,SWT-3.6-107,2010-06
2164,Gunfleet Sands,Siemens,51.7114,1.2029,United Kingdom,3.6,107.0,75.0,SWT-3.6-107,2010-06
2165,Gunfleet Sands,Siemens,51.7303,1.2159,United Kingdom,3.6,107.0,75.0,SWT-3.6-107,2010-06
2166,Gunfleet Sands,Siemens,51.7422,1.2936,United Kingdom,3.6,107.0,75.0,SWT-3.6-107,2010-06
2167,Gunfleet Sands,Siemens,51.7354,1.2408,United Kingdom,3.6,107.0,75.0,SWT-3.6-107,2010-06
2168,Gunfleet Sands,Siemens,51.7413,1.2797,United Kingdom,3.6,107.0,75.0,SWT-3.6-107,2010-06
2169,Gunfleet Sands,Siemens,51.7148,1.2001,United Kingdom,3.6,107.0,75.0,SWT-3.6-107,2010-06
2170,Gunfleet Sands,Siemens,51.7396,1.2518,United Kingdom,3.6,107.0,75.0,SWT-3.6-107,2010-06
2171,Gunfleet Sands,Siemens,51.7415,1.221,United Kingdom,3.6,107.0,75.0,SWT-3.6-107,2010-06
2172,Gunfleet Sands,Siemens,51.7329,1.199,United Kingdom,3.6,107.0,75.0,SWT-3.6-107,2010-06
2173,Gunfleet Sands,Siemens,51.7295,1.2019,United Kingdom,3.6,107.0,75.0,SWT-3.6-107,2010-06
2174,Gunfleet Sands,Siemens,51.7183,1.197,United Kingdom,3.6,107.0,75.0,SWT-3.6-107,2010-06
2175,Gunfleet Sands,Siemens,51.7191,1.211,United Kingdom,3.6,107.0,75.0,SWT-3.6-107,2010-06
2176,Gunfleet Sands,Siemens,51.72,1.2248,United Kingdom,3.6,107.0,75.0,SWT-3.6-107,2010-06
2177,Gunfleet Sands,Siemens,51.7208,1.2389,United Kingdom,3.6,107.0,75.0,SWT-3.6-107,2010-06
2178,Gunfleet Sands,Siemens,51.7226,1.2079,United Kingdom,3.6,107.0,75.0,SWT-3.6-107,2010-06
2179,Gunfleet Sands,Siemens,51.7234,1.2219,United Kingdom,3.6,107.0,75.0,SWT-3.6-107,2010-06
2180,Gunfleet Sands,Siemens,51.7243,1.2359,United Kingdom,3.6,107.0,75.0,SWT-3.6-107,2010-06
2181,Gunfleet Sands,Siemens,51.725,1.2498,United Kingdom,3.6,107.0,75.0,SWT-3.6-107,2010-06
2182,Gunfleet Sands,Siemens,51.7293,1.2608,United Kingdom,3.6,107.0,75.0,SWT-3.6-107,2010-06
2183,Gunfleet Sands,Siemens,51.7285,1.2468,United Kingdom,3.6,107.0,75.0,SWT-3.6-107,2010-06
2184,Gunfleet Sands,Siemens,51.7218,1.1941,United Kingdom,3.6,107.0,75.0,SWT-3.6-107,2010-06
2185,Gunfleet Sands,Siemens,51.7287,1.1882,United Kingdom,3.6,107.0,75.0,SWT-3.6-107,2010-06
2186,Gunfleet Sands,Siemens,51.7388,1.2378,United Kingdom,3.6,107.0,75.0,SWT-3.6-107,2010-06
2187,Gunfleet Sands,Siemens,51.7165,1.2281,United Kingdom,3.6,107.0,75.0,SWT-3.6-107,2010-06
2188,Gunfleet Sands,Siemens,51.7378,1.2826,United Kingdom,3.6,107.0,75.0,SWT-3.6-107,2010-06
2189,Gunfleet Sands,Siemens,51.7157,1.2139,United Kingdom,3.6,107.0,75.0,SWT-3.6-107,2010-06
2190,Gunfleet Sands,Siemens,51.7277,1.2329,United Kingdom,3.6,107.0,75.0,SWT-3.6-107,2010-06
2191,Gunfleet Sands,Siemens,51.7328,1.2579,United Kingdom,3.6,107.0,75.0,SWT-3.6-107,2010-06
2192,Gunfleet Sands,Siemens,51.7268,1.219,United Kingdom,3.6,107.0,75.0,SWT-3.6-107,2010-06
2193,Gunfleet Sands,Siemens,51.726,1.205,United Kingdom,3.6,107.0,75.0,SWT-3.6-107,2010-06
2194,Gunfleet Sands,Siemens,51.7252,1.1911,United Kingdom,3.6,107.0,75.0,SWT-3.6-107,2010-06
2195,Gunfleet Sands,Siemens,51.7319,1.2439,United Kingdom,3.6,107.0,75.0,SWT-3.6-107,2010-06
2196,Gunfleet Sands,Siemens,51.7122,1.2171,United Kingdom,3.6,107.0,75.0,SWT-3.6-107,2010-06
2197,Gunfleet Sands Demo,Siemens,51.7036,1.1951,United Kingdom,6.0,120.0,84.0,SWT-6.0-120,2013-09
2198,Gunfleet Sands Demo,Siemens,51.7072,1.1921,United Kingdom,6.0,120.0,84.0,SWT-6.0-120,2013-09
2199,Gwynt y Mor,Siemens,53.4794,-3.5653,United Kingdom,3.6,107.0,84.4,SWT-3.6-107,2015-06
2200,Gwynt y Mor,Siemens,53.4625,-3.6053,United Kingdom,3.6,107.0,84.4,SWT-3.6-107,2015-06
2201,Gwynt y Mor,Siemens,53.4852,-3.5274,United Kingdom,3.6,107.0,84.4,SWT-3.6-107,2015-06
2202,Gwynt y Mor,Siemens,53.4344,-3.632,United Kingdom,3.6,107.0,84.4,SWT-3.6-107,2015-06
2203,Gwynt y Mor,Siemens,53.4677,-3.6649,United Kingdom,3.6,107.0,84.4,SWT-3.6-107,2015-06
2204,Gwynt y Mor,Siemens,53.4797,-3.5219,United Kingdom,3.6,107.0,84.4,SWT-3.6-107,2015-06
2205,Gwynt y Mor,Siemens,53.4513,-3.6052,United Kingdom,3.6,107.0,84.4,SWT-3.6-107,2015-06
2206,Gwynt y Mor,Siemens,53.4401,-3.6049,United Kingdom,3.6,107.0,84.4,SWT-3.6-107,2015-06
2207,Gwynt y Mor,Siemens,53.4402,-3.5942,United Kingdom,3.6,107.0,84.4,SWT-3.6-107,2015-06
2208,Gwynt y Mor,Siemens,53.4454,-3.6861,United Kingdom,3.6,107.0,84.4,SWT-3.6-107,2015-06
2209,Gwynt y Mor,Siemens,53.4513,-3.5944,United Kingdom,3.6,107.0,84.4,SWT-3.6-107,2015-06
2210,Gwynt y Mor,Siemens,53.4512,-3.616,United Kingdom,3.6,107.0,84.4,SWT-3.6-107,2015-06
2211,Gwynt y Mor,Siemens,53.4511,-3.6268,United Kingdom,3.6,107.0,84.4,SWT-3.6-107,2015-06
2212,Gwynt y Mor,Siemens,53.4795,-3.5543,United Kingdom,3.6,107.0,84.4,SWT-3.6-107,2015-06
2213,Gwynt y Mor,Siemens,53.4401,-3.6157,United Kingdom,3.6,107.0,84.4,SWT-3.6-107,2015-06
2214,Gwynt y Mor,Siemens,53.4796,-3.5436,United Kingdom,3.6,107.0,84.4,SWT-3.6-107,2015-06
2215,Gwynt y Mor,Siemens,53.4234,-3.5991,United Kingdom,3.6,107.0,84.4,SWT-3.6-107,2015-06
2216,Gwynt y Mor,Siemens,53.4796,-3.5328,United Kingdom,3.6,107.0,84.4,SWT-3.6-107,2015-06
2217,Gwynt y Mor,Siemens,53.4852,-3.5382,United Kingdom,3.6,107.0,84.4,SWT-3.6-107,2015-06
2218,Gwynt y Mor,Siemens,53.4741,-3.5164,United Kingdom,3.6,107.0,84.4,SWT-3.6-107,2015-06
2219,Gwynt y Mor,Siemens,53.4232,-3.6315,United Kingdom,3.6,107.0,84.4,SWT-3.6-107,2015-06
2220,Gwynt y Mor,Siemens,53.4233,-3.6208,United Kingdom,3.6,107.0,84.4,SWT-3.6-107,2015-06
2221,Gwynt y Mor,Siemens,53.4233,-3.61,United Kingdom,3.6,107.0,84.4,SWT-3.6-107,2015-06
2222,Gwynt y Mor,Siemens,53.4511,-3.6376,United Kingdom,3.6,107.0,84.4,SWT-3.6-107,2015-06
2223,Gwynt y Mor,Siemens,53.4287,-3.6371,United Kingdom,3.6,107.0,84.4,SWT-3.6-107,2015-06
2224,Gwynt y Mor,Siemens,53.4344,-3.6211,United Kingdom,3.6,107.0,84.4,SWT-3.6-107,2015-06
2225,Gwynt y Mor,Siemens,53.4289,-3.6155,United Kingdom,3.6,107.0,84.4,SWT-3.6-107,2015-06
2226,Gwynt y Mor,Siemens,53.429,-3.5939,United Kingdom,3.6,107.0,84.4,SWT-3.6-107,2015-06
2227,Gwynt y Mor,Siemens,53.4678,-3.654,United Kingdom,3.6,107.0,84.4,SWT-3.6-107,2015-06
2228,Gwynt y Mor,Siemens,53.4343,-3.6427,United Kingdom,3.6,107.0,84.4,SWT-3.6-107,2015-06
2229,Gwynt y Mor,Siemens,53.4739,-3.5489,United Kingdom,3.6,107.0,84.4,SWT-3.6-107,2015-06
2230,Gwynt y Mor,Siemens,53.4739,-3.5597,United Kingdom,3.6,107.0,84.4,SWT-3.6-107,2015-06
2231,Gwynt y Mor,Siemens,53.4738,-3.5704,United Kingdom,3.6,107.0,84.4,SWT-3.6-107,2015-06
2232,Gwynt y Mor,Siemens,53.4798,-3.5117,United Kingdom,3.6,107.0,84.4,SWT-3.6-107,2015-06
2233,Gwynt y Mor,Siemens,53.4289,-3.6047,United Kingdom,3.6,107.0,84.4,SWT-3.6-107,2015-06
2234,Gwynt y Mor,Siemens,53.451,-3.6484,United Kingdom,3.6,107.0,84.4,SWT-3.6-107,2015-06
2235,Gwynt y Mor,Siemens,53.4508,-3.6809,United Kingdom,3.6,107.0,84.4,SWT-3.6-107,2015-06
2236,Gwynt y Mor,Siemens,53.4509,-3.67,United Kingdom,3.6,107.0,84.4,SWT-3.6-107,2015-06
2237,Gwynt y Mor,Siemens,53.457,-3.589,United Kingdom,3.6,107.0,84.4,SWT-3.6-107,2015-06
2238,Gwynt y Mor,Siemens,53.4569,-3.5998,United Kingdom,3.6,107.0,84.4,SWT-3.6-107,2015-06
2239,Gwynt y Mor,Siemens,53.4568,-3.6107,United Kingdom,3.6,107.0,84.4,SWT-3.6-107,2015-06
2240,Gwynt y Mor,Siemens,53.4622,-3.6486,United Kingdom,3.6,107.0,84.4,SWT-3.6-107,2015-06
2241,Gwynt y Mor,Siemens,53.4567,-3.6322,United Kingdom,3.6,107.0,84.4,SWT-3.6-107,2015-06
2242,Gwynt y Mor,Siemens,53.4396,-3.6699,United Kingdom,3.6,107.0,84.4,SWT-3.6-107,2015-06
2243,Gwynt y Mor,Siemens,53.4568,-3.6215,United Kingdom,3.6,107.0,84.4,SWT-3.6-107,2015-06
2244,Gwynt y Mor,Siemens,53.462,-3.681,United Kingdom,3.6,107.0,84.4,SWT-3.6-107,2015-06
2245,Gwynt y Mor,Siemens,53.4398,-3.6589,United Kingdom,3.6,107.0,84.4,SWT-3.6-107,2015-06
2246,Gwynt y Mor,Siemens,53.4563,-3.6864,United Kingdom,3.6,107.0,84.4,SWT-3.6-107,2015-06
2247,Gwynt y Mor,Siemens,53.4346,-3.5995,United Kingdom,3.6,107.0,84.4,SWT-3.6-107,2015-06
2248,Gwynt y Mor,Siemens,53.4564,-3.6755,United Kingdom,3.6,107.0,84.4,SWT-3.6-107,2015-06
2249,Gwynt y Mor,Siemens,53.4565,-3.6646,United Kingdom,3.6,107.0,84.4,SWT-3.6-107,2015-06
2250,Gwynt y Mor,Siemens,53.4566,-3.6538,United Kingdom,3.6,107.0,84.4,SWT-3.6-107,2015-06
2251,Gwynt y Mor,Siemens,53.4567,-3.643,United Kingdom,3.6,107.0,84.4,SWT-3.6-107,2015-06
2252,Gwynt y Mor,Siemens,53.485,-3.5491,United Kingdom,3.6,107.0,84.4,SWT-3.6-107,2015-06
2253,Gwynt y Mor,Siemens,53.4346,-3.5887,United Kingdom,3.6,107.0,84.4,SWT-3.6-107,2015-06
2254,Gwynt y Mor,Siemens,53.4508,-3.6592,United Kingdom,3.6,107.0,84.4,SWT-3.6-107,2015-06
2255,Gwynt y Mor,Siemens,53.462,-3.6702,United Kingdom,3.6,107.0,84.4,SWT-3.6-107,2015-06
2256,Gwynt y Mor,Siemens,53.4622,-3.6378,United Kingdom,3.6,107.0,84.4,SWT-3.6-107,2015-06
2257,Gwynt y Mor,Siemens,53.4739,-3.5381,United Kingdom,3.6,107.0,84.4,SWT-3.6-107,2015-06
2258,Gwynt y Mor,Siemens,53.4458,-3.5888,United Kingdom,3.6,107.0,84.4,SWT-3.6-107,2015-06
2259,Gwynt y Mor,Siemens,53.4457,-3.5996,United Kingdom,3.6,107.0,84.4,SWT-3.6-107,2015-06
2260,Gwynt y Mor,Siemens,53.4456,-3.6105,United Kingdom,3.6,107.0,84.4,SWT-3.6-107,2015-06
2261,Gwynt y Mor,Siemens,53.4456,-3.6212,United Kingdom,3.6,107.0,84.4,SWT-3.6-107,2015-06
2262,Gwynt y Mor,Siemens,53.4455,-3.632,United Kingdom,3.6,107.0,84.4,SWT-3.6-107,2015-06
2263,Gwynt y Mor,Siemens,53.4455,-3.6429,United Kingdom,3.6,107.0,84.4,SWT-3.6-107,2015-06
2264,Gwynt y Mor,Siemens,53.4621,-3.6593,United Kingdom,3.6,107.0,84.4,SWT-3.6-107,2015-06
2265,Gwynt y Mor,Siemens,53.4454,-3.6537,United Kingdom,3.6,107.0,84.4,SWT-3.6-107,2015-06
2266,Gwynt y Mor,Siemens,53.4575,-3.4891,United Kingdom,3.6,107.0,84.4,SWT-3.6-107,2015-06
2267,Gwynt y Mor,Siemens,53.4399,-3.6265,United Kingdom,3.6,107.0,84.4,SWT-3.6-107,2015-06
2268,Gwynt y Mor,Siemens,53.4399,-3.6482,United Kingdom,3.6,107.0,84.4,SWT-3.6-107,2015-06
2269,Gwynt y Mor,Siemens,53.4345,-3.6103,United Kingdom,3.6,107.0,84.4,SWT-3.6-107,2015-06
2270,Gwynt y Mor,Siemens,53.4399,-3.6374,United Kingdom,3.6,107.0,84.4,SWT-3.6-107,2015-06
2271,Gwynt y Mor,Siemens,53.4624,-3.6163,United Kingdom,3.6,107.0,84.4,SWT-3.6-107,2015-06
2272,Gwynt y Mor,Siemens,53.4623,-3.6269,United Kingdom,3.6,107.0,84.4,SWT-3.6-107,2015-06
2273,Gwynt y Mor,Siemens,53.4625,-3.5946,United Kingdom,3.6,107.0,84.4,SWT-3.6-107,2015-06
2274,Gwynt y Mor,Siemens,53.485,-3.5598,United Kingdom,3.6,107.0,84.4,SWT-3.6-107,2015-06
2275,Gwynt y Mor,Siemens,53.4288,-3.6263,United Kingdom,3.6,107.0,84.4,SWT-3.6-107,2015-06
2276,Gwynt y Mor,Siemens,53.4678,-3.6433,United Kingdom,3.6,107.0,84.4,SWT-3.6-107,2015-06
2277,Gwynt y Mor,Siemens,53.4518,-3.5052,United Kingdom,3.6,107.0,84.4,SWT-3.6-107,2015-06
2278,Gwynt y Mor,Siemens,53.4518,-3.516,United Kingdom,3.6,107.0,84.4,SWT-3.6-107,2015-06
2279,Gwynt y Mor,Siemens,53.4516,-3.5268,United Kingdom,3.6,107.0,84.4,SWT-3.6-107,2015-06
2280,Gwynt y Mor,Siemens,53.4516,-3.5377,United Kingdom,3.6,107.0,84.4,SWT-3.6-107,2015-06
2281,Gwynt y Mor,Siemens,53.4516,-3.5485,United Kingdom,3.6,107.0,84.4,SWT-3.6-107,2015-06
2282,Gwynt y Mor,Siemens,53.4575,-3.4783,United Kingdom,3.6,107.0,84.4,SWT-3.6-107,2015-06
2283,Gwynt y Mor,Siemens,53.446,-3.5431,United Kingdom,3.6,107.0,84.4,SWT-3.6-107,2015-06
2284,Gwynt y Mor,Siemens,53.4462,-3.5106,United Kingdom,3.6,107.0,84.4,SWT-3.6-107,2015-06
2285,Gwynt y Mor,Siemens,53.4464,-3.5,United Kingdom,3.6,107.0,84.4,SWT-3.6-107,2015-06
2286,Gwynt y Mor,Siemens,53.4686,-3.5002,United Kingdom,3.6,107.0,84.4,SWT-3.6-107,2015-06
2287,Gwynt y Mor,Siemens,53.4626,-3.5703,United Kingdom,3.6,107.0,84.4,SWT-3.6-107,2015-06
2288,Gwynt y Mor,Siemens,53.4627,-3.5594,United Kingdom,3.6,107.0,84.4,SWT-3.6-107,2015-06
2289,Gwynt y Mor,Siemens,53.4627,-3.5485,United Kingdom,3.6,107.0,84.4,SWT-3.6-107,2015-06
2290,Gwynt y Mor,Siemens,53.4685,-3.5109,United Kingdom,3.6,107.0,84.4,SWT-3.6-107,2015-06
2291,Gwynt y Mor,Siemens,53.4684,-3.5217,United Kingdom,3.6,107.0,84.4,SWT-3.6-107,2015-06
2292,Gwynt y Mor,Siemens,53.4684,-3.5326,United Kingdom,3.6,107.0,84.4,SWT-3.6-107,2015-06
2293,Gwynt y Mor,Siemens,53.4684,-3.5433,United Kingdom,3.6,107.0,84.4,SWT-3.6-107,2015-06
2294,Gwynt y Mor,Siemens,53.4518,-3.4944,United Kingdom,3.6,107.0,84.4,SWT-3.6-107,2015-06
2295,Gwynt y Mor,Siemens,53.4683,-3.5542,United Kingdom,3.6,107.0,84.4,SWT-3.6-107,2015-06
2296,Gwynt y Mor,Siemens,53.4519,-3.4837,United Kingdom,3.6,107.0,84.4,SWT-3.6-107,2015-06
2297,Gwynt y Mor,Siemens,53.4459,-3.5646,United Kingdom,3.6,107.0,84.4,SWT-3.6-107,2015-06
2298,Gwynt y Mor,Siemens,53.485,-3.5707,United Kingdom,3.6,107.0,84.4,SWT-3.6-107,2015-06
2299,Gwynt y Mor,Siemens,53.4507,-3.6916,United Kingdom,3.6,107.0,84.4,SWT-3.6-107,2015-06
2300,Gwynt y Mor,Siemens,53.4343,-3.6535,United Kingdom,3.6,107.0,84.4,SWT-3.6-107,2015-06
2301,Gwynt y Mor,Siemens,53.4181,-3.6153,United Kingdom,3.6,107.0,84.4,SWT-3.6-107,2015-06
2302,Gwynt y Mor,Siemens,53.4403,-3.5699,United Kingdom,3.6,107.0,84.4,SWT-3.6-107,2015-06
2303,Gwynt y Mor,Siemens,53.4347,-3.5645,United Kingdom,3.6,107.0,84.4,SWT-3.6-107,2015-06
2304,Gwynt y Mor,Siemens,53.4514,-3.5701,United Kingdom,3.6,107.0,84.4,SWT-3.6-107,2015-06
2305,Gwynt y Mor,Siemens,53.4676,-3.6758,United Kingdom,3.6,107.0,84.4,SWT-3.6-107,2015-06
2306,Gwynt y Mor,Siemens,53.4908,-3.5329,United Kingdom,3.6,107.0,84.4,SWT-3.6-107,2015-06
2307,Gwynt y Mor,Siemens,53.4906,-3.5654,United Kingdom,3.6,107.0,84.4,SWT-3.6-107,2015-06
2308,Gwynt y Mor,Siemens,53.4901,-3.5897,United Kingdom,3.6,107.0,84.4,SWT-3.6-107,2015-06
2309,Gwynt y Mor,Siemens,53.49,-3.6112,United Kingdom,3.6,107.0,84.4,SWT-3.6-107,2015-06
2310,Gwynt y Mor,Siemens,53.479,-3.6327,United Kingdom,3.6,107.0,84.4,SWT-3.6-107,2015-06
2311,Gwynt y Mor,Siemens,53.4461,-3.5214,United Kingdom,3.6,107.0,84.4,SWT-3.6-107,2015-06
2312,Gwynt y Mor,Siemens,53.446,-3.5323,United Kingdom,3.6,107.0,84.4,SWT-3.6-107,2015-06
2313,Gwynt y Mor,Siemens,53.4404,-3.559,United Kingdom,3.6,107.0,84.4,SWT-3.6-107,2015-06
2314,Gwynt y Mor,Siemens,53.4459,-3.5538,United Kingdom,3.6,107.0,84.4,SWT-3.6-107,2015-06
2315,Gwynt y Mor,Siemens,53.4519,-3.4728,United Kingdom,3.6,107.0,84.4,SWT-3.6-107,2015-06
2316,Gwynt y Mor,Siemens,53.4683,-3.5651,United Kingdom,3.6,107.0,84.4,SWT-3.6-107,2015-06
2317,Gwynt y Mor,Siemens,53.4515,-3.5593,United Kingdom,3.6,107.0,84.4,SWT-3.6-107,2015-06
2318,Gwynt y Mor,Siemens,53.4741,-3.5056,United Kingdom,3.6,107.0,84.4,SWT-3.6-107,2015-06
2319,Gwynt y Mor,Siemens,53.4901,-3.6005,United Kingdom,3.6,107.0,84.4,SWT-3.6-107,2015-06
2320,Gwynt y Mor,Siemens,53.4848,-3.5949,United Kingdom,3.6,107.0,84.4,SWT-3.6-107,2015-06
2321,Gwynt y Mor,Siemens,53.4848,-3.6058,United Kingdom,3.6,107.0,84.4,SWT-3.6-107,2015-06
2322,Gwynt y Mor,Siemens,53.4847,-3.6165,United Kingdom,3.6,107.0,84.4,SWT-3.6-107,2015-06
2323,Gwynt y Mor,Siemens,53.4794,-3.5895,United Kingdom,3.6,107.0,84.4,SWT-3.6-107,2015-06
2324,Gwynt y Mor,Siemens,53.4793,-3.6003,United Kingdom,3.6,107.0,84.4,SWT-3.6-107,2015-06
2325,Gwynt y Mor,Siemens,53.4792,-3.6109,United Kingdom,3.6,107.0,84.4,SWT-3.6-107,2015-06
2326,Gwynt y Mor,Siemens,53.4791,-3.6219,United Kingdom,3.6,107.0,84.4,SWT-3.6-107,2015-06
2327,Gwynt y Mor,Siemens,53.4906,-3.5545,United Kingdom,3.6,107.0,84.4,SWT-3.6-107,2015-06
2328,Gwynt y Mor,Siemens,53.4737,-3.5948,United Kingdom,3.6,107.0,84.4,SWT-3.6-107,2015-06
2329,Gwynt y Mor,Siemens,53.4736,-3.6163,United Kingdom,3.6,107.0,84.4,SWT-3.6-107,2015-06
2330,Gwynt y Mor,Siemens,53.4735,-3.6271,United Kingdom,3.6,107.0,84.4,SWT-3.6-107,2015-06
2331,Gwynt y Mor,Siemens,53.4452,-3.6753,United Kingdom,3.6,107.0,84.4,SWT-3.6-107,2015-06
2332,Gwynt y Mor,Siemens,53.4682,-3.5892,United Kingdom,3.6,107.0,84.4,SWT-3.6-107,2015-06
2333,Gwynt y Mor,Siemens,53.4681,-3.6,United Kingdom,3.6,107.0,84.4,SWT-3.6-107,2015-06
2334,Gwynt y Mor,Siemens,53.468,-3.6108,United Kingdom,3.6,107.0,84.4,SWT-3.6-107,2015-06
2335,Gwynt y Mor,Siemens,53.4679,-3.6217,United Kingdom,3.6,107.0,84.4,SWT-3.6-107,2015-06
2336,Gwynt y Mor,Siemens,53.4679,-3.6325,United Kingdom,3.6,107.0,84.4,SWT-3.6-107,2015-06
2337,Gwynt y Mor,Siemens,53.4736,-3.6056,United Kingdom,3.6,107.0,84.4,SWT-3.6-107,2015-06
2338,Gwynt y Mor,Siemens,53.4908,-3.5437,United Kingdom,3.6,107.0,84.4,SWT-3.6-107,2015-06
2339,Gwynt y Mor,Siemens,53.4732,-3.6379,United Kingdom,3.6,107.0,84.4,SWT-3.6-107,2015-06
2340,Gwynt y Mor,Siemens,53.4574,-3.5001,United Kingdom,3.6,107.0,84.4,SWT-3.6-107,2015-06
2341,Gwynt y Mor,Siemens,53.474,-3.5272,United Kingdom,3.6,107.0,84.4,SWT-3.6-107,2015-06
2342,Gwynt y Mor,Siemens,53.4628,-3.5379,United Kingdom,3.6,107.0,84.4,SWT-3.6-107,2015-06
2343,Gwynt y Mor,Siemens,53.4629,-3.527,United Kingdom,3.6,107.0,84.4,SWT-3.6-107,2015-06
2344,Gwynt y Mor,Siemens,53.463,-3.5054,United Kingdom,3.6,107.0,84.4,SWT-3.6-107,2015-06
2345,Gwynt y Mor,Siemens,53.4631,-3.4946,United Kingdom,3.6,107.0,84.4,SWT-3.6-107,2015-06
2346,Gwynt y Mor,Siemens,53.4631,-3.4838,United Kingdom,3.6,107.0,84.4,SWT-3.6-107,2015-06
2347,Gwynt y Mor,Siemens,53.4571,-3.5648,United Kingdom,3.6,107.0,84.4,SWT-3.6-107,2015-06
2348,Gwynt y Mor,Siemens,53.4571,-3.5541,United Kingdom,3.6,107.0,84.4,SWT-3.6-107,2015-06
2349,Gwynt y Mor,Siemens,53.4572,-3.5432,United Kingdom,3.6,107.0,84.4,SWT-3.6-107,2015-06
2350,Gwynt y Mor,Siemens,53.4629,-3.5162,United Kingdom,3.6,107.0,84.4,SWT-3.6-107,2015-06
2351,Gwynt y Mor,Siemens,53.4573,-3.5215,United Kingdom,3.6,107.0,84.4,SWT-3.6-107,2015-06
2352,Gwynt y Mor,Siemens,53.4574,-3.5107,United Kingdom,3.6,107.0,84.4,SWT-3.6-107,2015-06
2353,Gwynt y Mor,Siemens,53.485,-3.517,United Kingdom,3.6,107.0,84.4,SWT-3.6-107,2015-06
2354,Gwynt y Mor,Siemens,53.4686,-3.4893,United Kingdom,3.6,107.0,84.4,SWT-3.6-107,2015-06
2355,Gwynt y Mor,Siemens,53.4521,-3.4621,United Kingdom,3.6,107.0,84.4,SWT-3.6-107,2015-06
2356,Gwynt y Mor,Siemens,53.4404,-3.5484,United Kingdom,3.6,107.0,84.4,SWT-3.6-107,2015-06
2357,Gwynt y Mor,Siemens,53.4572,-3.5324,United Kingdom,3.6,107.0,84.4,SWT-3.6-107,2015-06
2358,Gwynt y Mor,Siemens,53.4454,-3.6645,United Kingdom,3.6,107.0,84.4,SWT-3.6-107,2015-06
2359,Hollandse Kust Noord,Siemens Gamesa,52.7063,4.2792,Netherlands,11.0,200.0,125.5,SG 11.0-200 DD,2023-12
2360,Hollandse Kust Noord,Siemens Gamesa,52.6915,4.2873,Netherlands,11.0,200.0,125.5,SG 11.0-200 DD,2023-12
2361,Hollandse Kust Noord,Siemens Gamesa,52.7267,4.2834,Netherlands,11.0,200.0,125.5,SG 11.0-200 DD,2023-12
2362,Hollandse Kust Noord,Siemens Gamesa,52.7035,4.2124,Netherlands,11.0,200.0,125.5,SG 11.0-200 DD,2023-12
2363,Hollandse Kust Noord,Siemens Gamesa,52.6596,4.1898,Netherlands,11.0,200.0,125.5,SG 11.0-200 DD,2023-12
2364,Hollandse Kust Noord,Siemens Gamesa,52.6835,4.2472,Netherlands,11.0,200.0,125.5,SG 11.0-200 DD,2023-12
2365,Hollandse Kust Noord,Siemens Gamesa,52.7068,4.3454,Netherlands,11.0,200.0,125.5,SG 11.0-200 DD,2023-12
2366,Hollandse Kust Noord,Siemens Gamesa,52.7207,4.3573,Netherlands,11.0,200.0,125.5,SG 11.0-200 DD,2023-12
2367,Hollandse Kust Noord,Siemens Gamesa,52.7209,4.2295,Netherlands,11.0,200.0,125.5,SG 11.0-200 DD,2023-12
2368,Hollandse Kust Noord,Siemens Gamesa,52.6432,4.1588,Netherlands,11.0,200.0,125.5,SG 11.0-200 DD,2023-12
2369,Hollandse Kust Noord,Siemens Gamesa,52.7228,4.3272,Netherlands,11.0,200.0,125.5,SG 11.0-200 DD,2023-12
2370,Hollandse Kust Noord,Siemens Gamesa,52.6639,4.2653,Netherlands,11.0,200.0,125.5,SG 11.0-200 DD,2023-12
2371,Hollandse Kust Noord,Siemens Gamesa,52.7506,4.2692,Netherlands,11.0,200.0,125.5,SG 11.0-200 DD,2023-12
2372,Hollandse Kust Noord,Siemens Gamesa,52.7339,4.3148,Netherlands,11.0,200.0,125.5,SG 11.0-200 DD,2023-12
2373,Hollandse Kust Noord,Siemens Gamesa,52.7523,4.3508,Netherlands,11.0,200.0,125.5,SG 11.0-200 DD,2023-12
2374,Hollandse Kust Noord,Siemens Gamesa,52.7696,4.2952,Netherlands,11.0,200.0,125.5,SG 11.0-200 DD,2023-12
2375,Hollandse Kust Noord,Siemens Gamesa,52.781,4.2774,Netherlands,11.0,200.0,125.5,SG 11.0-200 DD,2023-12
2376,Hollandse Kust Noord,Siemens Gamesa,52.7834,4.2942,Netherlands,11.0,200.0,125.5,SG 11.0-200 DD,2023-12
2377,Hollandse Kust Noord,Siemens Gamesa,52.7108,4.2979,Netherlands,11.0,200.0,125.5,SG 11.0-200 DD,2023-12
2378,Hollandse Kust Noord,Siemens Gamesa,52.7803,4.3217,Netherlands,11.0,200.0,125.5,SG 11.0-200 DD,2023-12
2379,Hollandse Kust Noord,Siemens Gamesa,52.7596,4.3436,Netherlands,11.0,200.0,125.5,SG 11.0-200 DD,2023-12
2380,Hollandse Kust Noord,Siemens Gamesa,52.7665,4.3364,Netherlands,11.0,200.0,125.5,SG 11.0-200 DD,2023-12
2381,Hollandse Kust Noord,Siemens Gamesa,52.7288,4.3575,Netherlands,11.0,200.0,125.5,SG 11.0-200 DD,2023-12
2382,Hollandse Kust Noord,Siemens Gamesa,52.7451,4.3591,Netherlands,11.0,200.0,125.5,SG 11.0-200 DD,2023-12
2383,Hollandse Kust Noord,Siemens Gamesa,52.7579,4.2975,Netherlands,11.0,200.0,125.5,SG 11.0-200 DD,2023-12
2384,Hollandse Kust Noord,Siemens Gamesa,52.7864,4.3109,Netherlands,11.0,200.0,125.5,SG 11.0-200 DD,2023-12
2385,Hollandse Kust Noord,Siemens Gamesa,52.6574,4.1538,Netherlands,11.0,200.0,125.5,SG 11.0-200 DD,2023-12
2386,Hollandse Kust Noord,Siemens Gamesa,52.755,4.2455,Netherlands,11.0,200.0,125.5,SG 11.0-200 DD,2023-12
2387,Hollandse Kust Noord,Siemens Gamesa,52.6424,4.1437,Netherlands,11.0,200.0,125.5,SG 11.0-200 DD,2023-12
2388,Hollandse Kust Noord,Siemens Gamesa,52.7465,4.3026,Netherlands,11.0,200.0,125.5,SG 11.0-200 DD,2023-12
2389,Hollandse Kust Noord,Siemens Gamesa,52.6486,4.1914,Netherlands,11.0,200.0,125.5,SG 11.0-200 DD,2023-12
2390,Hollandse Kust Noord,Siemens Gamesa,52.6489,4.251,Netherlands,11.0,200.0,125.5,SG 11.0-200 DD,2023-12
2391,Hollandse Kust Noord,Siemens Gamesa,52.6498,4.2678,Netherlands,11.0,200.0,125.5,SG 11.0-200 DD,2023-12
2392,Hollandse Kust Noord,Siemens Gamesa,52.6853,4.2692,Netherlands,11.0,200.0,125.5,SG 11.0-200 DD,2023-12
2393,Hollandse Kust Noord,Siemens Gamesa,52.7314,4.2162,Netherlands,11.0,200.0,125.5,SG 11.0-200 DD,2023-12
2394,Hollandse Kust Noord,Siemens Gamesa,52.7686,4.2618,Netherlands,11.0,200.0,125.5,SG 11.0-200 DD,2023-12
2395,Hollandse Kust Noord,Siemens Gamesa,52.6946,4.2578,Netherlands,11.0,200.0,125.5,SG 11.0-200 DD,2023-12
2396,Hollandse Kust Noord,Siemens Gamesa,52.7618,4.2538,Netherlands,11.0,200.0,125.5,SG 11.0-200 DD,2023-12
2397,Hollandse Kust Noord,Siemens Gamesa,52.7482,4.2371,Netherlands,11.0,200.0,125.5,SG 11.0-200 DD,2023-12
2398,Hollandse Kust Noord,Siemens Gamesa,52.7191,4.2643,Netherlands,11.0,200.0,125.5,SG 11.0-200 DD,2023-12
2399,Hollandse Kust Noord,Siemens Gamesa,52.7379,4.2243,Netherlands,11.0,200.0,125.5,SG 11.0-200 DD,2023-12
2400,Hollandse Kust Noord,Siemens Gamesa,52.7364,4.2497,Netherlands,11.0,200.0,125.5,SG 11.0-200 DD,2023-12
2401,Hollandse Kust Noord,Siemens Gamesa,52.7248,4.2081,Netherlands,11.0,200.0,125.5,SG 11.0-200 DD,2023-12
2402,Hollandse Kust Noord,Siemens Gamesa,52.7117,4.1921,Netherlands,11.0,200.0,125.5,SG 11.0-200 DD,2023-12
2403,Hollandse Kust Noord,Siemens Gamesa,52.7045,4.1858,Netherlands,11.0,200.0,125.5,SG 11.0-200 DD,2023-12
2404,Hollandse Kust Noord,Siemens Gamesa,52.7181,4.2001,Netherlands,11.0,200.0,125.5,SG 11.0-200 DD,2023-12
2405,Hollandse Kust Noord,Siemens Gamesa,52.6971,4.1808,Netherlands,11.0,200.0,125.5,SG 11.0-200 DD,2023-12
2406,Hollandse Kust Noord,Siemens Gamesa,52.6438,4.1737,Netherlands,11.0,200.0,125.5,SG 11.0-200 DD,2023-12
2407,Hollandse Kust Noord,Siemens Gamesa,52.7734,4.3291,Netherlands,11.0,200.0,125.5,SG 11.0-200 DD,2023-12
2408,Hollandse Kust Noord,Siemens Gamesa,52.6894,4.2025,Netherlands,11.0,200.0,125.5,SG 11.0-200 DD,2023-12
2409,Hollandse Kust Noord,Siemens Gamesa,52.7065,4.2423,Netherlands,11.0,200.0,125.5,SG 11.0-200 DD,2023-12
2410,Hollandse Kust Noord,Siemens Gamesa,52.6702,4.189,Netherlands,11.0,200.0,125.5,SG 11.0-200 DD,2023-12
2411,Hollandse Kust Noord,Siemens Gamesa,52.6895,4.1757,Netherlands,11.0,200.0,125.5,SG 11.0-200 DD,2023-12
2412,Hollandse Kust Noord,Siemens Gamesa,52.7119,4.3171,Netherlands,11.0,200.0,125.5,SG 11.0-200 DD,2023-12
2413,Hollandse Kust Noord,Siemens Gamesa,52.7378,4.2751,Netherlands,11.0,200.0,125.5,SG 11.0-200 DD,2023-12
2414,Hollandse Kust Noord,Siemens Gamesa,52.6874,4.2265,Netherlands,11.0,200.0,125.5,SG 11.0-200 DD,2023-12
2415,Hollandse Kust Noord,Siemens Gamesa,52.6565,4.2182,Netherlands,11.0,200.0,125.5,SG 11.0-200 DD,2023-12
2416,Hollandse Kust Noord,Siemens Gamesa,52.6723,4.164,Netherlands,11.0,200.0,125.5,SG 11.0-200 DD,2023-12
2417,Hollandse Kust Noord,Siemens Gamesa,52.666,4.24,Netherlands,11.0,200.0,125.5,SG 11.0-200 DD,2023-12
2418,Hollandse Kust Noord,Siemens Gamesa,52.662,4.2901,Netherlands,11.0,200.0,125.5,SG 11.0-200 DD,2023-12
2419,Hollandse Kust Noord,Siemens Gamesa,52.6478,4.2347,Netherlands,11.0,200.0,125.5,SG 11.0-200 DD,2023-12
2420,Hollandse Kust Noord,Siemens Gamesa,52.6649,4.1589,Netherlands,11.0,200.0,125.5,SG 11.0-200 DD,2023-12
2421,Hollandse Kust Noord,Siemens Gamesa,52.6682,4.2144,Netherlands,11.0,200.0,125.5,SG 11.0-200 DD,2023-12
2422,Hollandse Kust Noord,Siemens Gamesa,52.6499,4.1488,Netherlands,11.0,200.0,125.5,SG 11.0-200 DD,2023-12
2423,Hollandse Kust Noord,Siemens Gamesa,52.6501,4.2843,Netherlands,11.0,200.0,125.5,SG 11.0-200 DD,2023-12
2424,Hollandse Kust Noord,Siemens Gamesa,52.7025,4.3312,Netherlands,11.0,200.0,125.5,SG 11.0-200 DD,2023-12
2425,Hollandse Kust Noord,Siemens Gamesa,52.7127,4.3577,Netherlands,11.0,200.0,125.5,SG 11.0-200 DD,2023-12
2426,Hollandse Kust Noord,Siemens Gamesa,52.737,4.358,Netherlands,11.0,200.0,125.5,SG 11.0-200 DD,2023-12
2427,Hollandse Kust Noord,Siemens Gamesa,52.699,4.3189,Netherlands,11.0,200.0,125.5,SG 11.0-200 DD,2023-12
2428,Hollandse Kust Zuid,Siemens Gamesa,52.3418,4.1784,Netherlands,11.0,200.0,125.5,SG 11.0-200 DD,2024-12
2429,Hollandse Kust Zuid,Siemens Gamesa,52.3401,4.1994,Netherlands,11.0,200.0,125.5,SG 11.0-200 DD,2024-12
2430,Hollandse Kust Zuid,Siemens Gamesa,52.3319,4.1919,Netherlands,11.0,200.0,125.5,SG 11.0-200 DD,2024-12
2431,Hollandse Kust Zuid,Siemens Gamesa,52.3266,4.1729,Netherlands,11.0,200.0,125.5,SG 11.0-200 DD,2024-12
2432,Hollandse Kust Zuid,Siemens Gamesa,52.3433,4.1321,Netherlands,11.0,200.0,125.5,SG 11.0-200 DD,2024-12
2433,Hollandse Kust Zuid,Siemens Gamesa,52.345,3.9513,Netherlands,11.0,200.0,125.5,SG 11.0-200 DD,2024-12
2434,Hollandse Kust Zuid,Siemens Gamesa,52.3445,3.9709,Netherlands,11.0,200.0,125.5,SG 11.0-200 DD,2024-12
2435,Hollandse Kust Zuid,Siemens Gamesa,52.3471,4.0202,Netherlands,11.0,200.0,125.5,SG 11.0-200 DD,2024-12
2436,Hollandse Kust Zuid,Siemens Gamesa,52.1886,3.9844,Netherlands,11.0,200.0,125.5,SG 11.0-200 DD,2024-12
2437,Hollandse Kust Zuid,Siemens Gamesa,52.1817,3.9945,Netherlands,11.0,200.0,125.5,SG 11.0-200 DD,2024-12
2438,Hollandse Kust Zuid,Siemens Gamesa,52.1974,3.9998,Netherlands,11.0,200.0,125.5,SG 11.0-200 DD,2024-12
2439,Hollandse Kust Zuid,Siemens Gamesa,52.3468,4.1586,Netherlands,11.0,200.0,125.5,SG 11.0-200 DD,2024-12
2440,Hollandse Kust Zuid,Siemens Gamesa,52.1887,4.0039,Netherlands,11.0,200.0,125.5,SG 11.0-200 DD,2024-12
2441,Hollandse Kust Zuid,Siemens Gamesa,52.345,3.9958,Netherlands,11.0,200.0,125.5,SG 11.0-200 DD,2024-12
2442,Hollandse Kust Zuid,Siemens Gamesa,52.1953,3.9743,Netherlands,11.0,200.0,125.5,SG 11.0-200 DD,2024-12
2443,Hollandse Kust Zuid,Siemens Gamesa,52.4181,4.2137,Netherlands,11.0,200.0,125.5,SG 11.0-200 DD,2024-12
2444,Hollandse Kust Zuid,Siemens Gamesa,52.377,4.1879,Netherlands,11.0,200.0,125.5,SG 11.0-200 DD,2024-12
2445,Hollandse Kust Zuid,Siemens Gamesa,52.3806,4.2085,Netherlands,11.0,200.0,125.5,SG 11.0-200 DD,2024-12
2446,Hollandse Kust Zuid,Siemens Gamesa,52.3906,4.2107,Netherlands,11.0,200.0,125.5,SG 11.0-200 DD,2024-12
2447,Hollandse Kust Zuid,Siemens Gamesa,52.382,4.2284,Netherlands,11.0,200.0,125.5,SG 11.0-200 DD,2024-12
2448,Hollandse Kust Zuid,Siemens Gamesa,52.4191,4.2566,Netherlands,11.0,200.0,125.5,SG 11.0-200 DD,2024-12
2449,Hollandse Kust Zuid,Siemens Gamesa,52.4202,4.2403,Netherlands,11.0,200.0,125.5,SG 11.0-200 DD,2024-12
2450,Hollandse Kust Zuid,Siemens Gamesa,52.4036,4.2061,Netherlands,11.0,200.0,125.5,SG 11.0-200 DD,2024-12
2451,Hollandse Kust Zuid,Siemens Gamesa,52.3957,4.2411,Netherlands,11.0,200.0,125.5,SG 11.0-200 DD,2024-12
2452,Hollandse Kust Zuid,Siemens Gamesa,52.4092,4.2505,Netherlands,11.0,200.0,125.5,SG 11.0-200 DD,2024-12
2453,Hollandse Kust Zuid,Siemens Gamesa,52.4163,4.1221,Netherlands,11.0,200.0,125.5,SG 11.0-200 DD,2024-12
2454,Hollandse Kust Zuid,Siemens Gamesa,52.4041,4.1181,Netherlands,11.0,200.0,125.5,SG 11.0-200 DD,2024-12
2455,Hollandse Kust Zuid,Siemens Gamesa,52.4128,4.1013,Netherlands,11.0,200.0,125.5,SG 11.0-200 DD,2024-12
2456,Hollandse Kust Zuid,Siemens Gamesa,52.4085,4.0758,Netherlands,11.0,200.0,125.5,SG 11.0-200 DD,2024-12
2457,Hollandse Kust Zuid,Siemens Gamesa,52.1933,4.0165,Netherlands,11.0,200.0,125.5,SG 11.0-200 DD,2024-12
2458,Hollandse Kust Zuid,Siemens Gamesa,52.3872,4.0961,Netherlands,11.0,200.0,125.5,SG 11.0-200 DD,2024-12
2459,Hollandse Kust Zuid,Siemens Gamesa,52.1987,4.0282,Netherlands,11.0,200.0,125.5,SG 11.0-200 DD,2024-12
2460,Hollandse Kust Zuid,Siemens Gamesa,52.3781,4.066,Netherlands,11.0,200.0,125.5,SG 11.0-200 DD,2024-12
2461,Hollandse Kust Zuid,Siemens Gamesa,52.2096,4.0415,Netherlands,11.0,200.0,125.5,SG 11.0-200 DD,2024-12
2462,Hollandse Kust Zuid,Siemens Gamesa,52.2518,4.0175,Netherlands,11.0,200.0,125.5,SG 11.0-200 DD,2024-12
2463,Hollandse Kust Zuid,Siemens Gamesa,52.2494,4.0911,Netherlands,11.0,200.0,125.5,SG 11.0-200 DD,2024-12
2464,Hollandse Kust Zuid,Siemens Gamesa,52.2459,4.1047,Netherlands,11.0,200.0,125.5,SG 11.0-200 DD,2024-12
2465,Hollandse Kust Zuid,Siemens Gamesa,52.2396,4.093,Netherlands,11.0,200.0,125.5,SG 11.0-200 DD,2024-12
2466,Hollandse Kust Zuid,Siemens Gamesa,52.2412,4.0184,Netherlands,11.0,200.0,125.5,SG 11.0-200 DD,2024-12
2467,Hollandse Kust Zuid,Siemens Gamesa,52.3395,4.1031,Netherlands,11.0,200.0,125.5,SG 11.0-200 DD,2024-12
2468,Hollandse Kust Zuid,Siemens Gamesa,52.2939,3.9324,Netherlands,11.0,200.0,125.5,SG 11.0-200 DD,2024-12
2469,Hollandse Kust Zuid,Siemens Gamesa,52.385,3.9478,Netherlands,11.0,200.0,125.5,SG 11.0-200 DD,2024-12
2470,Hollandse Kust Zuid,Siemens Gamesa,52.3606,3.9915,Netherlands,11.0,200.0,125.5,SG 11.0-200 DD,2024-12
2471,Hollandse Kust Zuid,Siemens Gamesa,52.363,4.0221,Netherlands,11.0,200.0,125.5,SG 11.0-200 DD,2024-12
2472,Hollandse Kust Zuid,Siemens Gamesa,52.3511,4.0464,Netherlands,11.0,200.0,125.5,SG 11.0-200 DD,2024-12
2473,Hollandse Kust Zuid,Siemens Gamesa,52.3535,4.0721,Netherlands,11.0,200.0,125.5,SG 11.0-200 DD,2024-12
2474,Hollandse Kust Zuid,Siemens Gamesa,52.3568,4.0973,Netherlands,11.0,200.0,125.5,SG 11.0-200 DD,2024-12
2475,Hollandse Kust Zuid,Siemens Gamesa,52.3603,4.1249,Netherlands,11.0,200.0,125.5,SG 11.0-200 DD,2024-12
2476,Hollandse Kust Zuid,Siemens Gamesa,52.2081,4.0245,Netherlands,11.0,200.0,125.5,SG 11.0-200 DD,2024-12
2477,Hollandse Kust Zuid,Siemens Gamesa,52.3661,4.0565,Netherlands,11.0,200.0,125.5,SG 11.0-200 DD,2024-12
2478,Hollandse Kust Zuid,Siemens Gamesa,52.3871,4.0258,Netherlands,11.0,200.0,125.5,SG 11.0-200 DD,2024-12
2479,Hollandse Kust Zuid,Siemens Gamesa,52.3866,4.0082,Netherlands,11.0,200.0,125.5,SG 11.0-200 DD,2024-12
2480,Hollandse Kust Zuid,Siemens Gamesa,52.3864,3.9845,Netherlands,11.0,200.0,125.5,SG 11.0-200 DD,2024-12
2481,Hollandse Kust Zuid,Siemens Gamesa,52.3855,3.9652,Netherlands,11.0,200.0,125.5,SG 11.0-200 DD,2024-12
2482,Hollandse Kust Zuid,Siemens Gamesa,52.3765,3.945,Netherlands,11.0,200.0,125.5,SG 11.0-200 DD,2024-12
2483,Hollandse Kust Zuid,Siemens Gamesa,52.3729,3.9605,Netherlands,11.0,200.0,125.5,SG 11.0-200 DD,2024-12
2484,Hollandse Kust Zuid,Siemens Gamesa,52.376,4.0155,Netherlands,11.0,200.0,125.5,SG 11.0-200 DD,2024-12
2485,Hollandse Kust Zuid,Siemens Gamesa,52.204,3.9617,Netherlands,11.0,200.0,125.5,SG 11.0-200 DD,2024-12
2486,Hollandse Kust Zuid,Siemens Gamesa,52.2313,4.0218,Netherlands,11.0,200.0,125.5,SG 11.0-200 DD,2024-12
2487,Hollandse Kust Zuid,Siemens Gamesa,52.2249,4.0429,Netherlands,11.0,200.0,125.5,SG 11.0-200 DD,2024-12
2488,Hollandse Kust Zuid,Siemens Gamesa,52.4026,4.0936,Netherlands,11.0,200.0,125.5,SG 11.0-200 DD,2024-12
2489,Hollandse Kust Zuid,Siemens Gamesa,52.2202,4.0566,Netherlands,11.0,200.0,125.5,SG 11.0-200 DD,2024-12
2490,Hollandse Kust Zuid,Siemens Gamesa,52.2293,4.0641,Netherlands,11.0,200.0,125.5,SG 11.0-200 DD,2024-12
2491,Hollandse Kust Zuid,Siemens Gamesa,52.2337,4.0805,Netherlands,11.0,200.0,125.5,SG 11.0-200 DD,2024-12
2492,Hollandse Kust Zuid,Siemens Gamesa,52.3838,4.0448,Netherlands,11.0,200.0,125.5,SG 11.0-200 DD,2024-12
2493,Hollandse Kust Zuid,Siemens Gamesa,52.3977,4.0616,Netherlands,11.0,200.0,125.5,SG 11.0-200 DD,2024-12
2494,Hollandse Kust Zuid,Siemens Gamesa,52.3087,4.0243,Netherlands,11.0,200.0,125.5,SG 11.0-200 DD,2024-12
2495,Hollandse Kust Zuid,Siemens Gamesa,52.3652,4.1585,Netherlands,11.0,200.0,125.5,SG 11.0-200 DD,2024-12
2496,Hollandse Kust Zuid,Siemens Gamesa,52.2903,4.1547,Netherlands,11.0,200.0,125.5,SG 11.0-200 DD,2024-12
2497,Hollandse Kust Zuid,Siemens Gamesa,52.2983,4.1415,Netherlands,11.0,200.0,125.5,SG 11.0-200 DD,2024-12
2498,Hollandse Kust Zuid,Siemens Gamesa,52.3024,4.1662,Netherlands,11.0,200.0,125.5,SG 11.0-200 DD,2024-12
2499,Hollandse Kust Zuid,Siemens Gamesa,52.3126,4.1574,Netherlands,11.0,200.0,125.5,SG 11.0-200 DD,2024-12
2500,Hollandse Kust Zuid,Siemens Gamesa,52.3131,4.1758,Netherlands,11.0,200.0,125.5,SG 11.0-200 DD,2024-12
2501,Hollandse Kust Zuid,Siemens Gamesa,52.3353,4.0721,Netherlands,11.0,200.0,125.5,SG 11.0-200 DD,2024-12
2502,Hollandse Kust Zuid,Siemens Gamesa,52.2414,3.9886,Netherlands,11.0,200.0,125.5,SG 11.0-200 DD,2024-12
2503,Hollandse Kust Zuid,Siemens Gamesa,52.2317,3.9515,Netherlands,11.0,200.0,125.5,SG 11.0-200 DD,2024-12
2504,Hollandse Kust Zuid,Siemens Gamesa,52.2225,3.9543,Netherlands,11.0,200.0,125.5,SG 11.0-200 DD,2024-12
2505,Hollandse Kust Zuid,Siemens Gamesa,52.2126,3.9573,Netherlands,11.0,200.0,125.5,SG 11.0-200 DD,2024-12
2506,Hollandse Kust Zuid,Siemens Gamesa,52.2155,3.9755,Netherlands,11.0,200.0,125.5,SG 11.0-200 DD,2024-12
2507,Hollandse Kust Zuid,Siemens Gamesa,52.3102,3.9276,Netherlands,11.0,200.0,125.5,SG 11.0-200 DD,2024-12
2508,Hollandse Kust Zuid,Siemens Gamesa,52.3096,3.9515,Netherlands,11.0,200.0,125.5,SG 11.0-200 DD,2024-12
2509,Hollandse Kust Zuid,Siemens Gamesa,52.309,3.9806,Netherlands,11.0,200.0,125.5,SG 11.0-200 DD,2024-12
2510,Hollandse Kust Zuid,Siemens Gamesa,52.2285,3.9895,Netherlands,11.0,200.0,125.5,SG 11.0-200 DD,2024-12
2511,Hollandse Kust Zuid,Siemens Gamesa,52.2682,4.1331,Netherlands,11.0,200.0,125.5,SG 11.0-200 DD,2024-12
2512,Hollandse Kust Zuid,Siemens Gamesa,52.259,4.1214,Netherlands,11.0,200.0,125.5,SG 11.0-200 DD,2024-12
2513,Hollandse Kust Zuid,Siemens Gamesa,52.2677,4.1091,Netherlands,11.0,200.0,125.5,SG 11.0-200 DD,2024-12
2514,Hollandse Kust Zuid,Siemens Gamesa,52.3914,4.0733,Netherlands,11.0,200.0,125.5,SG 11.0-200 DD,2024-12
2515,Hollandse Kust Zuid,Siemens Gamesa,52.3187,4.0145,Netherlands,11.0,200.0,125.5,SG 11.0-200 DD,2024-12
2516,Hollandse Kust Zuid,Siemens Gamesa,52.3194,3.9759,Netherlands,11.0,200.0,125.5,SG 11.0-200 DD,2024-12
2517,Hollandse Kust Zuid,Siemens Gamesa,52.3193,3.9566,Netherlands,11.0,200.0,125.5,SG 11.0-200 DD,2024-12
2518,Hollandse Kust Zuid,Siemens Gamesa,52.317,3.9407,Netherlands,11.0,200.0,125.5,SG 11.0-200 DD,2024-12
2519,Hollandse Kust Zuid,Siemens Gamesa,52.3201,3.9265,Netherlands,11.0,200.0,125.5,SG 11.0-200 DD,2024-12
2520,Hollandse Kust Zuid,Siemens Gamesa,52.2483,3.9695,Netherlands,11.0,200.0,125.5,SG 11.0-200 DD,2024-12
2521,Hollandse Kust Zuid,Siemens Gamesa,52.3182,4.031,Netherlands,11.0,200.0,125.5,SG 11.0-200 DD,2024-12
2522,Hollandse Kust Zuid,Siemens Gamesa,52.3206,4.0791,Netherlands,11.0,200.0,125.5,SG 11.0-200 DD,2024-12
2523,Hollandse Kust Zuid,Siemens Gamesa,52.3205,4.1092,Netherlands,11.0,200.0,125.5,SG 11.0-200 DD,2024-12
2524,Hollandse Kust Zuid,Siemens Gamesa,52.3179,4.1363,Netherlands,11.0,200.0,125.5,SG 11.0-200 DD,2024-12
2525,Hollandse Kust Zuid,Siemens Gamesa,52.3054,4.0861,Netherlands,11.0,200.0,125.5,SG 11.0-200 DD,2024-12
2526,Hollandse Kust Zuid,Siemens Gamesa,52.2915,4.0909,Netherlands,11.0,200.0,125.5,SG 11.0-200 DD,2024-12
2527,Hollandse Kust Zuid,Siemens Gamesa,52.3012,4.1185,Netherlands,11.0,200.0,125.5,SG 11.0-200 DD,2024-12
2528,Hollandse Kust Zuid,Siemens Gamesa,52.2773,4.094,Netherlands,11.0,200.0,125.5,SG 11.0-200 DD,2024-12
2529,Hollandse Kust Zuid,Siemens Gamesa,52.3026,3.9373,Netherlands,11.0,200.0,125.5,SG 11.0-200 DD,2024-12
2530,Hollandse Kust Zuid,Siemens Gamesa,52.3025,3.9615,Netherlands,11.0,200.0,125.5,SG 11.0-200 DD,2024-12
2531,Hollandse Kust Zuid,Siemens Gamesa,52.2801,4.1455,Netherlands,11.0,200.0,125.5,SG 11.0-200 DD,2024-12
2532,Hollandse Kust Zuid,Siemens Gamesa,52.2178,4.0224,Netherlands,11.0,200.0,125.5,SG 11.0-200 DD,2024-12
2533,Hollandse Kust Zuid,Siemens Gamesa,52.2865,4.0025,Netherlands,11.0,200.0,125.5,SG 11.0-200 DD,2024-12
2534,Hollandse Kust Zuid,Siemens Gamesa,52.2777,4.0321,Netherlands,11.0,200.0,125.5,SG 11.0-200 DD,2024-12
2535,Hollandse Kust Zuid,Siemens Gamesa,52.285,4.0398,Netherlands,11.0,200.0,125.5,SG 11.0-200 DD,2024-12
2536,Hollandse Kust Zuid,Siemens Gamesa,52.2933,4.0323,Netherlands,11.0,200.0,125.5,SG 11.0-200 DD,2024-12
2537,Hollandse Kust Zuid,Siemens Gamesa,52.2973,4.0014,Netherlands,11.0,200.0,125.5,SG 11.0-200 DD,2024-12
2538,Hollandse Kust Zuid,Siemens Gamesa,52.3024,4.0358,Netherlands,11.0,200.0,125.5,SG 11.0-200 DD,2024-12
2539,Hollandse Kust Zuid,Siemens Gamesa,52.3068,3.9988,Netherlands,11.0,200.0,125.5,SG 11.0-200 DD,2024-12
2540,Hollandse Kust Zuid,Siemens Gamesa,52.2564,3.9441,Netherlands,11.0,200.0,125.5,SG 11.0-200 DD,2024-12
2541,Hollandse Kust Zuid,Siemens Gamesa,52.3709,4.0901,Netherlands,11.0,200.0,125.5,SG 11.0-200 DD,2024-12
2542,Hollandse Kust Zuid,Siemens Gamesa,52.2063,3.9976,Netherlands,11.0,200.0,125.5,SG 11.0-200 DD,2024-12
2543,Hollandse Kust Zuid,Siemens Gamesa,52.2054,3.9781,Netherlands,11.0,200.0,125.5,SG 11.0-200 DD,2024-12
2544,Hollandse Kust Zuid,Siemens Gamesa,52.3459,3.9352,Netherlands,11.0,200.0,125.5,SG 11.0-200 DD,2024-12
2545,Hollandse Kust Zuid,Siemens Gamesa,52.3559,3.9384,Netherlands,11.0,200.0,125.5,SG 11.0-200 DD,2024-12
2546,Hollandse Kust Zuid,Siemens Gamesa,52.3656,3.9415,Netherlands,11.0,200.0,125.5,SG 11.0-200 DD,2024-12
2547,Hollandse Kust Zuid,Siemens Gamesa,52.2953,3.9753,Netherlands,11.0,200.0,125.5,SG 11.0-200 DD,2024-12
2548,Hollandse Kust Zuid,Siemens Gamesa,52.2831,3.9536,Netherlands,11.0,200.0,125.5,SG 11.0-200 DD,2024-12
2549,Hollandse Kust Zuid,Siemens Gamesa,52.333,4.148,Netherlands,11.0,200.0,125.5,SG 11.0-200 DD,2024-12
2550,Hollandse Kust Zuid,Siemens Gamesa,52.3737,4.1393,Netherlands,11.0,200.0,125.5,SG 11.0-200 DD,2024-12
2551,Hollandse Kust Zuid,Siemens Gamesa,52.2408,3.9488,Netherlands,11.0,200.0,125.5,SG 11.0-200 DD,2024-12
2552,Hollandse Kust Zuid,Siemens Gamesa,52.2857,3.9355,Netherlands,11.0,200.0,125.5,SG 11.0-200 DD,2024-12
2553,Hollandse Kust Zuid,Siemens Gamesa,52.2488,4.0468,Netherlands,11.0,200.0,125.5,SG 11.0-200 DD,2024-12
2554,Hollandse Kust Zuid,Siemens Gamesa,52.2563,4.0725,Netherlands,11.0,200.0,125.5,SG 11.0-200 DD,2024-12
2555,Hollandse Kust Zuid,Siemens Gamesa,52.261,4.0551,Netherlands,11.0,200.0,125.5,SG 11.0-200 DD,2024-12
2556,Hollandse Kust Zuid,Siemens Gamesa,52.2766,4.005,Netherlands,11.0,200.0,125.5,SG 11.0-200 DD,2024-12
2557,Hollandse Kust Zuid,Siemens Gamesa,52.2676,4.0269,Netherlands,11.0,200.0,125.5,SG 11.0-200 DD,2024-12
2558,Hollandse Kust Zuid,Siemens Gamesa,52.2654,4.0099,Netherlands,11.0,200.0,125.5,SG 11.0-200 DD,2024-12
2559,Hollandse Kust Zuid,Siemens Gamesa,52.2704,4.0441,Netherlands,11.0,200.0,125.5,SG 11.0-200 DD,2024-12
2560,Hollandse Kust Zuid,Siemens Gamesa,52.2598,3.9731,Netherlands,11.0,200.0,125.5,SG 11.0-200 DD,2024-12
2561,Hollandse Kust Zuid,Siemens Gamesa,52.2169,3.9966,Netherlands,11.0,200.0,125.5,SG 11.0-200 DD,2024-12
2562,Hollandse Kust Zuid,Siemens Gamesa,52.2577,3.9591,Netherlands,11.0,200.0,125.5,SG 11.0-200 DD,2024-12
2563,Hollandse Kust Zuid,Siemens Gamesa,52.2652,3.9419,Netherlands,11.0,200.0,125.5,SG 11.0-200 DD,2024-12
2564,Hollandse Kust Zuid,Siemens Gamesa,52.2715,3.9723,Netherlands,11.0,200.0,125.5,SG 11.0-200 DD,2024-12
2565,Hollandse Kust Zuid,Siemens Gamesa,52.2725,3.9509,Netherlands,11.0,200.0,125.5,SG 11.0-200 DD,2024-12
2566,Hollandse Kust Zuid,Siemens Gamesa,52.2766,3.9377,Netherlands,11.0,200.0,125.5,SG 11.0-200 DD,2024-12
2567,Hollandse Kust Zuid,Siemens Gamesa,52.262,3.9884,Netherlands,11.0,200.0,125.5,SG 11.0-200 DD,2024-12
2568,Horns Rev I,Vestas,55.5034,7.8141,Denmark,2.0,80.0,70.0,V80-2.0 MW,2002-12
2569,Horns Rev I,Vestas,55.5038,7.8584,Denmark,2.0,80.0,70.0,V80-2.0 MW,2002-12
2570,Horns Rev I,Vestas,55.5037,7.8496,Denmark,2.0,80.0,70.0,V80-2.0 MW,2002-12
2571,Horns Rev I,Vestas,55.5036,7.8407,Denmark,2.0,80.0,70.0,V80-2.0 MW,2002-12
2572,Horns Rev I,Vestas,55.5035,7.8318,Denmark,2.0,80.0,70.0,V80-2.0 MW,2002-12
2573,Horns Rev I,Vestas,55.5035,7.823,Denmark,2.0,80.0,70.0,V80-2.0 MW,2002-12
2574,Horns Rev I,Vestas,55.5033,7.8052,Denmark,2.0,80.0,70.0,V80-2.0 MW,2002-12
2575,Horns Rev I,Vestas,55.4985,7.8242,Denmark,2.0,80.0,70.0,V80-2.0 MW,2002-12
2576,Horns Rev I,Vestas,55.499,7.8774,Denmark,2.0,80.0,70.0,V80-2.0 MW,2002-12
2577,Horns Rev I,Vestas,55.4989,7.8685,Denmark,2.0,80.0,70.0,V80-2.0 MW,2002-12
2578,Horns Rev I,Vestas,55.4988,7.8596,Denmark,2.0,80.0,70.0,V80-2.0 MW,2002-12
2579,Horns Rev I,Vestas,55.4987,7.8508,Denmark,2.0,80.0,70.0,V80-2.0 MW,2002-12
2580,Horns Rev I,Vestas,55.4986,7.8419,Denmark,2.0,80.0,70.0,V80-2.0 MW,2002-12
2581,Horns Rev I,Vestas,55.4986,7.833,Denmark,2.0,80.0,70.0,V80-2.0 MW,2002-12
2582,Horns Rev I,Vestas,55.4937,7.852,Denmark,2.0,80.0,70.0,V80-2.0 MW,2002-12
2583,Horns Rev I,Vestas,55.5032,7.7964,Denmark,2.0,80.0,70.0,V80-2.0 MW,2002-12
2584,Horns Rev I,Vestas,55.4937,7.8431,Denmark,2.0,80.0,70.0,V80-2.0 MW,2002-12
2585,Horns Rev I,Vestas,55.4886,7.8355,Denmark,2.0,80.0,70.0,V80-2.0 MW,2002-12
2586,Horns Rev I,Vestas,55.4935,7.8254,Denmark,2.0,80.0,70.0,V80-2.0 MW,2002-12
2587,Horns Rev I,Vestas,55.4887,7.8444,Denmark,2.0,80.0,70.0,V80-2.0 MW,2002-12
2588,Horns Rev I,Vestas,55.4934,7.8166,Denmark,2.0,80.0,70.0,V80-2.0 MW,2002-12
2589,Horns Rev I,Vestas,55.4933,7.8077,Denmark,2.0,80.0,70.0,V80-2.0 MW,2002-12
2590,Horns Rev I,Vestas,55.4932,7.7988,Denmark,2.0,80.0,70.0,V80-2.0 MW,2002-12
2591,Horns Rev I,Vestas,55.489,7.8798,Denmark,2.0,80.0,70.0,V80-2.0 MW,2002-12
2592,Horns Rev I,Vestas,55.4889,7.871,Denmark,2.0,80.0,70.0,V80-2.0 MW,2002-12
2593,Horns Rev I,Vestas,55.4888,7.8621,Denmark,2.0,80.0,70.0,V80-2.0 MW,2002-12
2594,Horns Rev I,Vestas,55.4888,7.8532,Denmark,2.0,80.0,70.0,V80-2.0 MW,2002-12
2595,Horns Rev I,Vestas,55.4883,7.8089,Denmark,2.0,80.0,70.0,V80-2.0 MW,2002-12
2596,Horns Rev I,Vestas,55.4885,7.8266,Denmark,2.0,80.0,70.0,V80-2.0 MW,2002-12
2597,Horns Rev I,Vestas,55.4884,7.8178,Denmark,2.0,80.0,70.0,V80-2.0 MW,2002-12
2598,Horns Rev I,Vestas,55.4838,7.8545,Denmark,2.0,80.0,70.0,V80-2.0 MW,2002-12
2599,Horns Rev I,Vestas,55.4883,7.8001,Denmark,2.0,80.0,70.0,V80-2.0 MW,2002-12
2600,Horns Rev I,Vestas,55.484,7.881,Denmark,2.0,80.0,70.0,V80-2.0 MW,2002-12
2601,Horns Rev I,Vestas,55.4839,7.8722,Denmark,2.0,80.0,70.0,V80-2.0 MW,2002-12
2602,Horns Rev I,Vestas,55.4936,7.8343,Denmark,2.0,80.0,70.0,V80-2.0 MW,2002-12
2603,Horns Rev I,Vestas,55.4984,7.8153,Denmark,2.0,80.0,70.0,V80-2.0 MW,2002-12
2604,Horns Rev I,Vestas,55.4688,7.8581,Denmark,2.0,80.0,70.0,V80-2.0 MW,2002-12
2605,Horns Rev I,Vestas,55.4982,7.7976,Denmark,2.0,80.0,70.0,V80-2.0 MW,2002-12
2606,Horns Rev I,Vestas,55.4789,7.8645,Denmark,2.0,80.0,70.0,V80-2.0 MW,2002-12
2607,Horns Rev I,Vestas,55.4788,7.8557,Denmark,2.0,80.0,70.0,V80-2.0 MW,2002-12
2608,Horns Rev I,Vestas,55.4685,7.8227,Denmark,2.0,80.0,70.0,V80-2.0 MW,2002-12
2609,Horns Rev I,Vestas,55.4683,7.805,Denmark,2.0,80.0,70.0,V80-2.0 MW,2002-12
2610,Horns Rev I,Vestas,55.4836,7.8367,Denmark,2.0,80.0,70.0,V80-2.0 MW,2002-12
2611,Horns Rev I,Vestas,55.4739,7.8658,Denmark,2.0,80.0,70.0,V80-2.0 MW,2002-12
2612,Horns Rev I,Vestas,55.4787,7.8468,Denmark,2.0,80.0,70.0,V80-2.0 MW,2002-12
2613,Horns Rev I,Vestas,55.4733,7.8038,Denmark,2.0,80.0,70.0,V80-2.0 MW,2002-12
2614,Horns Rev I,Vestas,55.4734,7.8126,Denmark,2.0,80.0,70.0,V80-2.0 MW,2002-12
2615,Horns Rev I,Vestas,55.4735,7.8215,Denmark,2.0,80.0,70.0,V80-2.0 MW,2002-12
2616,Horns Rev I,Vestas,55.4736,7.8303,Denmark,2.0,80.0,70.0,V80-2.0 MW,2002-12
2617,Horns Rev I,Vestas,55.4736,7.8392,Denmark,2.0,80.0,70.0,V80-2.0 MW,2002-12
2618,Horns Rev I,Vestas,55.4737,7.8481,Denmark,2.0,80.0,70.0,V80-2.0 MW,2002-12
2619,Horns Rev I,Vestas,55.4738,7.8569,Denmark,2.0,80.0,70.0,V80-2.0 MW,2002-12
2620,Horns Rev I,Vestas,55.474,7.8746,Denmark,2.0,80.0,70.0,V80-2.0 MW,2002-12
2621,Horns Rev I,Vestas,55.4741,7.8835,Denmark,2.0,80.0,70.0,V80-2.0 MW,2002-12
2622,Horns Rev I,Vestas,55.4783,7.8025,Denmark,2.0,80.0,70.0,V80-2.0 MW,2002-12
2623,Horns Rev I,Vestas,55.4784,7.8114,Denmark,2.0,80.0,70.0,V80-2.0 MW,2002-12
2624,Horns Rev I,Vestas,55.4983,7.8065,Denmark,2.0,80.0,70.0,V80-2.0 MW,2002-12
2625,Horns Rev I,Vestas,55.479,7.8734,Denmark,2.0,80.0,70.0,V80-2.0 MW,2002-12
2626,Horns Rev I,Vestas,55.479,7.8822,Denmark,2.0,80.0,70.0,V80-2.0 MW,2002-12
2627,Horns Rev I,Vestas,55.4785,7.8202,Denmark,2.0,80.0,70.0,V80-2.0 MW,2002-12
2628,Horns Rev I,Vestas,55.4834,7.8102,Denmark,2.0,80.0,70.0,V80-2.0 MW,2002-12
2629,Horns Rev I,Vestas,55.4833,7.8013,Denmark,2.0,80.0,70.0,V80-2.0 MW,2002-12
2630,Horns Rev I,Vestas,55.4939,7.8697,Denmark,2.0,80.0,70.0,V80-2.0 MW,2002-12
2631,Horns Rev I,Vestas,55.4938,7.8609,Denmark,2.0,80.0,70.0,V80-2.0 MW,2002-12
2632,Horns Rev I,Vestas,55.4839,7.8633,Denmark,2.0,80.0,70.0,V80-2.0 MW,2002-12
2633,Horns Rev I,Vestas,55.4786,7.838,Denmark,2.0,80.0,70.0,V80-2.0 MW,2002-12
2634,Horns Rev I,Vestas,55.4837,7.8456,Denmark,2.0,80.0,70.0,V80-2.0 MW,2002-12
2635,Horns Rev I,Vestas,55.504,7.8761,Denmark,2.0,80.0,70.0,V80-2.0 MW,2002-12
2636,Horns Rev I,Vestas,55.4686,7.8316,Denmark,2.0,80.0,70.0,V80-2.0 MW,2002-12
2637,Horns Rev I,Vestas,55.4687,7.8404,Denmark,2.0,80.0,70.0,V80-2.0 MW,2002-12
2638,Horns Rev I,Vestas,55.494,7.8786,Denmark,2.0,80.0,70.0,V80-2.0 MW,2002-12
2639,Horns Rev I,Vestas,55.4689,7.867,Denmark,2.0,80.0,70.0,V80-2.0 MW,2002-12
2640,Horns Rev I,Vestas,55.469,7.8758,Denmark,2.0,80.0,70.0,V80-2.0 MW,2002-12
2641,Horns Rev I,Vestas,55.4691,7.8847,Denmark,2.0,80.0,70.0,V80-2.0 MW,2002-12
2642,Horns Rev I,Vestas,55.5039,7.8673,Denmark,2.0,80.0,70.0,V80-2.0 MW,2002-12
2643,Horns Rev I,Vestas,55.4785,7.8291,Denmark,2.0,80.0,70.0,V80-2.0 MW,2002-12
2644,Horns Rev I,Vestas,55.4684,7.8138,Denmark,2.0,80.0,70.0,V80-2.0 MW,2002-12
2645,Horns Rev I,Vestas,55.4835,7.8279,Denmark,2.0,80.0,70.0,V80-2.0 MW,2002-12
2646,Horns Rev I,Vestas,55.4834,7.819,Denmark,2.0,80.0,70.0,V80-2.0 MW,2002-12
2647,Horns Rev I,Vestas,55.4687,7.8493,Denmark,2.0,80.0,70.0,V80-2.0 MW,2002-12
2648,Horns Rev II,Siemens,55.6331,7.6061,Denmark,2.3,93.0,68.0,SWT-2.3-93,2010-01
2649,Horns Rev II,Siemens,55.5853,7.5907,Denmark,2.3,93.0,68.0,SWT-2.3-93,2010-01
2650,Horns Rev II,Siemens,55.5596,7.5983,Denmark,2.3,93.0,68.0,SWT-2.3-93,2010-01
2651,Horns Rev II,Siemens,55.5783,7.598,Denmark,2.3,93.0,68.0,SWT-2.3-93,2010-01
2652,Horns Rev II,Siemens,55.5792,7.5808,Denmark,2.3,93.0,68.0,SWT-2.3-93,2010-01
2653,Horns Rev II,Siemens,55.5657,7.5889,Denmark,2.3,93.0,68.0,SWT-2.3-93,2010-01
2654,Horns Rev II,Siemens,55.5787,7.5894,Denmark,2.3,93.0,68.0,SWT-2.3-93,2010-01
2655,Horns Rev II,Siemens,55.58,7.5635,Denmark,2.3,93.0,68.0,SWT-2.3-93,2010-01
2656,Horns Rev II,Siemens,55.5586,7.5812,Denmark,2.3,93.0,68.0,SWT-2.3-93,2010-01
2657,Horns Rev II,Siemens,55.6414,7.5847,Denmark,2.3,93.0,68.0,SWT-2.3-93,2010-01
2658,Horns Rev II,Siemens,55.6449,7.6,Denmark,2.3,93.0,68.0,SWT-2.3-93,2010-01
2659,Horns Rev II,Siemens,55.6419,7.6068,Denmark,2.3,93.0,68.0,SWT-2.3-93,2010-01
2660,Horns Rev II,Siemens,55.6389,7.6136,Denmark,2.3,93.0,68.0,SWT-2.3-93,2010-01
2661,Horns Rev II,Siemens,55.6386,7.5918,Denmark,2.3,93.0,68.0,SWT-2.3-93,2010-01
2662,Horns Rev II,Siemens,55.6359,7.5989,Denmark,2.3,93.0,68.0,SWT-2.3-93,2010-01
2663,Horns Rev II,Siemens,55.6358,7.6204,Denmark,2.3,93.0,68.0,SWT-2.3-93,2010-01
2664,Horns Rev II,Siemens,55.6346,7.5769,Denmark,2.3,93.0,68.0,SWT-2.3-93,2010-01
2665,Horns Rev II,Siemens,55.5727,7.5455,Denmark,2.3,93.0,68.0,SWT-2.3-93,2010-01
2666,Horns Rev II,Siemens,55.6298,7.634,Denmark,2.3,93.0,68.0,SWT-2.3-93,2010-01
2667,Horns Rev II,Siemens,55.5804,7.5549,Denmark,2.3,93.0,68.0,SWT-2.3-93,2010-01
2668,Horns Rev II,Siemens,55.5796,7.5721,Denmark,2.3,93.0,68.0,SWT-2.3-93,2010-01
2669,Horns Rev II,Siemens,55.5724,7.5715,Denmark,2.3,93.0,68.0,SWT-2.3-93,2010-01
2670,Horns Rev II,Siemens,55.6328,7.6272,Denmark,2.3,93.0,68.0,SWT-2.3-93,2010-01
2671,Horns Rev II,Siemens,55.565,7.563,Denmark,2.3,93.0,68.0,SWT-2.3-93,2010-01
2672,Horns Rev II,Siemens,55.5652,7.5716,Denmark,2.3,93.0,68.0,SWT-2.3-93,2010-01
2673,Horns Rev II,Siemens,55.5654,7.5802,Denmark,2.3,93.0,68.0,SWT-2.3-93,2010-01
2674,Horns Rev II,Siemens,55.5845,7.5993,Denmark,2.3,93.0,68.0,SWT-2.3-93,2010-01
2675,Horns Rev II,Siemens,55.5648,7.5543,Denmark,2.3,93.0,68.0,SWT-2.3-93,2010-01
2676,Horns Rev II,Siemens,55.5875,7.5651,Denmark,2.3,93.0,68.0,SWT-2.3-93,2010-01
2677,Horns Rev II,Siemens,55.5882,7.5566,Denmark,2.3,93.0,68.0,SWT-2.3-93,2010-01
2678,Horns Rev II,Siemens,55.5726,7.5542,Denmark,2.3,93.0,68.0,SWT-2.3-93,2010-01
2679,Horns Rev II,Siemens,55.5867,7.5736,Denmark,2.3,93.0,68.0,SWT-2.3-93,2010-01
2680,Horns Rev II,Siemens,55.586,7.5822,Denmark,2.3,93.0,68.0,SWT-2.3-93,2010-01
2681,Horns Rev II,Siemens,55.5808,7.5463,Denmark,2.3,93.0,68.0,SWT-2.3-93,2010-01
2682,Horns Rev II,Siemens,55.5725,7.5628,Denmark,2.3,93.0,68.0,SWT-2.3-93,2010-01
2683,Horns Rev II,Siemens,55.5591,7.5897,Denmark,2.3,93.0,68.0,SWT-2.3-93,2010-01
2684,Horns Rev II,Siemens,55.5659,7.5975,Denmark,2.3,93.0,68.0,SWT-2.3-93,2010-01
2685,Horns Rev II,Siemens,55.5721,7.5974,Denmark,2.3,93.0,68.0,SWT-2.3-93,2010-01
2686,Horns Rev II,Siemens,55.5722,7.5888,Denmark,2.3,93.0,68.0,SWT-2.3-93,2010-01
2687,Horns Rev II,Siemens,55.5723,7.5801,Denmark,2.3,93.0,68.0,SWT-2.3-93,2010-01
2688,Horns Rev II,Siemens,55.5646,7.5457,Denmark,2.3,93.0,68.0,SWT-2.3-93,2010-01
2689,Horns Rev II,Siemens,55.6321,7.5843,Denmark,2.3,93.0,68.0,SWT-2.3-93,2010-01
2690,Horns Rev II,Siemens,55.6248,7.6274,Denmark,2.3,93.0,68.0,SWT-2.3-93,2010-01
2691,Horns Rev II,Siemens,55.6296,7.5918,Denmark,2.3,93.0,68.0,SWT-2.3-93,2010-01
2692,Horns Rev II,Siemens,55.6109,7.5667,Denmark,2.3,93.0,68.0,SWT-2.3-93,2010-01
2693,Horns Rev II,Siemens,55.6125,7.5585,Denmark,2.3,93.0,68.0,SWT-2.3-93,2010-01
2694,Horns Rev II,Siemens,55.6021,7.5707,Denmark,2.3,93.0,68.0,SWT-2.3-93,2010-01
2695,Horns Rev II,Siemens,55.6141,7.6161,Denmark,2.3,93.0,68.0,SWT-2.3-93,2010-01
2696,Horns Rev II,Siemens,55.6143,7.5876,Denmark,2.3,93.0,68.0,SWT-2.3-93,2010-01
2697,Horns Rev II,Siemens,55.6162,7.5797,Denmark,2.3,93.0,68.0,SWT-2.3-93,2010-01
2698,Horns Rev II,Siemens,55.6163,7.6084,Denmark,2.3,93.0,68.0,SWT-2.3-93,2010-01
2699,Horns Rev II,Siemens,55.6185,7.6007,Denmark,2.3,93.0,68.0,SWT-2.3-93,2010-01
2700,Horns Rev II,Siemens,55.6195,7.6215,Denmark,2.3,93.0,68.0,SWT-2.3-93,2010-01
2701,Horns Rev II,Siemens,55.6201,7.5638,Denmark,2.3,93.0,68.0,SWT-2.3-93,2010-01
2702,Horns Rev II,Siemens,55.6208,7.593,Denmark,2.3,93.0,68.0,SWT-2.3-93,2010-01
2703,Horns Rev II,Siemens,55.6026,7.6074,Denmark,2.3,93.0,68.0,SWT-2.3-93,2010-01
2704,Horns Rev II,Siemens,55.6092,7.5748,Denmark,2.3,93.0,68.0,SWT-2.3-93,2010-01
2705,Horns Rev II,Siemens,55.5948,7.5675,Denmark,2.3,93.0,68.0,SWT-2.3-93,2010-01
2706,Horns Rev II,Siemens,55.5994,7.5874,Denmark,2.3,93.0,68.0,SWT-2.3-93,2010-01
2707,Horns Rev II,Siemens,55.598,7.5957,Denmark,2.3,93.0,68.0,SWT-2.3-93,2010-01
2708,Horns Rev II,Siemens,55.5969,7.5506,Denmark,2.3,93.0,68.0,SWT-2.3-93,2010-01
2709,Horns Rev II,Siemens,55.5967,7.604,Denmark,2.3,93.0,68.0,SWT-2.3-93,2010-01
2710,Horns Rev II,Siemens,55.5959,7.559,Denmark,2.3,93.0,68.0,SWT-2.3-93,2010-01
2711,Horns Rev II,Siemens,55.5938,7.5759,Denmark,2.3,93.0,68.0,SWT-2.3-93,2010-01
2712,Horns Rev II,Siemens,55.6303,7.6132,Denmark,2.3,93.0,68.0,SWT-2.3-93,2010-01
2713,Horns Rev II,Siemens,55.6104,7.6035,Denmark,2.3,93.0,68.0,SWT-2.3-93,2010-01
2714,Horns Rev II,Siemens,55.5927,7.5844,Denmark,2.3,93.0,68.0,SWT-2.3-93,2010-01
2715,Horns Rev II,Siemens,55.6182,7.5717,Denmark,2.3,93.0,68.0,SWT-2.3-93,2010-01
2716,Horns Rev II,Siemens,55.6076,7.583,Denmark,2.3,93.0,68.0,SWT-2.3-93,2010-01
2717,Horns Rev II,Siemens,55.5581,7.5726,Denmark,2.3,93.0,68.0,SWT-2.3-93,2010-01
2718,Horns Rev II,Siemens,55.6084,7.6114,Denmark,2.3,93.0,68.0,SWT-2.3-93,2010-01
2719,Horns Rev II,Siemens,55.6275,7.5699,Denmark,2.3,93.0,68.0,SWT-2.3-93,2010-01
2720,Horns Rev II,Siemens,55.627,7.5992,Denmark,2.3,93.0,68.0,SWT-2.3-93,2010-01
2721,Horns Rev II,Siemens,55.6252,7.5776,Denmark,2.3,93.0,68.0,SWT-2.3-93,2010-01
2722,Horns Rev II,Siemens,55.6008,7.5791,Denmark,2.3,93.0,68.0,SWT-2.3-93,2010-01
2723,Horns Rev II,Siemens,55.6245,7.6066,Denmark,2.3,93.0,68.0,SWT-2.3-93,2010-01
2724,Horns Rev II,Siemens,55.623,7.5853,Denmark,2.3,93.0,68.0,SWT-2.3-93,2010-01
2725,Horns Rev II,Siemens,55.5906,7.6013,Denmark,2.3,93.0,68.0,SWT-2.3-93,2010-01
2726,Horns Rev II,Siemens,55.622,7.6141,Denmark,2.3,93.0,68.0,SWT-2.3-93,2010-01
2727,Horns Rev II,Siemens,55.5565,7.5468,Denmark,2.3,93.0,68.0,SWT-2.3-93,2010-01
2728,Horns Rev II,Siemens,55.6275,7.6203,Denmark,2.3,93.0,68.0,SWT-2.3-93,2010-01
2729,Horns Rev II,Siemens,55.5575,7.564,Denmark,2.3,93.0,68.0,SWT-2.3-93,2010-01
2730,Horns Rev II,Siemens,55.557,7.5554,Denmark,2.3,93.0,68.0,SWT-2.3-93,2010-01
2731,Horns Rev II,Siemens,55.6048,7.5541,Denmark,2.3,93.0,68.0,SWT-2.3-93,2010-01
2732,Horns Rev II,Siemens,55.6043,7.5992,Denmark,2.3,93.0,68.0,SWT-2.3-93,2010-01
2733,Horns Rev II,Siemens,55.6035,7.5624,Denmark,2.3,93.0,68.0,SWT-2.3-93,2010-01
2734,Horns Rev II,Siemens,55.6059,7.5911,Denmark,2.3,93.0,68.0,SWT-2.3-93,2010-01
2735,Horns Rev II,Siemens,55.5917,7.5928,Denmark,2.3,93.0,68.0,SWT-2.3-93,2010-01
2736,Horns Rev II,Siemens,55.648,7.5932,Denmark,2.3,93.0,68.0,SWT-2.3-93,2010-01
2737,Horns Rev II,Siemens,55.5889,7.548,Denmark,2.3,93.0,68.0,SWT-2.3-93,2010-01
2738,Horns Rev II,Siemens,55.6123,7.5956,Denmark,2.3,93.0,68.0,SWT-2.3-93,2010-01
2739,Horns Rev III,Vestas,55.6874,7.5736,Denmark,8.0,164.0,105.0,V164-8.0 MW,2019-08
2740,Horns Rev III,Vestas,55.6742,7.7471,Denmark,8.0,164.0,105.0,V164-8.0 MW,2019-08
2741,Horns Rev III,Vestas,55.679,7.687,Denmark,8.0,164.0,105.0,V164-8.0 MW,2019-08
2742,Horns Rev III,Vestas,55.6616,7.6688,Denmark,8.0,164.0,105.0,V164-8.0 MW,2019-08
2743,Horns Rev III,Vestas,55.6787,7.6043,Denmark,8.0,164.0,105.0,V164-8.0 MW,2019-08
2744,Horns Rev III,Vestas,55.6843,7.7427,Denmark,8.0,164.0,105.0,V164-8.0 MW,2019-08
2745,Horns Rev III,Vestas,55.6683,7.6942,Denmark,8.0,164.0,105.0,V164-8.0 MW,2019-08
2746,Horns Rev III,Vestas,55.6732,7.7194,Denmark,8.0,164.0,105.0,V164-8.0 MW,2019-08
2747,Horns Rev III,Vestas,55.6647,7.7521,Denmark,8.0,164.0,105.0,V164-8.0 MW,2019-08
2748,Horns Rev III,Vestas,55.6432,7.682,Denmark,8.0,164.0,105.0,V164-8.0 MW,2019-08
2749,Horns Rev III,Vestas,55.6636,7.7244,Denmark,8.0,164.0,105.0,V164-8.0 MW,2019-08
2750,Horns Rev III,Vestas,55.6342,7.6901,Denmark,8.0,164.0,105.0,V164-8.0 MW,2019-08
2751,Horns Rev III,Vestas,55.6437,7.7101,Denmark,8.0,164.0,105.0,V164-8.0 MW,2019-08
2752,Horns Rev III,Vestas,55.6558,7.7019,Denmark,8.0,164.0,105.0,V164-8.0 MW,2019-08
2753,Horns Rev III,Vestas,55.6523,7.6749,Denmark,8.0,164.0,105.0,V164-8.0 MW,2019-08
2754,Horns Rev III,Vestas,55.6605,7.641,Denmark,8.0,164.0,105.0,V164-8.0 MW,2019-08
2755,Horns Rev III,Vestas,55.6543,7.7304,Denmark,8.0,164.0,105.0,V164-8.0 MW,2019-08
2756,Horns Rev III,Vestas,55.7214,7.683,Denmark,8.0,164.0,105.0,V164-8.0 MW,2019-08
2757,Horns Rev III,Vestas,55.6701,7.636,Denmark,8.0,164.0,105.0,V164-8.0 MW,2019-08
2758,Horns Rev III,Vestas,55.7292,7.629,Denmark,8.0,164.0,105.0,V164-8.0 MW,2019-08
2759,Horns Rev III,Vestas,55.6711,7.6638,Denmark,8.0,164.0,105.0,V164-8.0 MW,2019-08
2760,Horns Rev III,Vestas,55.74,7.6596,Denmark,8.0,164.0,105.0,V164-8.0 MW,2019-08
2761,Horns Rev III,Vestas,55.739,7.6318,Denmark,8.0,164.0,105.0,V164-8.0 MW,2019-08
2762,Horns Rev III,Vestas,55.6825,7.7729,Denmark,8.0,164.0,105.0,V164-8.0 MW,2019-08
2763,Horns Rev III,Vestas,55.7093,7.6269,Denmark,8.0,164.0,105.0,V164-8.0 MW,2019-08
2764,Horns Rev III,Vestas,55.7083,7.5991,Denmark,8.0,164.0,105.0,V164-8.0 MW,2019-08
2765,Horns Rev III,Vestas,55.707,7.5687,Denmark,8.0,164.0,105.0,V164-8.0 MW,2019-08
2766,Horns Rev III,Vestas,55.736,7.5507,Denmark,8.0,164.0,105.0,V164-8.0 MW,2019-08
2767,Horns Rev III,Vestas,55.7379,7.604,Denmark,8.0,164.0,105.0,V164-8.0 MW,2019-08
2768,Horns Rev III,Vestas,55.7281,7.6012,Denmark,8.0,164.0,105.0,V164-8.0 MW,2019-08
2769,Horns Rev III,Vestas,55.7258,7.5534,Denmark,8.0,164.0,105.0,V164-8.0 MW,2019-08
2770,Horns Rev III,Vestas,55.7167,7.5616,Denmark,8.0,164.0,105.0,V164-8.0 MW,2019-08
2771,Horns Rev III,Vestas,55.6973,7.5719,Denmark,8.0,164.0,105.0,V164-8.0 MW,2019-08
2772,Horns Rev III,Vestas,55.7373,7.5756,Denmark,8.0,164.0,105.0,V164-8.0 MW,2019-08
2773,Horns Rev III,Vestas,55.6984,7.5997,Denmark,8.0,164.0,105.0,V164-8.0 MW,2019-08
2774,Horns Rev III,Vestas,55.7182,7.5996,Denmark,8.0,164.0,105.0,V164-8.0 MW,2019-08
2775,Horns Rev III,Vestas,55.6885,7.6014,Denmark,8.0,164.0,105.0,V164-8.0 MW,2019-08
2776,Horns Rev III,Vestas,55.683,7.7145,Denmark,8.0,164.0,105.0,V164-8.0 MW,2019-08
2777,Horns Rev III,Vestas,55.7411,7.6874,Denmark,8.0,164.0,105.0,V164-8.0 MW,2019-08
2778,Horns Rev III,Vestas,55.7313,7.6847,Denmark,8.0,164.0,105.0,V164-8.0 MW,2019-08
2779,Horns Rev III,Vestas,55.7302,7.6569,Denmark,8.0,164.0,105.0,V164-8.0 MW,2019-08
2780,Horns Rev III,Vestas,55.6797,7.6321,Denmark,8.0,164.0,105.0,V164-8.0 MW,2019-08
2781,Horns Rev III,Vestas,55.7203,7.6552,Denmark,8.0,164.0,105.0,V164-8.0 MW,2019-08
2782,Horns Rev III,Vestas,55.7015,7.6831,Denmark,8.0,164.0,105.0,V164-8.0 MW,2019-08
2783,Horns Rev III,Vestas,55.6969,7.7092,Denmark,8.0,164.0,105.0,V164-8.0 MW,2019-08
2784,Horns Rev III,Vestas,55.7069,7.7086,Denmark,8.0,164.0,105.0,V164-8.0 MW,2019-08
2785,Horns Rev III,Vestas,55.6906,7.657,Denmark,8.0,164.0,105.0,V164-8.0 MW,2019-08
2786,Horns Rev III,Vestas,55.6994,7.6275,Denmark,8.0,164.0,105.0,V164-8.0 MW,2019-08
2787,Horns Rev III,Vestas,55.7114,7.6825,Denmark,8.0,164.0,105.0,V164-8.0 MW,2019-08
2788,Hornsea Project 1,Siemens Gamesa,53.832,2.0283,United Kingdom,7.0,154.0,115.0,SWT-7.0-154,2019-12
2789,Hornsea Project 1,Siemens Gamesa,53.9188,1.8081,United Kingdom,7.0,154.0,115.0,SWT-7.0-154,2019-12
2790,Hornsea Project 1,Siemens Gamesa,53.8452,2.2198,United Kingdom,7.0,154.0,115.0,SWT-7.0-154,2019-12
2791,Hornsea Project 1,Siemens Gamesa,53.8682,1.7096,United Kingdom,7.0,154.0,115.0,SWT-7.0-154,2019-12
2792,Hornsea Project 1,Siemens Gamesa,53.8924,1.7576,United Kingdom,7.0,154.0,115.0,SWT-7.0-154,2019-12
2793,Hornsea Project 1,Siemens Gamesa,53.8953,1.7324,United Kingdom,7.0,154.0,115.0,SWT-7.0-154,2019-12
2794,Hornsea Project 1,Siemens Gamesa,53.8361,1.8046,United Kingdom,7.0,154.0,115.0,SWT-7.0-154,2019-12
2795,Hornsea Project 1,Siemens Gamesa,53.8342,1.9342,United Kingdom,7.0,154.0,115.0,SWT-7.0-154,2019-12
2796,Hornsea Project 1,Siemens Gamesa,53.8355,1.6656,United Kingdom,7.0,154.0,115.0,SWT-7.0-154,2019-12
2797,Hornsea Project 1,Siemens Gamesa,53.8347,1.8738,United Kingdom,7.0,154.0,115.0,SWT-7.0-154,2019-12
2798,Hornsea Project 1,Siemens Gamesa,53.8345,1.8943,United Kingdom,7.0,154.0,115.0,SWT-7.0-154,2019-12
2799,Hornsea Project 1,Siemens Gamesa,53.8348,1.9095,United Kingdom,7.0,154.0,115.0,SWT-7.0-154,2019-12
2800,Hornsea Project 1,Siemens Gamesa,53.8342,1.9492,United Kingdom,7.0,154.0,115.0,SWT-7.0-154,2019-12
2801,Hornsea Project 1,Siemens Gamesa,53.834,1.9784,United Kingdom,7.0,154.0,115.0,SWT-7.0-154,2019-12
2802,Hornsea Project 1,Siemens Gamesa,53.8937,1.7843,United Kingdom,7.0,154.0,115.0,SWT-7.0-154,2019-12
2803,Hornsea Project 1,Siemens Gamesa,53.9503,1.7392,United Kingdom,7.0,154.0,115.0,SWT-7.0-154,2019-12
2804,Hornsea Project 1,Siemens Gamesa,53.8365,1.8285,United Kingdom,7.0,154.0,115.0,SWT-7.0-154,2019-12
2805,Hornsea Project 1,Siemens Gamesa,53.9531,1.7185,United Kingdom,7.0,154.0,115.0,SWT-7.0-154,2019-12
2806,Hornsea Project 1,Siemens Gamesa,53.8354,1.7236,United Kingdom,7.0,154.0,115.0,SWT-7.0-154,2019-12
2807,Hornsea Project 1,Siemens Gamesa,53.9604,1.7604,United Kingdom,7.0,154.0,115.0,SWT-7.0-154,2019-12
2808,Hornsea Project 1,Siemens Gamesa,53.9774,1.7415,United Kingdom,7.0,154.0,115.0,SWT-7.0-154,2019-12
2809,Hornsea Project 1,Siemens Gamesa,53.9711,1.6988,United Kingdom,7.0,154.0,115.0,SWT-7.0-154,2019-12
2810,Hornsea Project 1,Siemens Gamesa,53.9735,1.7153,United Kingdom,7.0,154.0,115.0,SWT-7.0-154,2019-12
2811,Hornsea Project 1,Siemens Gamesa,53.9693,1.7504,United Kingdom,7.0,154.0,115.0,SWT-7.0-154,2019-12
2812,Hornsea Project 1,Siemens Gamesa,53.8374,1.6805,United Kingdom,7.0,154.0,115.0,SWT-7.0-154,2019-12
2813,Hornsea Project 1,Siemens Gamesa,53.8354,1.7031,United Kingdom,7.0,154.0,115.0,SWT-7.0-154,2019-12
2814,Hornsea Project 1,Siemens Gamesa,53.8338,1.997,United Kingdom,7.0,154.0,115.0,SWT-7.0-154,2019-12
2815,Hornsea Project 1,Siemens Gamesa,53.9275,1.7644,United Kingdom,7.0,154.0,115.0,SWT-7.0-154,2019-12
2816,Hornsea Project 1,Siemens Gamesa,53.9521,2.0792,United Kingdom,7.0,154.0,115.0,SWT-7.0-154,2019-12
2817,Hornsea Project 1,Siemens Gamesa,53.8352,1.7654,United Kingdom,7.0,154.0,115.0,SWT-7.0-154,2019-12
2818,Hornsea Project 1,Siemens Gamesa,53.8351,1.7837,United Kingdom,7.0,154.0,115.0,SWT-7.0-154,2019-12
2819,Hornsea Project 1,Siemens Gamesa,53.8311,2.0424,United Kingdom,7.0,154.0,115.0,SWT-7.0-154,2019-12
2820,Hornsea Project 1,Siemens Gamesa,53.8301,2.0584,United Kingdom,7.0,154.0,115.0,SWT-7.0-154,2019-12
2821,Hornsea Project 1,Siemens Gamesa,53.8292,2.0727,United Kingdom,7.0,154.0,115.0,SWT-7.0-154,2019-12
2822,Hornsea Project 1,Siemens Gamesa,53.9192,2.1152,United Kingdom,7.0,154.0,115.0,SWT-7.0-154,2019-12
2823,Hornsea Project 1,Siemens Gamesa,53.8291,2.1009,United Kingdom,7.0,154.0,115.0,SWT-7.0-154,2019-12
2824,Hornsea Project 1,Siemens Gamesa,53.962,1.7088,United Kingdom,7.0,154.0,115.0,SWT-7.0-154,2019-12
2825,Hornsea Project 1,Siemens Gamesa,53.9619,1.7263,United Kingdom,7.0,154.0,115.0,SWT-7.0-154,2019-12
2826,Hornsea Project 1,Siemens Gamesa,53.9412,2.0911,United Kingdom,7.0,154.0,115.0,SWT-7.0-154,2019-12
2827,Hornsea Project 1,Siemens Gamesa,53.847,1.8078,United Kingdom,7.0,154.0,115.0,SWT-7.0-154,2019-12
2828,Hornsea Project 1,Siemens Gamesa,53.9076,1.696,United Kingdom,7.0,154.0,115.0,SWT-7.0-154,2019-12
2829,Hornsea Project 1,Siemens Gamesa,53.8461,1.8544,United Kingdom,7.0,154.0,115.0,SWT-7.0-154,2019-12
2830,Hornsea Project 1,Siemens Gamesa,53.9092,1.6642,United Kingdom,7.0,154.0,115.0,SWT-7.0-154,2019-12
2831,Hornsea Project 1,Siemens Gamesa,53.8681,2.1544,United Kingdom,7.0,154.0,115.0,SWT-7.0-154,2019-12
2832,Hornsea Project 1,Siemens Gamesa,53.8647,2.1985,United Kingdom,7.0,154.0,115.0,SWT-7.0-154,2019-12
2833,Hornsea Project 1,Siemens Gamesa,53.9265,1.7199,United Kingdom,7.0,154.0,115.0,SWT-7.0-154,2019-12
2834,Hornsea Project 1,Siemens Gamesa,53.8852,1.66,United Kingdom,7.0,154.0,115.0,SWT-7.0-154,2019-12
2835,Hornsea Project 1,Siemens Gamesa,53.9263,1.6752,United Kingdom,7.0,154.0,115.0,SWT-7.0-154,2019-12
2836,Hornsea Project 1,Siemens Gamesa,53.9159,1.7773,United Kingdom,7.0,154.0,115.0,SWT-7.0-154,2019-12
2837,Hornsea Project 1,Siemens Gamesa,53.917,1.7585,United Kingdom,7.0,154.0,115.0,SWT-7.0-154,2019-12
2838,Hornsea Project 1,Siemens Gamesa,53.9151,1.7325,United Kingdom,7.0,154.0,115.0,SWT-7.0-154,2019-12
2839,Hornsea Project 1,Siemens Gamesa,53.9165,1.7091,United Kingdom,7.0,154.0,115.0,SWT-7.0-154,2019-12
2840,Hornsea Project 1,Siemens Gamesa,53.9162,1.6865,United Kingdom,7.0,154.0,115.0,SWT-7.0-154,2019-12
2841,Hornsea Project 1,Siemens Gamesa,53.9044,1.79,United Kingdom,7.0,154.0,115.0,SWT-7.0-154,2019-12
2842,Hornsea Project 1,Siemens Gamesa,53.9038,1.745,United Kingdom,7.0,154.0,115.0,SWT-7.0-154,2019-12
2843,Hornsea Project 1,Siemens Gamesa,53.865,2.1745,United Kingdom,7.0,154.0,115.0,SWT-7.0-154,2019-12
2844,Hornsea Project 1,Siemens Gamesa,53.8353,1.7451,United Kingdom,7.0,154.0,115.0,SWT-7.0-154,2019-12
2845,Hornsea Project 1,Siemens Gamesa,53.9022,1.9096,United Kingdom,7.0,154.0,115.0,SWT-7.0-154,2019-12
2846,Hornsea Project 1,Siemens Gamesa,53.8908,1.9222,United Kingdom,7.0,154.0,115.0,SWT-7.0-154,2019-12
2847,Hornsea Project 1,Siemens Gamesa,53.8692,2.1117,United Kingdom,7.0,154.0,115.0,SWT-7.0-154,2019-12
2848,Hornsea Project 1,Siemens Gamesa,53.8676,2.0721,United Kingdom,7.0,154.0,115.0,SWT-7.0-154,2019-12
2849,Hornsea Project 1,Siemens Gamesa,53.8643,2.0343,United Kingdom,7.0,154.0,115.0,SWT-7.0-154,2019-12
2850,Hornsea Project 1,Siemens Gamesa,53.8697,1.7827,United Kingdom,7.0,154.0,115.0,SWT-7.0-154,2019-12
2851,Hornsea Project 1,Siemens Gamesa,53.8461,1.8884,United Kingdom,7.0,154.0,115.0,SWT-7.0-154,2019-12
2852,Hornsea Project 1,Siemens Gamesa,53.8471,1.9288,United Kingdom,7.0,154.0,115.0,SWT-7.0-154,2019-12
2853,Hornsea Project 1,Siemens Gamesa,53.8452,1.9724,United Kingdom,7.0,154.0,115.0,SWT-7.0-154,2019-12
2854,Hornsea Project 1,Siemens Gamesa,53.8428,2.0164,United Kingdom,7.0,154.0,115.0,SWT-7.0-154,2019-12
2855,Hornsea Project 1,Siemens Gamesa,53.8715,1.8088,United Kingdom,7.0,154.0,115.0,SWT-7.0-154,2019-12
2856,Hornsea Project 1,Siemens Gamesa,53.8922,1.8034,United Kingdom,7.0,154.0,115.0,SWT-7.0-154,2019-12
2857,Hornsea Project 1,Siemens Gamesa,53.8827,1.8139,United Kingdom,7.0,154.0,115.0,SWT-7.0-154,2019-12
2858,Hornsea Project 1,Siemens Gamesa,53.8697,1.8283,United Kingdom,7.0,154.0,115.0,SWT-7.0-154,2019-12
2859,Hornsea Project 1,Siemens Gamesa,53.8474,1.8353,United Kingdom,7.0,154.0,115.0,SWT-7.0-154,2019-12
2860,Hornsea Project 1,Siemens Gamesa,53.8337,2.0143,United Kingdom,7.0,154.0,115.0,SWT-7.0-154,2019-12
2861,Hornsea Project 1,Siemens Gamesa,53.8914,2.1458,United Kingdom,7.0,154.0,115.0,SWT-7.0-154,2019-12
2862,Hornsea Project 1,Siemens Gamesa,53.8639,1.7444,United Kingdom,7.0,154.0,115.0,SWT-7.0-154,2019-12
2863,Hornsea Project 1,Siemens Gamesa,53.8572,2.0834,United Kingdom,7.0,154.0,115.0,SWT-7.0-154,2019-12
2864,Hornsea Project 1,Siemens Gamesa,53.8592,2.1227,United Kingdom,7.0,154.0,115.0,SWT-7.0-154,2019-12
2865,Hornsea Project 1,Siemens Gamesa,53.8575,2.1659,United Kingdom,7.0,154.0,115.0,SWT-7.0-154,2019-12
2866,Hornsea Project 1,Siemens Gamesa,53.8553,2.2088,United Kingdom,7.0,154.0,115.0,SWT-7.0-154,2019-12
2867,Hornsea Project 1,Siemens Gamesa,53.8733,1.734,United Kingdom,7.0,154.0,115.0,SWT-7.0-154,2019-12
2868,Hornsea Project 1,Siemens Gamesa,53.872,1.7578,United Kingdom,7.0,154.0,115.0,SWT-7.0-154,2019-12
2869,Hornsea Project 1,Siemens Gamesa,53.8666,1.6803,United Kingdom,7.0,154.0,115.0,SWT-7.0-154,2019-12
2870,Hornsea Project 1,Siemens Gamesa,53.93,1.7943,United Kingdom,7.0,154.0,115.0,SWT-7.0-154,2019-12
2871,Hornsea Project 1,Siemens Gamesa,53.8283,2.0869,United Kingdom,7.0,154.0,115.0,SWT-7.0-154,2019-12
2872,Hornsea Project 1,Siemens Gamesa,53.9342,1.6889,United Kingdom,7.0,154.0,115.0,SWT-7.0-154,2019-12
2873,Hornsea Project 1,Siemens Gamesa,53.8785,2.0601,United Kingdom,7.0,154.0,115.0,SWT-7.0-154,2019-12
2874,Hornsea Project 1,Siemens Gamesa,53.876,2.0214,United Kingdom,7.0,154.0,115.0,SWT-7.0-154,2019-12
2875,Hornsea Project 1,Siemens Gamesa,53.8811,1.7702,United Kingdom,7.0,154.0,115.0,SWT-7.0-154,2019-12
2876,Hornsea Project 1,Siemens Gamesa,53.8827,1.7236,United Kingdom,7.0,154.0,115.0,SWT-7.0-154,2019-12
2877,Hornsea Project 1,Siemens Gamesa,53.8862,1.6897,United Kingdom,7.0,154.0,115.0,SWT-7.0-154,2019-12
2878,Hornsea Project 1,Siemens Gamesa,53.8865,1.9684,United Kingdom,7.0,154.0,115.0,SWT-7.0-154,2019-12
2879,Hornsea Project 1,Siemens Gamesa,53.909,1.8189,United Kingdom,7.0,154.0,115.0,SWT-7.0-154,2019-12
2880,Hornsea Project 1,Siemens Gamesa,53.9188,2.0575,United Kingdom,7.0,154.0,115.0,SWT-7.0-154,2019-12
2881,Hornsea Project 1,Siemens Gamesa,53.8971,2.0812,United Kingdom,7.0,154.0,115.0,SWT-7.0-154,2019-12
2882,Hornsea Project 1,Siemens Gamesa,53.8816,1.8493,United Kingdom,7.0,154.0,115.0,SWT-7.0-154,2019-12
2883,Hornsea Project 1,Siemens Gamesa,53.8698,1.8623,United Kingdom,7.0,154.0,115.0,SWT-7.0-154,2019-12
2884,Hornsea Project 1,Siemens Gamesa,53.934,1.833,United Kingdom,7.0,154.0,115.0,SWT-7.0-154,2019-12
2885,Hornsea Project 1,Siemens Gamesa,53.9216,1.8467,United Kingdom,7.0,154.0,115.0,SWT-7.0-154,2019-12
2886,Hornsea Project 1,Siemens Gamesa,53.8984,1.8718,United Kingdom,7.0,154.0,115.0,SWT-7.0-154,2019-12
2887,Hornsea Project 1,Siemens Gamesa,53.886,1.8859,United Kingdom,7.0,154.0,115.0,SWT-7.0-154,2019-12
2888,Hornsea Project 1,Siemens Gamesa,53.8696,1.904,United Kingdom,7.0,154.0,115.0,SWT-7.0-154,2019-12
2889,Hornsea Project 1,Siemens Gamesa,53.858,1.9168,United Kingdom,7.0,154.0,115.0,SWT-7.0-154,2019-12
2890,Hornsea Project 1,Siemens Gamesa,53.9249,1.8847,United Kingdom,7.0,154.0,115.0,SWT-7.0-154,2019-12
2891,Hornsea Project 1,Siemens Gamesa,53.9136,1.8971,United Kingdom,7.0,154.0,115.0,SWT-7.0-154,2019-12
2892,Hornsea Project 1,Siemens Gamesa,53.8989,1.7056,United Kingdom,7.0,154.0,115.0,SWT-7.0-154,2019-12
2893,Hornsea Project 1,Siemens Gamesa,53.88,2.1818,United Kingdom,7.0,154.0,115.0,SWT-7.0-154,2019-12
2894,Hornsea Project 1,Siemens Gamesa,53.8794,1.9347,United Kingdom,7.0,154.0,115.0,SWT-7.0-154,2019-12
2895,Hornsea Project 1,Siemens Gamesa,53.8566,1.9598,United Kingdom,7.0,154.0,115.0,SWT-7.0-154,2019-12
2896,Hornsea Project 1,Siemens Gamesa,53.9508,1.7711,United Kingdom,7.0,154.0,115.0,SWT-7.0-154,2019-12
2897,Hornsea Project 1,Siemens Gamesa,53.9089,2.0268,United Kingdom,7.0,154.0,115.0,SWT-7.0-154,2019-12
2898,Hornsea Project 1,Siemens Gamesa,53.8995,2.0371,United Kingdom,7.0,154.0,115.0,SWT-7.0-154,2019-12
2899,Hornsea Project 1,Siemens Gamesa,53.8882,2.0495,United Kingdom,7.0,154.0,115.0,SWT-7.0-154,2019-12
2900,Hornsea Project 1,Siemens Gamesa,53.9389,2.0354,United Kingdom,7.0,154.0,115.0,SWT-7.0-154,2019-12
2901,Hornsea Project 1,Siemens Gamesa,53.8934,1.8362,United Kingdom,7.0,154.0,115.0,SWT-7.0-154,2019-12
2902,Hornsea Project 1,Siemens Gamesa,53.9191,2.0156,United Kingdom,7.0,154.0,115.0,SWT-7.0-154,2019-12
2903,Hornsea Project 1,Siemens Gamesa,53.8579,1.8753,United Kingdom,7.0,154.0,115.0,SWT-7.0-154,2019-12
2904,Hornsea Project 1,Siemens Gamesa,53.8878,2.0085,United Kingdom,7.0,154.0,115.0,SWT-7.0-154,2019-12
2905,Hornsea Project 1,Siemens Gamesa,53.8995,1.9956,United Kingdom,7.0,154.0,115.0,SWT-7.0-154,2019-12
2906,Hornsea Project 1,Siemens Gamesa,53.9112,1.9827,United Kingdom,7.0,154.0,115.0,SWT-7.0-154,2019-12
2907,Hornsea Project 1,Siemens Gamesa,53.9228,1.97,United Kingdom,7.0,154.0,115.0,SWT-7.0-154,2019-12
2908,Hornsea Project 1,Siemens Gamesa,53.8537,2.0044,United Kingdom,7.0,154.0,115.0,SWT-7.0-154,2019-12
2909,Hornsea Project 1,Siemens Gamesa,53.8646,1.9924,United Kingdom,7.0,154.0,115.0,SWT-7.0-154,2019-12
2910,Hornsea Project 1,Siemens Gamesa,53.9298,2.0453,United Kingdom,7.0,154.0,115.0,SWT-7.0-154,2019-12
2911,Hornsea Project 1,Siemens Gamesa,53.8756,1.9804,United Kingdom,7.0,154.0,115.0,SWT-7.0-154,2019-12
2912,Hornsea Project 1,Siemens Gamesa,53.8974,1.9564,United Kingdom,7.0,154.0,115.0,SWT-7.0-154,2019-12
2913,Hornsea Project 1,Siemens Gamesa,53.9083,1.9444,United Kingdom,7.0,154.0,115.0,SWT-7.0-154,2019-12
2914,Hornsea Project 1,Siemens Gamesa,53.919,1.9327,United Kingdom,7.0,154.0,115.0,SWT-7.0-154,2019-12
2915,Hornsea Project 1,Siemens Gamesa,53.868,1.9473,United Kingdom,7.0,154.0,115.0,SWT-7.0-154,2019-12
2916,Hornsea Project 1,Siemens Gamesa,53.8885,2.1726,United Kingdom,7.0,154.0,115.0,SWT-7.0-154,2019-12
2917,Hornsea Project 1,Siemens Gamesa,53.8356,1.6514,United Kingdom,7.0,154.0,115.0,SWT-7.0-154,2019-12
2918,Hornsea Project 1,Siemens Gamesa,53.8996,2.1605,United Kingdom,7.0,154.0,115.0,SWT-7.0-154,2019-12
2919,Hornsea Project 1,Siemens Gamesa,53.8268,2.1996,United Kingdom,7.0,154.0,115.0,SWT-7.0-154,2019-12
2920,Hornsea Project 1,Siemens Gamesa,53.8495,1.6704,United Kingdom,7.0,154.0,115.0,SWT-7.0-154,2019-12
2921,Hornsea Project 1,Siemens Gamesa,53.8495,1.6993,United Kingdom,7.0,154.0,115.0,SWT-7.0-154,2019-12
2922,Hornsea Project 1,Siemens Gamesa,53.8511,1.7286,United Kingdom,7.0,154.0,115.0,SWT-7.0-154,2019-12
2923,Hornsea Project 1,Siemens Gamesa,53.9372,1.708,United Kingdom,7.0,154.0,115.0,SWT-7.0-154,2019-12
2924,Hornsea Project 1,Siemens Gamesa,53.8451,1.7652,United Kingdom,7.0,154.0,115.0,SWT-7.0-154,2019-12
2925,Hornsea Project 1,Siemens Gamesa,53.8408,2.06,United Kingdom,7.0,154.0,115.0,SWT-7.0-154,2019-12
2926,Hornsea Project 1,Siemens Gamesa,53.837,2.1055,United Kingdom,7.0,154.0,115.0,SWT-7.0-154,2019-12
2927,Hornsea Project 1,Siemens Gamesa,53.8371,2.1468,United Kingdom,7.0,154.0,115.0,SWT-7.0-154,2019-12
2928,Hornsea Project 1,Siemens Gamesa,53.8381,2.2038,United Kingdom,7.0,154.0,115.0,SWT-7.0-154,2019-12
2929,Hornsea Project 1,Siemens Gamesa,53.8361,2.2297,United Kingdom,7.0,154.0,115.0,SWT-7.0-154,2019-12
2930,Hornsea Project 1,Siemens Gamesa,53.8624,1.656,United Kingdom,7.0,154.0,115.0,SWT-7.0-154,2019-12
2931,Hornsea Project 1,Siemens Gamesa,53.8545,1.7548,United Kingdom,7.0,154.0,115.0,SWT-7.0-154,2019-12
2932,Hornsea Project 1,Siemens Gamesa,53.8584,1.7952,United Kingdom,7.0,154.0,115.0,SWT-7.0-154,2019-12
2933,Hornsea Project 1,Siemens Gamesa,53.8525,2.0471,United Kingdom,7.0,154.0,115.0,SWT-7.0-154,2019-12
2934,Hornsea Project 1,Siemens Gamesa,53.8472,2.1357,United Kingdom,7.0,154.0,115.0,SWT-7.0-154,2019-12
2935,Hornsea Project 1,Siemens Gamesa,53.8466,1.7859,United Kingdom,7.0,154.0,115.0,SWT-7.0-154,2019-12
2936,Hornsea Project 1,Siemens Gamesa,53.9071,2.0703,United Kingdom,7.0,154.0,115.0,SWT-7.0-154,2019-12
2937,Hornsea Project 1,Siemens Gamesa,53.8458,2.1751,United Kingdom,7.0,154.0,115.0,SWT-7.0-154,2019-12
2938,Hornsea Project 1,Siemens Gamesa,53.8227,2.1758,United Kingdom,7.0,154.0,115.0,SWT-7.0-154,2019-12
2939,Hornsea Project 1,Siemens Gamesa,53.8239,2.157,United Kingdom,7.0,154.0,115.0,SWT-7.0-154,2019-12
2940,Hornsea Project 1,Siemens Gamesa,53.847,2.0949,United Kingdom,7.0,154.0,115.0,SWT-7.0-154,2019-12
2941,Hornsea Project 1,Siemens Gamesa,53.8257,2.1285,United Kingdom,7.0,154.0,115.0,SWT-7.0-154,2019-12
2942,Hornsea Project 1,Siemens Gamesa,53.826,2.143,United Kingdom,7.0,154.0,115.0,SWT-7.0-154,2019-12
2943,Hornsea Project 1,Siemens Gamesa,53.9224,2.1356,United Kingdom,7.0,154.0,115.0,SWT-7.0-154,2019-12
2944,Hornsea Project 1,Siemens Gamesa,53.9467,2.1089,United Kingdom,7.0,154.0,115.0,SWT-7.0-154,2019-12
2945,Hornsea Project 1,Siemens Gamesa,53.8789,2.1426,United Kingdom,7.0,154.0,115.0,SWT-7.0-154,2019-12
2946,Hornsea Project 1,Siemens Gamesa,53.8897,2.1308,United Kingdom,7.0,154.0,115.0,SWT-7.0-154,2019-12
2947,Hornsea Project 1,Siemens Gamesa,53.9005,2.1189,United Kingdom,7.0,154.0,115.0,SWT-7.0-154,2019-12
2948,Hornsea Project 1,Siemens Gamesa,53.9113,2.1071,United Kingdom,7.0,154.0,115.0,SWT-7.0-154,2019-12
2949,Hornsea Project 1,Siemens Gamesa,53.9222,2.0952,United Kingdom,7.0,154.0,115.0,SWT-7.0-154,2019-12
2950,Hornsea Project 1,Siemens Gamesa,53.933,2.0834,United Kingdom,7.0,154.0,115.0,SWT-7.0-154,2019-12
2951,Hornsea Project 1,Siemens Gamesa,53.9547,2.1002,United Kingdom,7.0,154.0,115.0,SWT-7.0-154,2019-12
2952,Hornsea Project 1,Siemens Gamesa,53.8857,2.0937,United Kingdom,7.0,154.0,115.0,SWT-7.0-154,2019-12
2953,Hornsea Project 1,Siemens Gamesa,53.9408,1.7822,United Kingdom,7.0,154.0,115.0,SWT-7.0-154,2019-12
2954,Hornsea Project 1,Siemens Gamesa,53.9437,2.0717,United Kingdom,7.0,154.0,115.0,SWT-7.0-154,2019-12
2955,Hornsea Project 1,Siemens Gamesa,53.9392,1.7515,United Kingdom,7.0,154.0,115.0,SWT-7.0-154,2019-12
2956,Hornsea Project 1,Siemens Gamesa,53.9421,1.7307,United Kingdom,7.0,154.0,115.0,SWT-7.0-154,2019-12
2957,Hornsea Project 1,Siemens Gamesa,53.9342,2.1226,United Kingdom,7.0,154.0,115.0,SWT-7.0-154,2019-12
2958,Hornsea Project 1,Siemens Gamesa,53.8347,1.8493,United Kingdom,7.0,154.0,115.0,SWT-7.0-154,2019-12
2959,Hornsea Project 1,Siemens Gamesa,53.9102,1.8593,United Kingdom,7.0,154.0,115.0,SWT-7.0-154,2019-12
2960,Hornsea Project 1,Siemens Gamesa,53.8581,1.841,United Kingdom,7.0,154.0,115.0,SWT-7.0-154,2019-12
2961,Hornsea Project 1,Siemens Gamesa,53.9108,2.1483,United Kingdom,7.0,154.0,115.0,SWT-7.0-154,2019-12
2962,Hornsea Project 2,Siemens Gamesa,53.9648,2.0892,United Kingdom,8.0,167.0,120.0,SG 8.0-167 DD,2022-08
2963,Hornsea Project 2,Siemens Gamesa,53.9739,1.9138,United Kingdom,8.0,167.0,120.0,SG 8.0-167 DD,2022-08
2964,Hornsea Project 2,Siemens Gamesa,53.9664,1.6307,United Kingdom,8.0,167.0,120.0,SG 8.0-167 DD,2022-08
2965,Hornsea Project 2,Siemens Gamesa,53.9316,1.9603,United Kingdom,8.0,167.0,120.0,SG 8.0-167 DD,2022-08
2966,Hornsea Project 2,Siemens Gamesa,53.9398,1.9513,United Kingdom,8.0,167.0,120.0,SG 8.0-167 DD,2022-08
2967,Hornsea Project 2,Siemens Gamesa,53.952,1.9379,United Kingdom,8.0,167.0,120.0,SG 8.0-167 DD,2022-08
2968,Hornsea Project 2,Siemens Gamesa,53.9895,1.6275,United Kingdom,8.0,167.0,120.0,SG 8.0-167 DD,2022-08
2969,Hornsea Project 2,Siemens Gamesa,53.865,1.5624,United Kingdom,8.0,167.0,120.0,SG 8.0-167 DD,2022-08
2970,Hornsea Project 2,Siemens Gamesa,53.8677,1.5822,United Kingdom,8.0,167.0,120.0,SG 8.0-167 DD,2022-08
2971,Hornsea Project 2,Siemens Gamesa,53.9793,1.4573,United Kingdom,8.0,167.0,120.0,SG 8.0-167 DD,2022-08
2972,Hornsea Project 2,Siemens Gamesa,53.9279,2.0062,United Kingdom,8.0,167.0,120.0,SG 8.0-167 DD,2022-08
2973,Hornsea Project 2,Siemens Gamesa,53.8596,1.5911,United Kingdom,8.0,167.0,120.0,SG 8.0-167 DD,2022-08
2974,Hornsea Project 2,Siemens Gamesa,53.9616,2.0519,United Kingdom,8.0,167.0,120.0,SG 8.0-167 DD,2022-08
2975,Hornsea Project 2,Siemens Gamesa,53.933,1.9172,United Kingdom,8.0,167.0,120.0,SG 8.0-167 DD,2022-08
2976,Hornsea Project 2,Siemens Gamesa,53.985,1.933,United Kingdom,8.0,167.0,120.0,SG 8.0-167 DD,2022-08
2977,Hornsea Project 2,Siemens Gamesa,53.881,1.5889,United Kingdom,8.0,167.0,120.0,SG 8.0-167 DD,2022-08
2978,Hornsea Project 2,Siemens Gamesa,53.9771,1.5081,United Kingdom,8.0,167.0,120.0,SG 8.0-167 DD,2022-08
2979,Hornsea Project 2,Siemens Gamesa,53.8375,1.5701,United Kingdom,8.0,167.0,120.0,SG 8.0-167 DD,2022-08
2980,Hornsea Project 2,Siemens Gamesa,53.9807,1.9894,United Kingdom,8.0,167.0,120.0,SG 8.0-167 DD,2022-08
2981,Hornsea Project 2,Siemens Gamesa,53.9344,1.4849,United Kingdom,8.0,167.0,120.0,SG 8.0-167 DD,2022-08
2982,Hornsea Project 2,Siemens Gamesa,53.9742,2.0807,United Kingdom,8.0,167.0,120.0,SG 8.0-167 DD,2022-08
2983,Hornsea Project 2,Siemens Gamesa,53.9383,1.4575,United Kingdom,8.0,167.0,120.0,SG 8.0-167 DD,2022-08
2984,Hornsea Project 2,Siemens Gamesa,53.9524,1.4648,United Kingdom,8.0,167.0,120.0,SG 8.0-167 DD,2022-08
2985,Hornsea Project 2,Siemens Gamesa,53.9514,1.4888,United Kingdom,8.0,167.0,120.0,SG 8.0-167 DD,2022-08
2986,Hornsea Project 2,Siemens Gamesa,53.9483,1.5139,United Kingdom,8.0,167.0,120.0,SG 8.0-167 DD,2022-08
2987,Hornsea Project 2,Siemens Gamesa,54.0021,1.636,United Kingdom,8.0,167.0,120.0,SG 8.0-167 DD,2022-08
2988,Hornsea Project 2,Siemens Gamesa,53.9833,1.9707,United Kingdom,8.0,167.0,120.0,SG 8.0-167 DD,2022-08
2989,Hornsea Project 2,Siemens Gamesa,53.9945,1.5994,United Kingdom,8.0,167.0,120.0,SG 8.0-167 DD,2022-08
2990,Hornsea Project 2,Siemens Gamesa,53.979,1.5866,United Kingdom,8.0,167.0,120.0,SG 8.0-167 DD,2022-08
2991,Hornsea Project 2,Siemens Gamesa,53.8364,1.5477,United Kingdom,8.0,167.0,120.0,SG 8.0-167 DD,2022-08
2992,Hornsea Project 2,Siemens Gamesa,53.8461,1.5607,United Kingdom,8.0,167.0,120.0,SG 8.0-167 DD,2022-08
2993,Hornsea Project 2,Siemens Gamesa,53.8472,1.5359,United Kingdom,8.0,167.0,120.0,SG 8.0-167 DD,2022-08
2994,Hornsea Project 2,Siemens Gamesa,53.8363,1.5257,United Kingdom,8.0,167.0,120.0,SG 8.0-167 DD,2022-08
2995,Hornsea Project 2,Siemens Gamesa,53.9555,1.975,United Kingdom,8.0,167.0,120.0,SG 8.0-167 DD,2022-08
2996,Hornsea Project 2,Siemens Gamesa,53.9652,1.965,United Kingdom,8.0,167.0,120.0,SG 8.0-167 DD,2022-08
2997,Hornsea Project 2,Siemens Gamesa,53.9951,1.7716,United Kingdom,8.0,167.0,120.0,SG 8.0-167 DD,2022-08
2998,Hornsea Project 2,Siemens Gamesa,53.9447,1.9872,United Kingdom,8.0,167.0,120.0,SG 8.0-167 DD,2022-08
2999,Hornsea Project 2,Siemens Gamesa,53.9321,1.6385,United Kingdom,8.0,167.0,120.0,SG 8.0-167 DD,2022-08
3000,Hornsea Project 2,Siemens Gamesa,53.9584,2.014,United Kingdom,8.0,167.0,120.0,SG 8.0-167 DD,2022-08
3001,Hornsea Project 2,Siemens Gamesa,53.9651,1.6545,United Kingdom,8.0,167.0,120.0,SG 8.0-167 DD,2022-08
3002,Hornsea Project 2,Siemens Gamesa,53.9758,1.6427,United Kingdom,8.0,167.0,120.0,SG 8.0-167 DD,2022-08
3003,Hornsea Project 2,Siemens Gamesa,53.9653,1.6018,United Kingdom,8.0,167.0,120.0,SG 8.0-167 DD,2022-08
3004,Hornsea Project 2,Siemens Gamesa,53.9806,1.6148,United Kingdom,8.0,167.0,120.0,SG 8.0-167 DD,2022-08
3005,Hornsea Project 2,Siemens Gamesa,53.9429,1.6792,United Kingdom,8.0,167.0,120.0,SG 8.0-167 DD,2022-08
3006,Hornsea Project 2,Siemens Gamesa,53.9782,1.8259,United Kingdom,8.0,167.0,120.0,SG 8.0-167 DD,2022-08
3007,Hornsea Project 2,Siemens Gamesa,53.9556,1.8093,United Kingdom,8.0,167.0,120.0,SG 8.0-167 DD,2022-08
3008,Hornsea Project 2,Siemens Gamesa,53.9533,1.6453,United Kingdom,8.0,167.0,120.0,SG 8.0-167 DD,2022-08
3009,Hornsea Project 2,Siemens Gamesa,53.9697,1.8767,United Kingdom,8.0,167.0,120.0,SG 8.0-167 DD,2022-08
3010,Hornsea Project 2,Siemens Gamesa,53.9575,1.8485,United Kingdom,8.0,167.0,120.0,SG 8.0-167 DD,2022-08
3011,Hornsea Project 2,Siemens Gamesa,53.9479,1.8595,United Kingdom,8.0,167.0,120.0,SG 8.0-167 DD,2022-08
3012,Hornsea Project 2,Siemens Gamesa,53.8365,1.5031,United Kingdom,8.0,167.0,120.0,SG 8.0-167 DD,2022-08
3013,Hornsea Project 2,Siemens Gamesa,53.8457,1.5154,United Kingdom,8.0,167.0,120.0,SG 8.0-167 DD,2022-08
3014,Hornsea Project 2,Siemens Gamesa,53.8572,1.5482,United Kingdom,8.0,167.0,120.0,SG 8.0-167 DD,2022-08
3015,Hornsea Project 2,Siemens Gamesa,53.8694,1.5347,United Kingdom,8.0,167.0,120.0,SG 8.0-167 DD,2022-08
3016,Hornsea Project 2,Siemens Gamesa,53.9319,1.4646,United Kingdom,8.0,167.0,120.0,SG 8.0-167 DD,2022-08
3017,Hornsea Project 2,Siemens Gamesa,53.9678,1.8374,United Kingdom,8.0,167.0,120.0,SG 8.0-167 DD,2022-08
3018,Hornsea Project 2,Siemens Gamesa,53.9508,1.6179,United Kingdom,8.0,167.0,120.0,SG 8.0-167 DD,2022-08
3019,Hornsea Project 2,Siemens Gamesa,53.9244,1.6475,United Kingdom,8.0,167.0,120.0,SG 8.0-167 DD,2022-08
3020,Hornsea Project 2,Siemens Gamesa,53.9459,1.6985,United Kingdom,8.0,167.0,120.0,SG 8.0-167 DD,2022-08
3021,Hornsea Project 2,Siemens Gamesa,53.9686,2.0028,United Kingdom,8.0,167.0,120.0,SG 8.0-167 DD,2022-08
3022,Hornsea Project 2,Siemens Gamesa,53.9267,1.6139,United Kingdom,8.0,167.0,120.0,SG 8.0-167 DD,2022-08
3023,Hornsea Project 2,Siemens Gamesa,53.9146,1.5779,United Kingdom,8.0,167.0,120.0,SG 8.0-167 DD,2022-08
3024,Hornsea Project 2,Siemens Gamesa,53.916,1.5966,United Kingdom,8.0,167.0,120.0,SG 8.0-167 DD,2022-08
3025,Hornsea Project 2,Siemens Gamesa,53.9358,1.9973,United Kingdom,8.0,167.0,120.0,SG 8.0-167 DD,2022-08
3026,Hornsea Project 2,Siemens Gamesa,53.9404,1.9091,United Kingdom,8.0,167.0,120.0,SG 8.0-167 DD,2022-08
3027,Hornsea Project 2,Siemens Gamesa,53.9637,1.9249,United Kingdom,8.0,167.0,120.0,SG 8.0-167 DD,2022-08
3028,Hornsea Project 2,Siemens Gamesa,53.9621,1.8852,United Kingdom,8.0,167.0,120.0,SG 8.0-167 DD,2022-08
3029,Hornsea Project 2,Siemens Gamesa,53.9487,1.9,United Kingdom,8.0,167.0,120.0,SG 8.0-167 DD,2022-08
3030,Hornsea Project 2,Siemens Gamesa,53.9659,1.7978,United Kingdom,8.0,167.0,120.0,SG 8.0-167 DD,2022-08
3031,Hornsea Project 2,Siemens Gamesa,53.9761,1.7863,United Kingdom,8.0,167.0,120.0,SG 8.0-167 DD,2022-08
3032,Hornsea Project 2,Siemens Gamesa,53.9851,1.7764,United Kingdom,8.0,167.0,120.0,SG 8.0-167 DD,2022-08
3033,Hornsea Project 2,Siemens Gamesa,53.9867,1.7335,United Kingdom,8.0,167.0,120.0,SG 8.0-167 DD,2022-08
3034,Hornsea Project 2,Siemens Gamesa,53.982,1.7041,United Kingdom,8.0,167.0,120.0,SG 8.0-167 DD,2022-08
3035,Hornsea Project 2,Siemens Gamesa,53.989,1.6786,United Kingdom,8.0,167.0,120.0,SG 8.0-167 DD,2022-08
3036,Hornsea Project 2,Siemens Gamesa,53.9595,1.6831,United Kingdom,8.0,167.0,120.0,SG 8.0-167 DD,2022-08
3037,Hornsea Project 2,Siemens Gamesa,53.9427,1.8235,United Kingdom,8.0,167.0,120.0,SG 8.0-167 DD,2022-08
3038,Hornsea Project 2,Siemens Gamesa,53.9476,2.0258,United Kingdom,8.0,167.0,120.0,SG 8.0-167 DD,2022-08
3039,Hornsea Project 2,Siemens Gamesa,53.9231,1.4746,United Kingdom,8.0,167.0,120.0,SG 8.0-167 DD,2022-08
3040,Hornsea Project 2,Siemens Gamesa,53.9735,2.039,United Kingdom,8.0,167.0,120.0,SG 8.0-167 DD,2022-08
3041,Hornsea Project 2,Siemens Gamesa,53.9208,1.5,United Kingdom,8.0,167.0,120.0,SG 8.0-167 DD,2022-08
3042,Hornsea Project 2,Siemens Gamesa,54.0059,1.5255,United Kingdom,8.0,167.0,120.0,SG 8.0-167 DD,2022-08
3043,Hornsea Project 2,Siemens Gamesa,53.9997,1.5323,United Kingdom,8.0,167.0,120.0,SG 8.0-167 DD,2022-08
3044,Hornsea Project 2,Siemens Gamesa,54.0044,1.6108,United Kingdom,8.0,167.0,120.0,SG 8.0-167 DD,2022-08
3045,Hornsea Project 2,Siemens Gamesa,54.0048,1.5881,United Kingdom,8.0,167.0,120.0,SG 8.0-167 DD,2022-08
3046,Hornsea Project 2,Siemens Gamesa,54.0053,1.5572,United Kingdom,8.0,167.0,120.0,SG 8.0-167 DD,2022-08
3047,Hornsea Project 2,Siemens Gamesa,53.9982,1.5653,United Kingdom,8.0,167.0,120.0,SG 8.0-167 DD,2022-08
3048,Hornsea Project 2,Siemens Gamesa,53.9908,1.5735,United Kingdom,8.0,167.0,120.0,SG 8.0-167 DD,2022-08
3049,Hornsea Project 2,Siemens Gamesa,53.9748,2.0544,United Kingdom,8.0,167.0,120.0,SG 8.0-167 DD,2022-08
3050,Hornsea Project 2,Siemens Gamesa,53.9787,2.0297,United Kingdom,8.0,167.0,120.0,SG 8.0-167 DD,2022-08
3051,Hornsea Project 2,Siemens Gamesa,53.9809,2.0027,United Kingdom,8.0,167.0,120.0,SG 8.0-167 DD,2022-08
3052,Hornsea Project 2,Siemens Gamesa,53.9002,1.6431,United Kingdom,8.0,167.0,120.0,SG 8.0-167 DD,2022-08
3053,Hornsea Project 2,Siemens Gamesa,53.9833,1.945,United Kingdom,8.0,167.0,120.0,SG 8.0-167 DD,2022-08
3054,Hornsea Project 2,Siemens Gamesa,53.986,1.8945,United Kingdom,8.0,167.0,120.0,SG 8.0-167 DD,2022-08
3055,Hornsea Project 2,Siemens Gamesa,53.9862,1.8715,United Kingdom,8.0,167.0,120.0,SG 8.0-167 DD,2022-08
3056,Hornsea Project 2,Siemens Gamesa,53.9145,1.6271,United Kingdom,8.0,167.0,120.0,SG 8.0-167 DD,2022-08
3057,Hornsea Project 2,Siemens Gamesa,53.9066,1.6357,United Kingdom,8.0,167.0,120.0,SG 8.0-167 DD,2022-08
3058,Hornsea Project 2,Siemens Gamesa,53.9378,1.6013,United Kingdom,8.0,167.0,120.0,SG 8.0-167 DD,2022-08
3059,Hornsea Project 2,Siemens Gamesa,53.867,1.5138,United Kingdom,8.0,167.0,120.0,SG 8.0-167 DD,2022-08
3060,Hornsea Project 2,Siemens Gamesa,53.885,1.5173,United Kingdom,8.0,167.0,120.0,SG 8.0-167 DD,2022-08
3061,Hornsea Project 2,Siemens Gamesa,53.9361,1.5742,United Kingdom,8.0,167.0,120.0,SG 8.0-167 DD,2022-08
3062,Hornsea Project 2,Siemens Gamesa,53.9498,1.5588,United Kingdom,8.0,167.0,120.0,SG 8.0-167 DD,2022-08
3063,Hornsea Project 2,Siemens Gamesa,53.8553,1.4676,United Kingdom,8.0,167.0,120.0,SG 8.0-167 DD,2022-08
3064,Hornsea Project 2,Siemens Gamesa,53.838,1.4571,United Kingdom,8.0,167.0,120.0,SG 8.0-167 DD,2022-08
3065,Hornsea Project 2,Siemens Gamesa,53.8367,1.4717,United Kingdom,8.0,167.0,120.0,SG 8.0-167 DD,2022-08
3066,Hornsea Project 2,Siemens Gamesa,53.838,1.4869,United Kingdom,8.0,167.0,120.0,SG 8.0-167 DD,2022-08
3067,Hornsea Project 2,Siemens Gamesa,53.8504,1.4875,United Kingdom,8.0,167.0,120.0,SG 8.0-167 DD,2022-08
3068,Hornsea Project 2,Siemens Gamesa,54.0003,1.5026,United Kingdom,8.0,167.0,120.0,SG 8.0-167 DD,2022-08
3069,Hornsea Project 2,Siemens Gamesa,53.8518,1.4547,United Kingdom,8.0,167.0,120.0,SG 8.0-167 DD,2022-08
3070,Hornsea Project 2,Siemens Gamesa,53.8653,1.4564,United Kingdom,8.0,167.0,120.0,SG 8.0-167 DD,2022-08
3071,Hornsea Project 2,Siemens Gamesa,53.9488,1.5891,United Kingdom,8.0,167.0,120.0,SG 8.0-167 DD,2022-08
3072,Hornsea Project 2,Siemens Gamesa,53.8761,1.4586,United Kingdom,8.0,167.0,120.0,SG 8.0-167 DD,2022-08
3073,Hornsea Project 2,Siemens Gamesa,53.8827,1.4961,United Kingdom,8.0,167.0,120.0,SG 8.0-167 DD,2022-08
3074,Hornsea Project 2,Siemens Gamesa,53.8813,1.5442,United Kingdom,8.0,167.0,120.0,SG 8.0-167 DD,2022-08
3075,Hornsea Project 2,Siemens Gamesa,53.8908,1.5562,United Kingdom,8.0,167.0,120.0,SG 8.0-167 DD,2022-08
3076,Hornsea Project 2,Siemens Gamesa,53.9023,1.5654,United Kingdom,8.0,167.0,120.0,SG 8.0-167 DD,2022-08
3077,Hornsea Project 2,Siemens Gamesa,53.9067,1.5388,United Kingdom,8.0,167.0,120.0,SG 8.0-167 DD,2022-08
3078,Hornsea Project 2,Siemens Gamesa,53.9905,1.8058,United Kingdom,8.0,167.0,120.0,SG 8.0-167 DD,2022-08
3079,Hornsea Project 2,Siemens Gamesa,53.9874,1.5169,United Kingdom,8.0,167.0,120.0,SG 8.0-167 DD,2022-08
3080,Hornsea Project 2,Siemens Gamesa,53.9747,1.531,United Kingdom,8.0,167.0,120.0,SG 8.0-167 DD,2022-08
3081,Hornsea Project 2,Siemens Gamesa,53.8628,1.4965,United Kingdom,8.0,167.0,120.0,SG 8.0-167 DD,2022-08
3082,Hornsea Project 2,Siemens Gamesa,53.9626,1.5738,United Kingdom,8.0,167.0,120.0,SG 8.0-167 DD,2022-08
3083,Hornsea Project 2,Siemens Gamesa,53.9875,1.6521,United Kingdom,8.0,167.0,120.0,SG 8.0-167 DD,2022-08
3084,Hornsea Project 2,Siemens Gamesa,53.9888,1.5445,United Kingdom,8.0,167.0,120.0,SG 8.0-167 DD,2022-08
3085,Hornsea Project 2,Siemens Gamesa,53.9862,1.8512,United Kingdom,8.0,167.0,120.0,SG 8.0-167 DD,2022-08
3086,Hornsea Project 2,Siemens Gamesa,53.9877,1.8275,United Kingdom,8.0,167.0,120.0,SG 8.0-167 DD,2022-08
3087,Hornsea Project 2,Siemens Gamesa,53.8892,1.4671,United Kingdom,8.0,167.0,120.0,SG 8.0-167 DD,2022-08
3088,Hornsea Project 2,Siemens Gamesa,53.9619,1.4987,United Kingdom,8.0,167.0,120.0,SG 8.0-167 DD,2022-08
3089,Hornsea Project 2,Siemens Gamesa,53.9632,1.4755,United Kingdom,8.0,167.0,120.0,SG 8.0-167 DD,2022-08
3090,Hornsea Project 2,Siemens Gamesa,53.9618,1.454,United Kingdom,8.0,167.0,120.0,SG 8.0-167 DD,2022-08
3091,Hornsea Project 2,Siemens Gamesa,53.8614,1.6363,United Kingdom,8.0,167.0,120.0,SG 8.0-167 DD,2022-08
3092,Hornsea Project 2,Siemens Gamesa,53.8577,1.6148,United Kingdom,8.0,167.0,120.0,SG 8.0-167 DD,2022-08
3093,Hornsea Project 2,Siemens Gamesa,53.9977,1.7539,United Kingdom,8.0,167.0,120.0,SG 8.0-167 DD,2022-08
3094,Hornsea Project 2,Siemens Gamesa,53.8476,1.6261,United Kingdom,8.0,167.0,120.0,SG 8.0-167 DD,2022-08
3095,Hornsea Project 2,Siemens Gamesa,53.8362,1.617,United Kingdom,8.0,167.0,120.0,SG 8.0-167 DD,2022-08
3096,Hornsea Project 2,Siemens Gamesa,53.8461,1.6061,United Kingdom,8.0,167.0,120.0,SG 8.0-167 DD,2022-08
3097,Hornsea Project 2,Siemens Gamesa,53.8363,1.5942,United Kingdom,8.0,167.0,120.0,SG 8.0-167 DD,2022-08
3098,Hornsea Project 2,Siemens Gamesa,53.9753,1.5594,United Kingdom,8.0,167.0,120.0,SG 8.0-167 DD,2022-08
3099,Hornsea Project 2,Siemens Gamesa,53.9015,1.5922,United Kingdom,8.0,167.0,120.0,SG 8.0-167 DD,2022-08
3100,Hornsea Project 2,Siemens Gamesa,53.8887,1.6065,United Kingdom,8.0,167.0,120.0,SG 8.0-167 DD,2022-08
3101,Hornsea Project 2,Siemens Gamesa,53.9221,1.5431,United Kingdom,8.0,167.0,120.0,SG 8.0-167 DD,2022-08
3102,Hornsea Project 2,Siemens Gamesa,53.9205,1.5231,United Kingdom,8.0,167.0,120.0,SG 8.0-167 DD,2022-08
3103,Hornsea Project 2,Siemens Gamesa,53.8414,1.6328,United Kingdom,8.0,167.0,120.0,SG 8.0-167 DD,2022-08
3104,Hornsea Project 2,Siemens Gamesa,54.0005,1.7264,United Kingdom,8.0,167.0,120.0,SG 8.0-167 DD,2022-08
3105,Hornsea Project 2,Siemens Gamesa,53.8426,1.5872,United Kingdom,8.0,167.0,120.0,SG 8.0-167 DD,2022-08
3106,Hornsea Project 2,Siemens Gamesa,54.0027,1.6813,United Kingdom,8.0,167.0,120.0,SG 8.0-167 DD,2022-08
3107,Hornsea Project 2,Siemens Gamesa,54.002,1.7093,United Kingdom,8.0,167.0,120.0,SG 8.0-167 DD,2022-08
3108,Hornsea Project 2,Siemens Gamesa,53.9854,1.9142,United Kingdom,8.0,167.0,120.0,SG 8.0-167 DD,2022-08
3109,Hornsea Project 2,Siemens Gamesa,53.8875,1.6282,United Kingdom,8.0,167.0,120.0,SG 8.0-167 DD,2022-08
3110,Hornsea Project 2,Siemens Gamesa,53.8777,1.6391,United Kingdom,8.0,167.0,120.0,SG 8.0-167 DD,2022-08
3111,Hornsea Project 2,Siemens Gamesa,53.8694,1.628,United Kingdom,8.0,167.0,120.0,SG 8.0-167 DD,2022-08
3112,Hornsea Project 2,Siemens Gamesa,53.9854,1.4505,United Kingdom,8.0,167.0,120.0,SG 8.0-167 DD,2022-08
3113,Hornsea Project 2,Siemens Gamesa,53.9875,1.4699,United Kingdom,8.0,167.0,120.0,SG 8.0-167 DD,2022-08
3114,Hornsea Project 2,Siemens Gamesa,53.9881,1.4956,United Kingdom,8.0,167.0,120.0,SG 8.0-167 DD,2022-08
3115,Hornsea Project 2,Siemens Gamesa,54.0073,1.4476,United Kingdom,8.0,167.0,120.0,SG 8.0-167 DD,2022-08
3116,Hornsea Project 2,Siemens Gamesa,54.0012,1.4545,United Kingdom,8.0,167.0,120.0,SG 8.0-167 DD,2022-08
3117,Hornsea Project 2,Siemens Gamesa,53.9356,1.528,United Kingdom,8.0,167.0,120.0,SG 8.0-167 DD,2022-08
3118,Hornsea Project 2,Siemens Gamesa,53.9992,1.4833,United Kingdom,8.0,167.0,120.0,SG 8.0-167 DD,2022-08
3119,Hornsea Project 2,Siemens Gamesa,54.0064,1.4958,United Kingdom,8.0,167.0,120.0,SG 8.0-167 DD,2022-08
3120,Hornsea Project 2,Siemens Gamesa,53.9559,1.5318,United Kingdom,8.0,167.0,120.0,SG 8.0-167 DD,2022-08
3121,Hornsea Project 2,Siemens Gamesa,53.9718,1.4659,United Kingdom,8.0,167.0,120.0,SG 8.0-167 DD,2022-08
3122,Hornsea Project 2,Siemens Gamesa,53.8989,1.502,United Kingdom,8.0,167.0,120.0,SG 8.0-167 DD,2022-08
3123,Hornsea Project 2,Siemens Gamesa,53.8969,1.4583,United Kingdom,8.0,167.0,120.0,SG 8.0-167 DD,2022-08
3124,Hornsea Project 2,Siemens Gamesa,53.9074,1.4683,United Kingdom,8.0,167.0,120.0,SG 8.0-167 DD,2022-08
3125,Hornsea Project 2,Siemens Gamesa,54.0069,1.4745,United Kingdom,8.0,167.0,120.0,SG 8.0-167 DD,2022-08
3126,Hornsea Project 2,Siemens Gamesa,53.9164,1.4583,United Kingdom,8.0,167.0,120.0,SG 8.0-167 DD,2022-08
3127,Humber Gateway,Vestas,53.6573,0.3297,United Kingdom,3.0,112.0,80.0,V112-3.0 MW Offshore,2015-05
3128,Humber Gateway,Vestas,53.6534,0.3145,United Kingdom,3.0,112.0,80.0,V112-3.0 MW Offshore,2015-05
3129,Humber Gateway,Vestas,53.6464,0.2753,United Kingdom,3.0,112.0,80.0,V112-3.0 MW Offshore,2015-05
3130,Humber Gateway,Vestas,53.6479,0.2576,United Kingdom,3.0,112.0,80.0,V112-3.0 MW Offshore,2015-05
3131,Humber Gateway,Vestas,53.6426,0.26,United Kingdom,3.0,112.0,80.0,V112-3.0 MW Offshore,2015-05
3132,Humber Gateway,Vestas,53.6419,0.2688,United Kingdom,3.0,112.0,80.0,V112-3.0 MW Offshore,2015-05
3133,Humber Gateway,Vestas,53.6397,0.2952,United Kingdom,3.0,112.0,80.0,V112-3.0 MW Offshore,2015-05
3134,Humber Gateway,Vestas,53.6404,0.2864,United Kingdom,3.0,112.0,80.0,V112-3.0 MW Offshore,2015-05
3135,Humber Gateway,Vestas,53.658,0.3209,United Kingdom,3.0,112.0,80.0,V112-3.0 MW Offshore,2015-05
3136,Humber Gateway,Vestas,53.639,0.3039,United Kingdom,3.0,112.0,80.0,V112-3.0 MW Offshore,2015-05
3137,Humber Gateway,Vestas,53.6382,0.3127,United Kingdom,3.0,112.0,80.0,V112-3.0 MW Offshore,2015-05
3138,Humber Gateway,Vestas,53.6375,0.3216,United Kingdom,3.0,112.0,80.0,V112-3.0 MW Offshore,2015-05
3139,Humber Gateway,Vestas,53.6328,0.3152,United Kingdom,3.0,112.0,80.0,V112-3.0 MW Offshore,2015-05
3140,Humber Gateway,Vestas,53.6412,0.2776,United Kingdom,3.0,112.0,80.0,V112-3.0 MW Offshore,2015-05
3141,Humber Gateway,Vestas,53.6153,0.2806,United Kingdom,3.0,112.0,80.0,V112-3.0 MW Offshore,2015-05
3142,Humber Gateway,Vestas,53.6686,0.3163,United Kingdom,3.0,112.0,80.0,V112-3.0 MW Offshore,2015-05
3143,Humber Gateway,Vestas,53.6527,0.3233,United Kingdom,3.0,112.0,80.0,V112-3.0 MW Offshore,2015-05
3144,Humber Gateway,Vestas,53.6694,0.3075,United Kingdom,3.0,112.0,80.0,V112-3.0 MW Offshore,2015-05
3145,Humber Gateway,Vestas,53.6679,0.325,United Kingdom,3.0,112.0,80.0,V112-3.0 MW Offshore,2015-05
3146,Humber Gateway,Vestas,53.6626,0.3274,United Kingdom,3.0,112.0,80.0,V112-3.0 MW Offshore,2015-05
3147,Humber Gateway,Vestas,53.6146,0.289,United Kingdom,3.0,112.0,80.0,V112-3.0 MW Offshore,2015-05
3148,Humber Gateway,Vestas,53.6633,0.3185,United Kingdom,3.0,112.0,80.0,V112-3.0 MW Offshore,2015-05
3149,Humber Gateway,Vestas,53.6655,0.2922,United Kingdom,3.0,112.0,80.0,V112-3.0 MW Offshore,2015-05
3150,Humber Gateway,Vestas,53.6617,0.277,United Kingdom,3.0,112.0,80.0,V112-3.0 MW Offshore,2015-05
3151,Humber Gateway,Vestas,53.6609,0.2858,United Kingdom,3.0,112.0,80.0,V112-3.0 MW Offshore,2015-05
3152,Humber Gateway,Vestas,53.6602,0.2946,United Kingdom,3.0,112.0,80.0,V112-3.0 MW Offshore,2015-05
3153,Humber Gateway,Vestas,53.6595,0.3033,United Kingdom,3.0,112.0,80.0,V112-3.0 MW Offshore,2015-05
3154,Humber Gateway,Vestas,53.6587,0.3122,United Kingdom,3.0,112.0,80.0,V112-3.0 MW Offshore,2015-05
3155,Humber Gateway,Vestas,53.6641,0.3098,United Kingdom,3.0,112.0,80.0,V112-3.0 MW Offshore,2015-05
3156,Humber Gateway,Vestas,53.6336,0.3063,United Kingdom,3.0,112.0,80.0,V112-3.0 MW Offshore,2015-05
3157,Humber Gateway,Vestas,53.616,0.2718,United Kingdom,3.0,112.0,80.0,V112-3.0 MW Offshore,2015-05
3158,Humber Gateway,Vestas,53.6624,0.2681,United Kingdom,3.0,112.0,80.0,V112-3.0 MW Offshore,2015-05
3159,Humber Gateway,Vestas,53.6344,0.2975,United Kingdom,3.0,112.0,80.0,V112-3.0 MW Offshore,2015-05
3160,Humber Gateway,Vestas,53.6358,0.2799,United Kingdom,3.0,112.0,80.0,V112-3.0 MW Offshore,2015-05
3161,Humber Gateway,Vestas,53.6511,0.2817,United Kingdom,3.0,112.0,80.0,V112-3.0 MW Offshore,2015-05
3162,Humber Gateway,Vestas,53.6518,0.2729,United Kingdom,3.0,112.0,80.0,V112-3.0 MW Offshore,2015-05
3163,Humber Gateway,Vestas,53.6542,0.3057,United Kingdom,3.0,112.0,80.0,V112-3.0 MW Offshore,2015-05
3164,Humber Gateway,Vestas,53.6474,0.3256,United Kingdom,3.0,112.0,80.0,V112-3.0 MW Offshore,2015-05
3165,Humber Gateway,Vestas,53.6549,0.2969,United Kingdom,3.0,112.0,80.0,V112-3.0 MW Offshore,2015-05
3166,Humber Gateway,Vestas,53.6556,0.2881,United Kingdom,3.0,112.0,80.0,V112-3.0 MW Offshore,2015-05
3167,Humber Gateway,Vestas,53.6564,0.2793,United Kingdom,3.0,112.0,80.0,V112-3.0 MW Offshore,2015-05
3168,Humber Gateway,Vestas,53.6428,0.3192,United Kingdom,3.0,112.0,80.0,V112-3.0 MW Offshore,2015-05
3169,Humber Gateway,Vestas,53.6571,0.2705,United Kingdom,3.0,112.0,80.0,V112-3.0 MW Offshore,2015-05
3170,Humber Gateway,Vestas,53.6579,0.2617,United Kingdom,3.0,112.0,80.0,V112-3.0 MW Offshore,2015-05
3171,Humber Gateway,Vestas,53.6496,0.2992,United Kingdom,3.0,112.0,80.0,V112-3.0 MW Offshore,2015-05
3172,Humber Gateway,Vestas,53.6449,0.2928,United Kingdom,3.0,112.0,80.0,V112-3.0 MW Offshore,2015-05
3173,Humber Gateway,Vestas,53.6442,0.3017,United Kingdom,3.0,112.0,80.0,V112-3.0 MW Offshore,2015-05
3174,Humber Gateway,Vestas,53.6435,0.3104,United Kingdom,3.0,112.0,80.0,V112-3.0 MW Offshore,2015-05
3175,Humber Gateway,Vestas,53.6525,0.2641,United Kingdom,3.0,112.0,80.0,V112-3.0 MW Offshore,2015-05
3176,Humber Gateway,Vestas,53.6532,0.2553,United Kingdom,3.0,112.0,80.0,V112-3.0 MW Offshore,2015-05
3177,Humber Gateway,Vestas,53.6351,0.2887,United Kingdom,3.0,112.0,80.0,V112-3.0 MW Offshore,2015-05
3178,Humber Gateway,Vestas,53.6503,0.2905,United Kingdom,3.0,112.0,80.0,V112-3.0 MW Offshore,2015-05
3179,Humber Gateway,Vestas,53.6481,0.3168,United Kingdom,3.0,112.0,80.0,V112-3.0 MW Offshore,2015-05
3180,Humber Gateway,Vestas,53.6421,0.3282,United Kingdom,3.0,112.0,80.0,V112-3.0 MW Offshore,2015-05
3181,Humber Gateway,Vestas,53.6457,0.2839,United Kingdom,3.0,112.0,80.0,V112-3.0 MW Offshore,2015-05
3182,Humber Gateway,Vestas,53.6488,0.308,United Kingdom,3.0,112.0,80.0,V112-3.0 MW Offshore,2015-05
3183,Humber Gateway,Vestas,53.629,0.2998,United Kingdom,3.0,112.0,80.0,V112-3.0 MW Offshore,2015-05
3184,Humber Gateway,Vestas,53.6298,0.2911,United Kingdom,3.0,112.0,80.0,V112-3.0 MW Offshore,2015-05
3185,Humber Gateway,Vestas,53.6305,0.2823,United Kingdom,3.0,112.0,80.0,V112-3.0 MW Offshore,2015-05
3186,Humber Gateway,Vestas,53.632,0.2647,United Kingdom,3.0,112.0,80.0,V112-3.0 MW Offshore,2015-05
3187,Humber Gateway,Vestas,53.6192,0.2955,United Kingdom,3.0,112.0,80.0,V112-3.0 MW Offshore,2015-05
3188,Humber Gateway,Vestas,53.6198,0.287,United Kingdom,3.0,112.0,80.0,V112-3.0 MW Offshore,2015-05
3189,Humber Gateway,Vestas,53.6237,0.302,United Kingdom,3.0,112.0,80.0,V112-3.0 MW Offshore,2015-05
3190,Humber Gateway,Vestas,53.6205,0.2781,United Kingdom,3.0,112.0,80.0,V112-3.0 MW Offshore,2015-05
3191,Humber Gateway,Vestas,53.6266,0.2671,United Kingdom,3.0,112.0,80.0,V112-3.0 MW Offshore,2015-05
3192,Humber Gateway,Vestas,53.6265,0.2756,United Kingdom,3.0,112.0,80.0,V112-3.0 MW Offshore,2015-05
3193,Humber Gateway,Vestas,53.6365,0.2711,United Kingdom,3.0,112.0,80.0,V112-3.0 MW Offshore,2015-05
3194,Humber Gateway,Vestas,53.6251,0.2847,United Kingdom,3.0,112.0,80.0,V112-3.0 MW Offshore,2015-05
3195,Humber Gateway,Vestas,53.6243,0.2935,United Kingdom,3.0,112.0,80.0,V112-3.0 MW Offshore,2015-05
3196,Humber Gateway,Vestas,53.6471,0.2666,United Kingdom,3.0,112.0,80.0,V112-3.0 MW Offshore,2015-05
3197,Humber Gateway,Vestas,53.6313,0.2735,United Kingdom,3.0,112.0,80.0,V112-3.0 MW Offshore,2015-05
3198,Humber Gateway,Vestas,53.6212,0.2694,United Kingdom,3.0,112.0,80.0,V112-3.0 MW Offshore,2015-05
3199,Humber Gateway,Vestas,53.6283,0.3083,United Kingdom,3.0,112.0,80.0,V112-3.0 MW Offshore,2015-05
3200,Hywind Scotland Pilot Park,Siemens,57.4972,-1.3717,United Kingdom,6.0,154.0,98.0,SWT-6.0-154,2017-10
3201,Hywind Scotland Pilot Park,Siemens,57.4909,-1.3521,United Kingdom,6.0,154.0,98.0,SWT-6.0-154,2017-10
3202,Hywind Scotland Pilot Park,Siemens,57.4842,-1.3323,United Kingdom,6.0,154.0,98.0,SWT-6.0-154,2017-10
3203,Hywind Scotland Pilot Park,Siemens,57.4784,-1.3525,United Kingdom,6.0,154.0,98.0,SWT-6.0-154,2017-10
3204,Hywind Scotland Pilot Park,Siemens,57.4848,-1.3723,United Kingdom,6.0,154.0,98.0,SWT-6.0-154,2017-10
3205,Inner Dowsing,Siemens,53.1984,0.4463,United Kingdom,3.6,107.0,80.0,SWT-3.6-107,2009-03
3206,Inner Dowsing,Siemens,53.213,0.4466,United Kingdom,3.6,107.0,80.0,SWT-3.6-107,2009-03
3207,Inner Dowsing,Siemens,53.2129,0.4328,United Kingdom,3.6,107.0,80.0,SWT-3.6-107,2009-03
3208,Inner Dowsing,Siemens,53.208,0.4327,United Kingdom,3.6,107.0,80.0,SWT-3.6-107,2009-03
3209,Inner Dowsing,Siemens,53.203,0.4326,United Kingdom,3.6,107.0,80.0,SWT-3.6-107,2009-03
3210,Inner Dowsing,Siemens,53.1694,0.4604,United Kingdom,3.6,107.0,80.0,SWT-3.6-107,2009-03
3211,Inner Dowsing,Siemens,53.2032,0.4461,United Kingdom,3.6,107.0,80.0,SWT-3.6-107,2009-03
3212,Inner Dowsing,Siemens,53.1985,0.4322,United Kingdom,3.6,107.0,80.0,SWT-3.6-107,2009-03
3213,Inner Dowsing,Siemens,53.1983,0.4601,United Kingdom,3.6,107.0,80.0,SWT-3.6-107,2009-03
3214,Inner Dowsing,Siemens,53.208,0.4465,United Kingdom,3.6,107.0,80.0,SWT-3.6-107,2009-03
3215,Inner Dowsing,Siemens,53.1695,0.4326,United Kingdom,3.6,107.0,80.0,SWT-3.6-107,2009-03
3216,Inner Dowsing,Siemens,53.1885,0.4466,United Kingdom,3.6,107.0,80.0,SWT-3.6-107,2009-03
3217,Inner Dowsing,Siemens,53.1886,0.4326,United Kingdom,3.6,107.0,80.0,SWT-3.6-107,2009-03
3218,Inner Dowsing,Siemens,53.1933,0.46,United Kingdom,3.6,107.0,80.0,SWT-3.6-107,2009-03
3219,Inner Dowsing,Siemens,53.1936,0.4465,United Kingdom,3.6,107.0,80.0,SWT-3.6-107,2009-03
3220,Inner Dowsing,Siemens,53.1933,0.4334,United Kingdom,3.6,107.0,80.0,SWT-3.6-107,2009-03
3221,Inner Dowsing,Siemens,53.1839,0.4328,United Kingdom,3.6,107.0,80.0,SWT-3.6-107,2009-03
3222,Inner Dowsing,Siemens,53.1839,0.4467,United Kingdom,3.6,107.0,80.0,SWT-3.6-107,2009-03
3223,Inner Dowsing,Siemens,53.1889,0.4603,United Kingdom,3.6,107.0,80.0,SWT-3.6-107,2009-03
3224,Inner Dowsing,Siemens,53.1791,0.4466,United Kingdom,3.6,107.0,80.0,SWT-3.6-107,2009-03
3225,Inner Dowsing,Siemens,53.1791,0.4322,United Kingdom,3.6,107.0,80.0,SWT-3.6-107,2009-03
3226,Inner Dowsing,Siemens,53.1741,0.4602,United Kingdom,3.6,107.0,80.0,SWT-3.6-107,2009-03
3227,Inner Dowsing,Siemens,53.1743,0.4464,United Kingdom,3.6,107.0,80.0,SWT-3.6-107,2009-03
3228,Inner Dowsing,Siemens,53.1839,0.4599,United Kingdom,3.6,107.0,80.0,SWT-3.6-107,2009-03
3229,Inner Dowsing,Siemens,53.1791,0.4603,United Kingdom,3.6,107.0,80.0,SWT-3.6-107,2009-03
3230,Inner Dowsing,Siemens,53.1694,0.4466,United Kingdom,3.6,107.0,80.0,SWT-3.6-107,2009-03
3231,Inner Dowsing,Siemens,53.1743,0.4328,United Kingdom,3.6,107.0,80.0,SWT-3.6-107,2009-03
3232,Kaskasi,Siemens Gamesa,54.4914,7.685,Germany,8.0,167.0,107.5,SG 8.0-167 DD,2023-03
3233,Kaskasi,Siemens Gamesa,54.4835,7.6558,Germany,8.0,167.0,107.5,SG 8.0-167 DD,2023-03
3234,Kaskasi,Siemens Gamesa,54.5,7.7297,Germany,8.0,167.0,107.5,SG 8.0-167 DD,2023-03
3235,Kaskasi,Siemens Gamesa,54.495,7.6545,Germany,8.0,167.0,107.5,SG 8.0-167 DD,2023-03
3236,Kaskasi,Siemens Gamesa,54.5,7.6979,Germany,8.0,167.0,107.5,SG 8.0-167 DD,2023-03
3237,Kaskasi,Siemens Gamesa,54.5,7.7136,Germany,8.0,167.0,107.5,SG 8.0-167 DD,2023-03
3238,Kaskasi,Siemens Gamesa,54.4928,7.6409,Germany,8.0,167.0,107.5,SG 8.0-167 DD,2023-03
3239,Kaskasi,Siemens Gamesa,54.4876,7.6409,Germany,8.0,167.0,107.5,SG 8.0-167 DD,2023-03
3240,Kaskasi,Siemens Gamesa,54.4999,7.6711,Germany,8.0,167.0,107.5,SG 8.0-167 DD,2023-03
3241,Kaskasi,Siemens Gamesa,54.4999,7.6545,Germany,8.0,167.0,107.5,SG 8.0-167 DD,2023-03
3242,Kaskasi,Siemens Gamesa,54.4988,7.6838,Germany,8.0,167.0,107.5,SG 8.0-167 DD,2023-03
3243,Kaskasi,Siemens Gamesa,54.4999,7.6431,Germany,8.0,167.0,107.5,SG 8.0-167 DD,2023-03
3244,Kaskasi,Siemens Gamesa,54.4901,7.699,Germany,8.0,167.0,107.5,SG 8.0-167 DD,2023-03
3245,Kaskasi,Siemens Gamesa,54.4946,7.7322,Germany,8.0,167.0,107.5,SG 8.0-167 DD,2023-03
3246,Kaskasi,Siemens Gamesa,54.4824,7.6434,Germany,8.0,167.0,107.5,SG 8.0-167 DD,2023-03
3247,Kaskasi,Siemens Gamesa,54.4888,7.671,Germany,8.0,167.0,107.5,SG 8.0-167 DD,2023-03
3248,Kaskasi,Siemens Gamesa,54.4773,7.6556,Germany,8.0,167.0,107.5,SG 8.0-167 DD,2023-03
3249,Kaskasi,Siemens Gamesa,54.4779,7.7136,Germany,8.0,167.0,107.5,SG 8.0-167 DD,2023-03
3250,Kaskasi,Siemens Gamesa,54.478,7.7254,Germany,8.0,167.0,107.5,SG 8.0-167 DD,2023-03
3251,Kaskasi,Siemens Gamesa,54.4781,7.7367,Germany,8.0,167.0,107.5,SG 8.0-167 DD,2023-03
3252,Kaskasi,Siemens Gamesa,54.4866,7.7533,Germany,8.0,167.0,107.5,SG 8.0-167 DD,2023-03
3253,Kaskasi,Siemens Gamesa,54.4894,7.6533,Germany,8.0,167.0,107.5,SG 8.0-167 DD,2023-03
3254,Kaskasi,Siemens Gamesa,54.4999,7.7527,Germany,8.0,167.0,107.5,SG 8.0-167 DD,2023-03
3255,Kaskasi,Siemens Gamesa,54.4838,7.734,Germany,8.0,167.0,107.5,SG 8.0-167 DD,2023-03
3256,Kaskasi,Siemens Gamesa,54.4777,7.6838,Germany,8.0,167.0,107.5,SG 8.0-167 DD,2023-03
3257,Kaskasi,Siemens Gamesa,54.4778,7.6703,Germany,8.0,167.0,107.5,SG 8.0-167 DD,2023-03
3258,Kaskasi,Siemens Gamesa,54.4931,7.7532,Germany,8.0,167.0,107.5,SG 8.0-167 DD,2023-03
3259,Kaskasi,Siemens Gamesa,54.4771,7.6438,Germany,8.0,167.0,107.5,SG 8.0-167 DD,2023-03
3260,Kaskasi,Siemens Gamesa,54.4871,7.7261,Germany,8.0,167.0,107.5,SG 8.0-167 DD,2023-03
3261,Kaskasi,Siemens Gamesa,54.483,7.6687,Germany,8.0,167.0,107.5,SG 8.0-167 DD,2023-03
3262,Kaskasi,Siemens Gamesa,54.4827,7.6833,Germany,8.0,167.0,107.5,SG 8.0-167 DD,2023-03
3263,Kaskasi,Siemens Gamesa,54.484,7.6976,Germany,8.0,167.0,107.5,SG 8.0-167 DD,2023-03
3264,Kaskasi,Siemens Gamesa,54.4829,7.7128,Germany,8.0,167.0,107.5,SG 8.0-167 DD,2023-03
3265,Kaskasi,Siemens Gamesa,54.489,7.7158,Germany,8.0,167.0,107.5,SG 8.0-167 DD,2023-03
3266,Kaskasi,Siemens Gamesa,54.4946,7.7156,Germany,8.0,167.0,107.5,SG 8.0-167 DD,2023-03
3267,Kaskasi,Siemens Gamesa,54.4952,7.6995,Germany,8.0,167.0,107.5,SG 8.0-167 DD,2023-03
3268,Kaskasi,Siemens Gamesa,54.4945,7.6698,Germany,8.0,167.0,107.5,SG 8.0-167 DD,2023-03
3269,Kaskasi,Siemens Gamesa,54.4777,7.6988,Germany,8.0,167.0,107.5,SG 8.0-167 DD,2023-03
3270,Kentish Flats,Vestas,51.4673,1.1134,United Kingdom,3.0,90.0,70.0,V90-3.0 MW Offshore,2005-12
3271,Kentish Flats,Vestas,51.4659,1.0927,United Kingdom,3.0,90.0,70.0,V90-3.0 MW Offshore,2005-12
3272,Kentish Flats,Vestas,51.4652,1.083,United Kingdom,3.0,90.0,70.0,V90-3.0 MW Offshore,2005-12
3273,Kentish Flats,Vestas,51.4672,1.1023,United Kingdom,3.0,90.0,70.0,V90-3.0 MW Offshore,2005-12
3274,Kentish Flats,Vestas,51.4638,1.0727,United Kingdom,3.0,90.0,70.0,V90-3.0 MW Offshore,2005-12
3275,Kentish Flats,Vestas,51.4718,1.0964,United Kingdom,3.0,90.0,70.0,V90-3.0 MW Offshore,2005-12
3276,Kentish Flats,Vestas,51.4708,1.0864,United Kingdom,3.0,90.0,70.0,V90-3.0 MW Offshore,2005-12
3277,Kentish Flats,Vestas,51.4698,1.0765,United Kingdom,3.0,90.0,70.0,V90-3.0 MW Offshore,2005-12
3278,Kentish Flats,Vestas,51.4628,1.0628,United Kingdom,3.0,90.0,70.0,V90-3.0 MW Offshore,2005-12
3279,Kentish Flats,Vestas,51.4729,1.1063,United Kingdom,3.0,90.0,70.0,V90-3.0 MW Offshore,2005-12
3280,Kentish Flats,Vestas,51.4629,1.1189,United Kingdom,3.0,90.0,70.0,V90-3.0 MW Offshore,2005-12
3281,Kentish Flats,Vestas,51.4499,1.1014,United Kingdom,3.0,90.0,70.0,V90-3.0 MW Offshore,2005-12
3282,Kentish Flats,Vestas,51.4609,1.099,United Kingdom,3.0,90.0,70.0,V90-3.0 MW Offshore,2005-12
3283,Kentish Flats,Vestas,51.4569,1.1152,United Kingdom,3.0,90.0,70.0,V90-3.0 MW Offshore,2005-12
3284,Kentish Flats,Vestas,51.4564,1.0708,United Kingdom,3.0,90.0,70.0,V90-3.0 MW Offshore,2005-12
3285,Kentish Flats,Vestas,51.4559,1.1052,United Kingdom,3.0,90.0,70.0,V90-3.0 MW Offshore,2005-12
3286,Kentish Flats,Vestas,51.4549,1.0953,United Kingdom,3.0,90.0,70.0,V90-3.0 MW Offshore,2005-12
3287,Kentish Flats,Vestas,51.452,1.1214,United Kingdom,3.0,90.0,70.0,V90-3.0 MW Offshore,2005-12
3288,Kentish Flats,Vestas,51.4529,1.1314,United Kingdom,3.0,90.0,70.0,V90-3.0 MW Offshore,2005-12
3289,Kentish Flats,Vestas,51.4529,1.0752,United Kingdom,3.0,90.0,70.0,V90-3.0 MW Offshore,2005-12
3290,Kentish Flats,Vestas,51.451,1.1114,United Kingdom,3.0,90.0,70.0,V90-3.0 MW Offshore,2005-12
3291,Kentish Flats,Vestas,51.4619,1.1089,United Kingdom,3.0,90.0,70.0,V90-3.0 MW Offshore,2005-12
3292,Kentish Flats,Vestas,51.4488,1.0915,United Kingdom,3.0,90.0,70.0,V90-3.0 MW Offshore,2005-12
3293,Kentish Flats,Vestas,51.4479,1.0815,United Kingdom,3.0,90.0,70.0,V90-3.0 MW Offshore,2005-12
3294,Kentish Flats,Vestas,51.4539,1.0853,United Kingdom,3.0,90.0,70.0,V90-3.0 MW Offshore,2005-12
3295,Kentish Flats,Vestas,51.4579,1.1252,United Kingdom,3.0,90.0,70.0,V90-3.0 MW Offshore,2005-12
3296,Kentish Flats,Vestas,51.4678,1.0567,United Kingdom,3.0,90.0,70.0,V90-3.0 MW Offshore,2005-12
3297,Kentish Flats,Vestas,51.4688,1.0665,United Kingdom,3.0,90.0,70.0,V90-3.0 MW Offshore,2005-12
3298,Kentish Flats,Vestas,51.4586,1.0882,United Kingdom,3.0,90.0,70.0,V90-3.0 MW Offshore,2005-12
3299,Kentish Flats,Vestas,51.4589,1.079,United Kingdom,3.0,90.0,70.0,V90-3.0 MW Offshore,2005-12
3300,Kentish Flats Extension,Vestas,51.4459,1.0617,United Kingdom,3.3,112.0,80.0,V112-3.3 MW Offshore,2015-12
3301,Kentish Flats Extension,Vestas,51.4658,1.0366,United Kingdom,3.3,112.0,80.0,V112-3.3 MW Offshore,2015-12
3302,Kentish Flats Extension,Vestas,51.4601,1.0439,United Kingdom,3.3,112.0,80.0,V112-3.3 MW Offshore,2015-12
3303,Kentish Flats Extension,Vestas,51.4418,1.0778,United Kingdom,3.3,112.0,80.0,V112-3.3 MW Offshore,2015-12
3304,Kentish Flats Extension,Vestas,51.4469,1.1281,United Kingdom,3.3,112.0,80.0,V112-3.3 MW Offshore,2015-12
3305,Kentish Flats Extension,Vestas,51.448,1.1374,United Kingdom,3.3,112.0,80.0,V112-3.3 MW Offshore,2015-12
3306,Kentish Flats Extension,Vestas,51.4449,1.1062,United Kingdom,3.3,112.0,80.0,V112-3.3 MW Offshore,2015-12
3307,Kentish Flats Extension,Vestas,51.4458,1.1177,United Kingdom,3.3,112.0,80.0,V112-3.3 MW Offshore,2015-12
3308,Kentish Flats Extension,Vestas,51.4664,1.0481,United Kingdom,3.3,112.0,80.0,V112-3.3 MW Offshore,2015-12
3309,Kentish Flats Extension,Vestas,51.4469,1.0718,United Kingdom,3.3,112.0,80.0,V112-3.3 MW Offshore,2015-12
3310,Kentish Flats Extension,Vestas,51.4433,1.0892,United Kingdom,3.3,112.0,80.0,V112-3.3 MW Offshore,2015-12
3311,Kentish Flats Extension,Vestas,51.4574,1.0588,United Kingdom,3.3,112.0,80.0,V112-3.3 MW Offshore,2015-12
3312,Kentish Flats Extension,Vestas,51.4613,1.0541,United Kingdom,3.3,112.0,80.0,V112-3.3 MW Offshore,2015-12
3313,Kentish Flats Extension,Vestas,51.4506,1.0558,United Kingdom,3.3,112.0,80.0,V112-3.3 MW Offshore,2015-12
3314,Kentish Flats Extension,Vestas,51.4557,1.0496,United Kingdom,3.3,112.0,80.0,V112-3.3 MW Offshore,2015-12
3315,Kincardine,Vestas,57.0184,-1.8551,United Kingdom,9.5,164.0,105.0,V164-9.5 MW,2021-10
3316,Kincardine,Vestas,57.0104,-1.8478,United Kingdom,9.5,164.0,105.0,V164-9.5 MW,2021-10
3317,Kincardine,Vestas,56.989,-1.8665,United Kingdom,9.5,164.0,105.0,V164-9.5 MW,2021-10
3318,Kincardine,Vestas,56.9971,-1.8739,United Kingdom,9.5,164.0,105.0,V164-9.5 MW,2021-10
3319,Kincardine,Vestas,57.0051,-1.8812,United Kingdom,9.5,164.0,105.0,V164-9.5 MW,2021-10
3320,Kriegers Flak,Siemens Gamesa,55.0565,12.9303,Denmark,8.0,167.0,107.0,SG 8.0-167 DD,2021-09
3321,Kriegers Flak,Siemens Gamesa,55.0876,12.9525,Denmark,8.0,167.0,107.0,SG 8.0-167 DD,2021-09
3322,Kriegers Flak,Siemens Gamesa,55.0961,12.9568,Denmark,8.0,167.0,107.0,SG 8.0-167 DD,2021-09
3323,Kriegers Flak,Siemens Gamesa,55.0341,13.093,Denmark,8.0,167.0,107.0,SG 8.0-167 DD,2021-09
3324,Kriegers Flak,Siemens Gamesa,54.9946,13.0438,Denmark,8.0,167.0,107.0,SG 8.0-167 DD,2021-09
3325,Kriegers Flak,Siemens Gamesa,55.0763,12.8687,Denmark,8.0,167.0,107.0,SG 8.0-167 DD,2021-09
3326,Kriegers Flak,Siemens Gamesa,55.0535,12.7678,Denmark,8.0,167.0,107.0,SG 8.0-167 DD,2021-09
3327,Kriegers Flak,Siemens Gamesa,55.0793,13.0016,Denmark,8.0,167.0,107.0,SG 8.0-167 DD,2021-09
3328,Kriegers Flak,Siemens Gamesa,55.0459,13.0096,Denmark,8.0,167.0,107.0,SG 8.0-167 DD,2021-09
3329,Kriegers Flak,Siemens Gamesa,55.0315,12.9518,Denmark,8.0,167.0,107.0,SG 8.0-167 DD,2021-09
3330,Kriegers Flak,Siemens Gamesa,55.0045,12.7562,Denmark,8.0,167.0,107.0,SG 8.0-167 DD,2021-09
3331,Kriegers Flak,Siemens Gamesa,54.9703,12.8683,Denmark,8.0,167.0,107.0,SG 8.0-167 DD,2021-09
3332,Kriegers Flak,Siemens Gamesa,54.9928,13.0055,Denmark,8.0,167.0,107.0,SG 8.0-167 DD,2021-09
3333,Kriegers Flak,Siemens Gamesa,55.0713,13.0219,Denmark,8.0,167.0,107.0,SG 8.0-167 DD,2021-09
3334,Kriegers Flak,Siemens Gamesa,55.0582,13.0531,Denmark,8.0,167.0,107.0,SG 8.0-167 DD,2021-09
3335,Kriegers Flak,Siemens Gamesa,54.9797,13.0255,Denmark,8.0,167.0,107.0,SG 8.0-167 DD,2021-09
3336,Kriegers Flak,Siemens Gamesa,54.9946,12.7623,Denmark,8.0,167.0,107.0,SG 8.0-167 DD,2021-09
3337,Kriegers Flak,Siemens Gamesa,55.0821,12.9629,Denmark,8.0,167.0,107.0,SG 8.0-167 DD,2021-09
3338,Kriegers Flak,Siemens Gamesa,55.0695,12.9527,Denmark,8.0,167.0,107.0,SG 8.0-167 DD,2021-09
3339,Kriegers Flak,Siemens Gamesa,55.0265,13.1049,Denmark,8.0,167.0,107.0,SG 8.0-167 DD,2021-09
3340,Kriegers Flak,Siemens Gamesa,55.0586,12.7881,Denmark,8.0,167.0,107.0,SG 8.0-167 DD,2021-09
3341,Kriegers Flak,Siemens Gamesa,54.9886,13.0757,Denmark,8.0,167.0,107.0,SG 8.0-167 DD,2021-09
3342,Kriegers Flak,Siemens Gamesa,55.0375,12.9425,Denmark,8.0,167.0,107.0,SG 8.0-167 DD,2021-09
3343,Kriegers Flak,Siemens Gamesa,55.0133,13.0602,Denmark,8.0,167.0,107.0,SG 8.0-167 DD,2021-09
3344,Kriegers Flak,Siemens Gamesa,55.0097,12.8229,Denmark,8.0,167.0,107.0,SG 8.0-167 DD,2021-09
3345,Kriegers Flak,Siemens Gamesa,55.0162,13.0227,Denmark,8.0,167.0,107.0,SG 8.0-167 DD,2021-09
3346,Kriegers Flak,Siemens Gamesa,55.0448,12.8135,Denmark,8.0,167.0,107.0,SG 8.0-167 DD,2021-09
3347,Kriegers Flak,Siemens Gamesa,54.9986,12.8161,Denmark,8.0,167.0,107.0,SG 8.0-167 DD,2021-09
3348,Kriegers Flak,Siemens Gamesa,55.0133,12.7612,Denmark,8.0,167.0,107.0,SG 8.0-167 DD,2021-09
3349,Kriegers Flak,Siemens Gamesa,55.0733,12.8868,Denmark,8.0,167.0,107.0,SG 8.0-167 DD,2021-09
3350,Kriegers Flak,Siemens Gamesa,55.0335,12.8153,Denmark,8.0,167.0,107.0,SG 8.0-167 DD,2021-09
3351,Kriegers Flak,Siemens Gamesa,55.0103,13.1046,Denmark,8.0,167.0,107.0,SG 8.0-167 DD,2021-09
3352,Kriegers Flak,Siemens Gamesa,54.9986,13.0908,Denmark,8.0,167.0,107.0,SG 8.0-167 DD,2021-09
3353,Kriegers Flak,Siemens Gamesa,54.9748,12.7758,Denmark,8.0,167.0,107.0,SG 8.0-167 DD,2021-09
3354,Kriegers Flak,Siemens Gamesa,55.027,13.0543,Denmark,8.0,167.0,107.0,SG 8.0-167 DD,2021-09
3355,Kriegers Flak,Siemens Gamesa,55.0174,12.988,Denmark,8.0,167.0,107.0,SG 8.0-167 DD,2021-09
3356,Kriegers Flak,Siemens Gamesa,55.0651,13.0383,Denmark,8.0,167.0,107.0,SG 8.0-167 DD,2021-09
3357,Kriegers Flak,Siemens Gamesa,55.0537,12.9665,Denmark,8.0,167.0,107.0,SG 8.0-167 DD,2021-09
3358,Kriegers Flak,Siemens Gamesa,55.0561,12.8174,Denmark,8.0,167.0,107.0,SG 8.0-167 DD,2021-09
3359,Kriegers Flak,Siemens Gamesa,54.9731,12.8039,Denmark,8.0,167.0,107.0,SG 8.0-167 DD,2021-09
3360,Kriegers Flak,Siemens Gamesa,54.9837,13.0526,Denmark,8.0,167.0,107.0,SG 8.0-167 DD,2021-09
3361,Kriegers Flak,Siemens Gamesa,55.0664,12.824,Denmark,8.0,167.0,107.0,SG 8.0-167 DD,2021-09
3362,Kriegers Flak,Siemens Gamesa,55.0916,12.9704,Denmark,8.0,167.0,107.0,SG 8.0-167 DD,2021-09
3363,Kriegers Flak,Siemens Gamesa,54.9855,12.9965,Denmark,8.0,167.0,107.0,SG 8.0-167 DD,2021-09
3364,Kriegers Flak,Siemens Gamesa,55.0441,12.9629,Denmark,8.0,167.0,107.0,SG 8.0-167 DD,2021-09
3365,Kriegers Flak,Siemens Gamesa,55.004,13.0491,Denmark,8.0,167.0,107.0,SG 8.0-167 DD,2021-09
3366,Kriegers Flak,Siemens Gamesa,54.9713,12.8347,Denmark,8.0,167.0,107.0,SG 8.0-167 DD,2021-09
3367,Kriegers Flak,Siemens Gamesa,54.9855,13.0151,Denmark,8.0,167.0,107.0,SG 8.0-167 DD,2021-09
3368,Kriegers Flak,Siemens Gamesa,55.077,12.9224,Denmark,8.0,167.0,107.0,SG 8.0-167 DD,2021-09
3369,Kriegers Flak,Siemens Gamesa,54.9716,12.9038,Denmark,8.0,167.0,107.0,SG 8.0-167 DD,2021-09
3370,Kriegers Flak,Siemens Gamesa,55.0236,12.9721,Denmark,8.0,167.0,107.0,SG 8.0-167 DD,2021-09
3371,Kriegers Flak,Siemens Gamesa,55.0406,13.0443,Denmark,8.0,167.0,107.0,SG 8.0-167 DD,2021-09
3372,Kriegers Flak,Siemens Gamesa,55.0196,13.1154,Denmark,8.0,167.0,107.0,SG 8.0-167 DD,2021-09
3373,Kriegers Flak,Siemens Gamesa,55.033,13.0041,Denmark,8.0,167.0,107.0,SG 8.0-167 DD,2021-09
3374,Kriegers Flak,Siemens Gamesa,55.0496,13.0678,Denmark,8.0,167.0,107.0,SG 8.0-167 DD,2021-09
3375,Kriegers Flak,Siemens Gamesa,55.0419,13.0797,Denmark,8.0,167.0,107.0,SG 8.0-167 DD,2021-09
3376,Kriegers Flak,Siemens Gamesa,55.082,12.8933,Denmark,8.0,167.0,107.0,SG 8.0-167 DD,2021-09
3377,Kriegers Flak,Siemens Gamesa,54.9847,12.7684,Denmark,8.0,167.0,107.0,SG 8.0-167 DD,2021-09
3378,Kriegers Flak,Siemens Gamesa,55.0578,13.015,Denmark,8.0,167.0,107.0,SG 8.0-167 DD,2021-09
3379,Kriegers Flak,Siemens Gamesa,55.0876,12.9192,Denmark,8.0,167.0,107.0,SG 8.0-167 DD,2021-09
3380,Kriegers Flak,Siemens Gamesa,55.0661,12.9834,Denmark,8.0,167.0,107.0,SG 8.0-167 DD,2021-09
3381,Kriegers Flak,Siemens Gamesa,55.0196,12.8196,Denmark,8.0,167.0,107.0,SG 8.0-167 DD,2021-09
3382,Kriegers Flak,Siemens Gamesa,55.0854,12.9867,Denmark,8.0,167.0,107.0,SG 8.0-167 DD,2021-09
3383,Kriegers Flak,Siemens Gamesa,54.9897,12.8449,Denmark,8.0,167.0,107.0,SG 8.0-167 DD,2021-09
3384,Kriegers Flak,Siemens Gamesa,54.9997,12.9994,Denmark,8.0,167.0,107.0,SG 8.0-167 DD,2021-09
3385,Kriegers Flak,Siemens Gamesa,54.9799,12.8721,Denmark,8.0,167.0,107.0,SG 8.0-167 DD,2021-09
3386,Kriegers Flak,Siemens Gamesa,55.023,12.7622,Denmark,8.0,167.0,107.0,SG 8.0-167 DD,2021-09
3387,Kriegers Flak,Siemens Gamesa,55.009,12.9974,Denmark,8.0,167.0,107.0,SG 8.0-167 DD,2021-09
3388,Kriegers Flak,Siemens Gamesa,55.0918,12.9381,Denmark,8.0,167.0,107.0,SG 8.0-167 DD,2021-09
3389,Kriegers Flak,Siemens Gamesa,55.0327,12.7617,Denmark,8.0,167.0,107.0,SG 8.0-167 DD,2021-09
3390,Kriegers Flak,Siemens Gamesa,54.9842,12.8106,Denmark,8.0,167.0,107.0,SG 8.0-167 DD,2021-09
3391,Kriegers Flak,Siemens Gamesa,55.0423,12.7654,Denmark,8.0,167.0,107.0,SG 8.0-167 DD,2021-09
3392,Kårehamn,Vestas,56.972,17.0371,Sweden,3.0,112.0,80.0,V112-3.0 MW Offshore,2013-10
3393,Kårehamn,Vestas,56.9684,17.0473,Sweden,3.0,112.0,80.0,V112-3.0 MW Offshore,2013-10
3394,Kårehamn,Vestas,56.9701,17.0422,Sweden,3.0,112.0,80.0,V112-3.0 MW Offshore,2013-10
3395,Kårehamn,Vestas,56.9738,17.0323,Sweden,3.0,112.0,80.0,V112-3.0 MW Offshore,2013-10
3396,Kårehamn,Vestas,57.0054,17.0052,Sweden,3.0,112.0,80.0,V112-3.0 MW Offshore,2013-10
3397,Kårehamn,Vestas,56.978,17.0233,Sweden,3.0,112.0,80.0,V112-3.0 MW Offshore,2013-10
3398,Kårehamn,Vestas,56.9802,17.0189,Sweden,3.0,112.0,80.0,V112-3.0 MW Offshore,2013-10
3399,Kårehamn,Vestas,56.9826,17.0148,Sweden,3.0,112.0,80.0,V112-3.0 MW Offshore,2013-10
3400,Kårehamn,Vestas,56.9853,17.0114,Sweden,3.0,112.0,80.0,V112-3.0 MW Offshore,2013-10
3401,Kårehamn,Vestas,56.9883,17.0093,Sweden,3.0,112.0,80.0,V112-3.0 MW Offshore,2013-10
3402,Kårehamn,Vestas,56.9914,17.0077,Sweden,3.0,112.0,80.0,V112-3.0 MW Offshore,2013-10
3403,Kårehamn,Vestas,56.9946,17.0063,Sweden,3.0,112.0,80.0,V112-3.0 MW Offshore,2013-10
3404,Kårehamn,Vestas,56.9981,17.0059,Sweden,3.0,112.0,80.0,V112-3.0 MW Offshore,2013-10
3405,Kårehamn,Vestas,57.0017,17.0055,Sweden,3.0,112.0,80.0,V112-3.0 MW Offshore,2013-10
3406,Kårehamn,Vestas,57.0091,17.0046,Sweden,3.0,112.0,80.0,V112-3.0 MW Offshore,2013-10
3407,Kårehamn,Vestas,56.9759,17.0278,Sweden,3.0,112.0,80.0,V112-3.0 MW Offshore,2013-10
3408,Lillgrund,Siemens,55.502,12.7772,Sweden,2.3,93.0,65.0,SWT-2.3-93,2007-12
3409,Lillgrund,Siemens,55.5118,12.7977,Sweden,2.3,93.0,65.0,SWT-2.3-93,2007-12
3410,Lillgrund,Siemens,55.5173,12.8059,Sweden,2.3,93.0,65.0,SWT-2.3-93,2007-12
3411,Lillgrund,Siemens,55.5182,12.7762,Sweden,2.3,93.0,65.0,SWT-2.3-93,2007-12
3412,Lillgrund,Siemens,55.5169,12.7806,Sweden,2.3,93.0,65.0,SWT-2.3-93,2007-12
3413,Lillgrund,Siemens,55.513,12.7935,Sweden,2.3,93.0,65.0,SWT-2.3-93,2007-12
3414,Lillgrund,Siemens,55.5143,12.7892,Sweden,2.3,93.0,65.0,SWT-2.3-93,2007-12
3415,Lillgrund,Siemens,55.5156,12.7849,Sweden,2.3,93.0,65.0,SWT-2.3-93,2007-12
3416,Lillgrund,Siemens,55.5145,12.8018,Sweden,2.3,93.0,65.0,SWT-2.3-93,2007-12
3417,Lillgrund,Siemens,55.5033,12.7729,Sweden,2.3,93.0,65.0,SWT-2.3-93,2007-12
3418,Lillgrund,Siemens,55.5158,12.7975,Sweden,2.3,93.0,65.0,SWT-2.3-93,2007-12
3419,Lillgrund,Siemens,55.5006,12.7688,Sweden,2.3,93.0,65.0,SWT-2.3-93,2007-12
3420,Lillgrund,Siemens,55.518,12.7636,Sweden,2.3,93.0,65.0,SWT-2.3-93,2007-12
3421,Lillgrund,Siemens,55.5046,12.7686,Sweden,2.3,93.0,65.0,SWT-2.3-93,2007-12
3422,Lillgrund,Siemens,55.521,12.7803,Sweden,2.3,93.0,65.0,SWT-2.3-93,2007-12
3423,Lillgrund,Siemens,55.5208,12.7678,Sweden,2.3,93.0,65.0,SWT-2.3-93,2007-12
3424,Lillgrund,Siemens,55.5197,12.7846,Sweden,2.3,93.0,65.0,SWT-2.3-93,2007-12
3425,Lillgrund,Siemens,55.5195,12.772,Sweden,2.3,93.0,65.0,SWT-2.3-93,2007-12
3426,Lillgrund,Siemens,55.5186,12.8015,Sweden,2.3,93.0,65.0,SWT-2.3-93,2007-12
3427,Lillgrund,Siemens,55.5127,12.7682,Sweden,2.3,93.0,65.0,SWT-2.3-93,2007-12
3428,Lillgrund,Siemens,55.5212,12.793,Sweden,2.3,93.0,65.0,SWT-2.3-93,2007-12
3429,Lillgrund,Siemens,55.5167,12.7679,Sweden,2.3,93.0,65.0,SWT-2.3-93,2007-12
3430,Lillgrund,Siemens,55.5154,12.7723,Sweden,2.3,93.0,65.0,SWT-2.3-93,2007-12
3431,Lillgrund,Siemens,55.514,12.7639,Sweden,2.3,93.0,65.0,SWT-2.3-93,2007-12
3432,Lillgrund,Siemens,55.5035,12.7856,Sweden,2.3,93.0,65.0,SWT-2.3-93,2007-12
3433,Lillgrund,Siemens,55.5099,12.7642,Sweden,2.3,93.0,65.0,SWT-2.3-93,2007-12
3434,Lillgrund,Siemens,55.5129,12.7808,Sweden,2.3,93.0,65.0,SWT-2.3-93,2007-12
3435,Lillgrund,Siemens,55.5236,12.7717,Sweden,2.3,93.0,65.0,SWT-2.3-93,2007-12
3436,Lillgrund,Siemens,55.5184,12.7889,Sweden,2.3,93.0,65.0,SWT-2.3-93,2007-12
3437,Lillgrund,Siemens,55.5223,12.776,Sweden,2.3,93.0,65.0,SWT-2.3-93,2007-12
3438,Lillgrund,Siemens,55.5007,12.7815,Sweden,2.3,93.0,65.0,SWT-2.3-93,2007-12
3439,Lillgrund,Siemens,55.5141,12.7765,Sweden,2.3,93.0,65.0,SWT-2.3-93,2007-12
3440,Lillgrund,Siemens,55.5223,12.7885,Sweden,2.3,93.0,65.0,SWT-2.3-93,2007-12
3441,Lillgrund,Siemens,55.4993,12.7731,Sweden,2.3,93.0,65.0,SWT-2.3-93,2007-12
3442,Lillgrund,Siemens,55.5059,12.7643,Sweden,2.3,93.0,65.0,SWT-2.3-93,2007-12
3443,Lillgrund,Siemens,55.506,12.7769,Sweden,2.3,93.0,65.0,SWT-2.3-93,2007-12
3444,Lillgrund,Siemens,55.5062,12.7897,Sweden,2.3,93.0,65.0,SWT-2.3-93,2007-12
3445,Lillgrund,Siemens,55.5074,12.7727,Sweden,2.3,93.0,65.0,SWT-2.3-93,2007-12
3446,Lillgrund,Siemens,55.5075,12.7853,Sweden,2.3,93.0,65.0,SWT-2.3-93,2007-12
3447,Lillgrund,Siemens,55.5048,12.7812,Sweden,2.3,93.0,65.0,SWT-2.3-93,2007-12
3448,Lillgrund,Siemens,55.5088,12.781,Sweden,2.3,93.0,65.0,SWT-2.3-93,2007-12
3449,Lillgrund,Siemens,55.509,12.7937,Sweden,2.3,93.0,65.0,SWT-2.3-93,2007-12
3450,Lillgrund,Siemens,55.5103,12.7894,Sweden,2.3,93.0,65.0,SWT-2.3-93,2007-12
3451,Lillgrund,Siemens,55.5116,12.7851,Sweden,2.3,93.0,65.0,SWT-2.3-93,2007-12
3452,Lillgrund,Siemens,55.5171,12.7932,Sweden,2.3,93.0,65.0,SWT-2.3-93,2007-12
3453,Lillgrund,Siemens,55.5019,12.7646,Sweden,2.3,93.0,65.0,SWT-2.3-93,2007-12
3454,Lillgrund,Siemens,55.5087,12.7684,Sweden,2.3,93.0,65.0,SWT-2.3-93,2007-12
3455,Lillgrund,Siemens,55.5199,12.7973,Sweden,2.3,93.0,65.0,SWT-2.3-93,2007-12
3456,Lincs,Siemens,53.1636,0.4895,United Kingdom,3.6,120.0,100.0,SWT-3.6-120,2013-09
3457,Lincs,Siemens,53.1511,0.489,United Kingdom,3.6,120.0,100.0,SWT-3.6-120,2013-09
3458,Lincs,Siemens,53.152,0.5033,United Kingdom,3.6,120.0,100.0,SWT-3.6-120,2013-09
3459,Lincs,Siemens,53.1515,0.5176,United Kingdom,3.6,120.0,100.0,SWT-3.6-120,2013-09
3460,Lincs,Siemens,53.1575,0.4749,United Kingdom,3.6,120.0,100.0,SWT-3.6-120,2013-09
3461,Lincs,Siemens,53.1571,0.5177,United Kingdom,3.6,120.0,100.0,SWT-3.6-120,2013-09
3462,Lincs,Siemens,53.1583,0.5035,United Kingdom,3.6,120.0,100.0,SWT-3.6-120,2013-09
3463,Lincs,Siemens,53.1639,0.4753,United Kingdom,3.6,120.0,100.0,SWT-3.6-120,2013-09
3464,Lincs,Siemens,53.2049,0.4748,United Kingdom,3.6,120.0,100.0,SWT-3.6-120,2013-09
3465,Lincs,Siemens,53.1458,0.5032,United Kingdom,3.6,120.0,100.0,SWT-3.6-120,2013-09
3466,Lincs,Siemens,53.1572,0.4893,United Kingdom,3.6,120.0,100.0,SWT-3.6-120,2013-09
3467,Lincs,Siemens,53.1522,0.4748,United Kingdom,3.6,120.0,100.0,SWT-3.6-120,2013-09
3468,Lincs,Siemens,53.1398,0.4909,United Kingdom,3.6,120.0,100.0,SWT-3.6-120,2013-09
3469,Lincs,Siemens,53.2081,0.4603,United Kingdom,3.6,120.0,100.0,SWT-3.6-120,2013-09
3470,Lincs,Siemens,53.2033,0.4603,United Kingdom,3.6,120.0,100.0,SWT-3.6-120,2013-09
3471,Lincs,Siemens,53.1331,0.4791,United Kingdom,3.6,120.0,100.0,SWT-3.6-120,2013-09
3472,Lincs,Siemens,53.1286,0.4793,United Kingdom,3.6,120.0,100.0,SWT-3.6-120,2013-09
3473,Lincs,Siemens,53.1986,0.4771,United Kingdom,3.6,120.0,100.0,SWT-3.6-120,2013-09
3474,Lincs,Siemens,53.1346,0.4907,United Kingdom,3.6,120.0,100.0,SWT-3.6-120,2013-09
3475,Lincs,Siemens,53.1921,0.4771,United Kingdom,3.6,120.0,100.0,SWT-3.6-120,2013-09
3476,Lincs,Siemens,53.1393,0.5031,United Kingdom,3.6,120.0,100.0,SWT-3.6-120,2013-09
3477,Lincs,Siemens,53.1448,0.491,United Kingdom,3.6,120.0,100.0,SWT-3.6-120,2013-09
3478,Lincs,Siemens,53.1283,0.4899,United Kingdom,3.6,120.0,100.0,SWT-3.6-120,2013-09
3479,Lincs,Siemens,53.1647,0.5036,United Kingdom,3.6,120.0,100.0,SWT-3.6-120,2013-09
3480,Lincs,Siemens,53.2026,0.504,United Kingdom,3.6,120.0,100.0,SWT-3.6-120,2013-09
3481,Lincs,Siemens,53.163,0.5167,United Kingdom,3.6,120.0,100.0,SWT-3.6-120,2013-09
3482,Lincs,Siemens,53.1377,0.4786,United Kingdom,3.6,120.0,100.0,SWT-3.6-120,2013-09
3483,Lincs,Siemens,53.1697,0.4894,United Kingdom,3.6,120.0,100.0,SWT-3.6-120,2013-09
3484,Lincs,Siemens,53.2179,0.4697,United Kingdom,3.6,120.0,100.0,SWT-3.6-120,2013-09
3485,Lincs,Siemens,53.2131,0.5147,United Kingdom,3.6,120.0,100.0,SWT-3.6-120,2013-09
3486,Lincs,Siemens,53.2148,0.4997,United Kingdom,3.6,120.0,100.0,SWT-3.6-120,2013-09
3487,Lincs,Siemens,53.213,0.4856,United Kingdom,3.6,120.0,100.0,SWT-3.6-120,2013-09
3488,Lincs,Siemens,53.2075,0.5171,United Kingdom,3.6,120.0,100.0,SWT-3.6-120,2013-09
3489,Lincs,Siemens,53.1709,0.5037,United Kingdom,3.6,120.0,100.0,SWT-3.6-120,2013-09
3490,Lincs,Siemens,53.1961,0.5039,United Kingdom,3.6,120.0,100.0,SWT-3.6-120,2013-09
3491,Lincs,Siemens,53.1823,0.4901,United Kingdom,3.6,120.0,100.0,SWT-3.6-120,2013-09
3492,Lincs,Siemens,53.1772,0.5037,United Kingdom,3.6,120.0,100.0,SWT-3.6-120,2013-09
3493,Lincs,Siemens,53.1965,0.5157,United Kingdom,3.6,120.0,100.0,SWT-3.6-120,2013-09
3494,Lincs,Siemens,53.1915,0.5177,United Kingdom,3.6,120.0,100.0,SWT-3.6-120,2013-09
3495,Lincs,Siemens,53.1858,0.5174,United Kingdom,3.6,120.0,100.0,SWT-3.6-120,2013-09
3496,Lincs,Siemens,53.1899,0.5038,United Kingdom,3.6,120.0,100.0,SWT-3.6-120,2013-09
3497,Lincs,Siemens,53.18,0.5176,United Kingdom,3.6,120.0,100.0,SWT-3.6-120,2013-09
3498,Lincs,Siemens,53.1831,0.4764,United Kingdom,3.6,120.0,100.0,SWT-3.6-120,2013-09
3499,Lincs,Siemens,53.1743,0.5177,United Kingdom,3.6,120.0,100.0,SWT-3.6-120,2013-09
3500,Lincs,Siemens,53.176,0.4897,United Kingdom,3.6,120.0,100.0,SWT-3.6-120,2013-09
3501,Lincs,Siemens,53.1768,0.476,United Kingdom,3.6,120.0,100.0,SWT-3.6-120,2013-09
3502,Lincs,Siemens,53.1686,0.5174,United Kingdom,3.6,120.0,100.0,SWT-3.6-120,2013-09
3503,Lincs,Siemens,53.1947,0.4907,United Kingdom,3.6,120.0,100.0,SWT-3.6-120,2013-09
3504,Lincs,Siemens,53.1702,0.4752,United Kingdom,3.6,120.0,100.0,SWT-3.6-120,2013-09
3505,Lincs,Siemens,53.2192,0.4836,United Kingdom,3.6,120.0,100.0,SWT-3.6-120,2013-09
3506,Lincs,Siemens,53.2009,0.4908,United Kingdom,3.6,120.0,100.0,SWT-3.6-120,2013-09
3507,Lincs,Siemens,53.1835,0.5039,United Kingdom,3.6,120.0,100.0,SWT-3.6-120,2013-09
3508,Lincs,Siemens,53.2236,0.4671,United Kingdom,3.6,120.0,100.0,SWT-3.6-120,2013-09
3509,Lincs,Siemens,53.2017,0.5177,United Kingdom,3.6,120.0,100.0,SWT-3.6-120,2013-09
3510,Lincs,Siemens,53.2192,0.512,United Kingdom,3.6,120.0,100.0,SWT-3.6-120,2013-09
3511,Lincs,Siemens,53.2209,0.4971,United Kingdom,3.6,120.0,100.0,SWT-3.6-120,2013-09
3512,Lincs,Siemens,53.207,0.4883,United Kingdom,3.6,120.0,100.0,SWT-3.6-120,2013-09
3513,Lincs,Siemens,53.2306,0.5073,United Kingdom,3.6,120.0,100.0,SWT-3.6-120,2013-09
3514,Lincs,Siemens,53.2433,0.4732,United Kingdom,3.6,120.0,100.0,SWT-3.6-120,2013-09
3515,Lincs,Siemens,53.2453,0.4869,United Kingdom,3.6,120.0,100.0,SWT-3.6-120,2013-09
3516,Lincs,Siemens,53.2473,0.5003,United Kingdom,3.6,120.0,100.0,SWT-3.6-120,2013-09
3517,Lincs,Siemens,53.2416,0.5025,United Kingdom,3.6,120.0,100.0,SWT-3.6-120,2013-09
3518,Lincs,Siemens,53.2391,0.4894,United Kingdom,3.6,120.0,100.0,SWT-3.6-120,2013-09
3519,Lincs,Siemens,53.2371,0.4757,United Kingdom,3.6,120.0,100.0,SWT-3.6-120,2013-09
3520,Lincs,Siemens,53.2411,0.4598,United Kingdom,3.6,120.0,100.0,SWT-3.6-120,2013-09
3521,Lincs,Siemens,53.2295,0.4644,United Kingdom,3.6,120.0,100.0,SWT-3.6-120,2013-09
3522,Lincs,Siemens,53.2353,0.4622,United Kingdom,3.6,120.0,100.0,SWT-3.6-120,2013-09
3523,Lincs,Siemens,53.227,0.4944,United Kingdom,3.6,120.0,100.0,SWT-3.6-120,2013-09
3524,Lincs,Siemens,53.2252,0.5097,United Kingdom,3.6,120.0,100.0,SWT-3.6-120,2013-09
3525,Lincs,Siemens,53.2362,0.5051,United Kingdom,3.6,120.0,100.0,SWT-3.6-120,2013-09
3526,Lincs,Siemens,53.2087,0.5024,United Kingdom,3.6,120.0,100.0,SWT-3.6-120,2013-09
3527,Lincs,Siemens,53.2331,0.492,United Kingdom,3.6,120.0,100.0,SWT-3.6-120,2013-09
3528,Lincs,Siemens,53.2312,0.4782,United Kingdom,3.6,120.0,100.0,SWT-3.6-120,2013-09
3529,Lincs,Siemens,53.2251,0.4807,United Kingdom,3.6,120.0,100.0,SWT-3.6-120,2013-09
3530,Lincs,Siemens,53.2128,0.4602,United Kingdom,3.6,120.0,100.0,SWT-3.6-120,2013-09
3531,London Array,Siemens,51.6241,1.5714,United Kingdom,3.6,120.0,87.0,SWT-3.6-120,2013-04
3532,London Array,Siemens,51.6508,1.4343,United Kingdom,3.6,120.0,87.0,SWT-3.6-120,2013-04
3533,London Array,Siemens,51.5788,1.5454,United Kingdom,3.6,120.0,87.0,SWT-3.6-120,2013-04
3534,London Array,Siemens,51.5856,1.5549,United Kingdom,3.6,120.0,87.0,SWT-3.6-120,2013-04
3535,London Array,Siemens,51.657,1.5551,United Kingdom,3.6,120.0,87.0,SWT-3.6-120,2013-04
3536,London Array,Siemens,51.5767,1.5051,United Kingdom,3.6,120.0,87.0,SWT-3.6-120,2013-04
3537,London Array,Siemens,51.5776,1.4815,United Kingdom,3.6,120.0,87.0,SWT-3.6-120,2013-04
3538,London Array,Siemens,51.5814,1.4742,United Kingdom,3.6,120.0,87.0,SWT-3.6-120,2013-04
3539,London Array,Siemens,51.5806,1.498,United Kingdom,3.6,120.0,87.0,SWT-3.6-120,2013-04
3540,London Array,Siemens,51.5817,1.5619,United Kingdom,3.6,120.0,87.0,SWT-3.6-120,2013-04
3541,London Array,Siemens,51.5821,1.4504,United Kingdom,3.6,120.0,87.0,SWT-3.6-120,2013-04
3542,London Array,Siemens,51.5826,1.5383,United Kingdom,3.6,120.0,87.0,SWT-3.6-120,2013-04
3543,London Array,Siemens,51.575,1.5524,United Kingdom,3.6,120.0,87.0,SWT-3.6-120,2013-04
3544,London Array,Siemens,51.5847,1.4903,United Kingdom,3.6,120.0,87.0,SWT-3.6-120,2013-04
3545,London Array,Siemens,51.5836,1.5146,United Kingdom,3.6,120.0,87.0,SWT-3.6-120,2013-04
3546,London Array,Siemens,51.5797,1.5217,United Kingdom,3.6,120.0,87.0,SWT-3.6-120,2013-04
3547,London Array,Siemens,51.6337,1.4104,United Kingdom,3.6,120.0,87.0,SWT-3.6-120,2013-04
3548,London Array,Siemens,51.595,1.4933,United Kingdom,3.6,120.0,87.0,SWT-3.6-120,2013-04
3549,London Array,Siemens,51.6123,1.4184,United Kingdom,3.6,120.0,87.0,SWT-3.6-120,2013-04
3550,London Array,Siemens,51.5989,1.4861,United Kingdom,3.6,120.0,87.0,SWT-3.6-120,2013-04
3551,London Array,Siemens,51.6745,1.5437,United Kingdom,3.6,120.0,87.0,SWT-3.6-120,2013-04
3552,London Array,Siemens,51.5998,1.4625,United Kingdom,3.6,120.0,87.0,SWT-3.6-120,2013-04
3553,London Array,Siemens,51.6001,1.5501,United Kingdom,3.6,120.0,87.0,SWT-3.6-120,2013-04
3554,London Array,Siemens,51.6009,1.5264,United Kingdom,3.6,120.0,87.0,SWT-3.6-120,2013-04
3555,London Array,Siemens,51.6018,1.5028,United Kingdom,3.6,120.0,87.0,SWT-3.6-120,2013-04
3556,London Array,Siemens,51.6028,1.4789,United Kingdom,3.6,120.0,87.0,SWT-3.6-120,2013-04
3557,London Array,Siemens,51.603,1.5667,United Kingdom,3.6,120.0,87.0,SWT-3.6-120,2013-04
3558,London Array,Siemens,51.6037,1.4554,United Kingdom,3.6,120.0,87.0,SWT-3.6-120,2013-04
3559,London Array,Siemens,51.5862,1.4434,United Kingdom,3.6,120.0,87.0,SWT-3.6-120,2013-04
3560,London Array,Siemens,51.5853,1.4672,United Kingdom,3.6,120.0,87.0,SWT-3.6-120,2013-04
3561,London Array,Siemens,51.6248,1.4602,United Kingdom,3.6,120.0,87.0,SWT-3.6-120,2013-04
3562,London Array,Siemens,51.5785,1.4576,United Kingdom,3.6,120.0,87.0,SWT-3.6-120,2013-04
3563,London Array,Siemens,51.5977,1.4242,United Kingdom,3.6,120.0,87.0,SWT-3.6-120,2013-04
3564,London Array,Siemens,51.6044,1.4318,United Kingdom,3.6,120.0,87.0,SWT-3.6-120,2013-04
3565,London Array,Siemens,51.5759,1.5288,United Kingdom,3.6,120.0,87.0,SWT-3.6-120,2013-04
3566,London Array,Siemens,51.604,1.5433,United Kingdom,3.6,120.0,87.0,SWT-3.6-120,2013-04
3567,London Array,Siemens,51.6066,1.472,United Kingdom,3.6,120.0,87.0,SWT-3.6-120,2013-04
3568,London Array,Siemens,51.6055,1.4955,United Kingdom,3.6,120.0,87.0,SWT-3.6-120,2013-04
3569,London Array,Siemens,51.6133,1.4815,United Kingdom,3.6,120.0,87.0,SWT-3.6-120,2013-04
3570,London Array,Siemens,51.6082,1.4247,United Kingdom,3.6,120.0,87.0,SWT-3.6-120,2013-04
3571,London Array,Siemens,51.6086,1.5123,United Kingdom,3.6,120.0,87.0,SWT-3.6-120,2013-04
3572,London Array,Siemens,51.6095,1.4886,United Kingdom,3.6,120.0,87.0,SWT-3.6-120,2013-04
3573,London Array,Siemens,51.6074,1.4484,United Kingdom,3.6,120.0,87.0,SWT-3.6-120,2013-04
3574,London Array,Siemens,51.6104,1.4648,United Kingdom,3.6,120.0,87.0,SWT-3.6-120,2013-04
3575,London Array,Siemens,51.6077,1.536,United Kingdom,3.6,120.0,87.0,SWT-3.6-120,2013-04
3576,London Array,Siemens,51.6113,1.4413,United Kingdom,3.6,120.0,87.0,SWT-3.6-120,2013-04
3577,London Array,Siemens,51.6116,1.5293,United Kingdom,3.6,120.0,87.0,SWT-3.6-120,2013-04
3578,London Array,Siemens,51.6068,1.5597,United Kingdom,3.6,120.0,87.0,SWT-3.6-120,2013-04
3579,London Array,Siemens,51.6124,1.5051,United Kingdom,3.6,120.0,87.0,SWT-3.6-120,2013-04
3580,London Array,Siemens,51.6983,1.5007,United Kingdom,3.6,120.0,87.0,SWT-3.6-120,2013-04
3581,London Array,Siemens,51.6107,1.5526,United Kingdom,3.6,120.0,87.0,SWT-3.6-120,2013-04
3582,London Array,Siemens,51.614,1.5691,United Kingdom,3.6,120.0,87.0,SWT-3.6-120,2013-04
3583,London Array,Siemens,51.598,1.5099,United Kingdom,3.6,120.0,87.0,SWT-3.6-120,2013-04
3584,London Array,Siemens,51.6192,1.5146,United Kingdom,3.6,120.0,87.0,SWT-3.6-120,2013-04
3585,London Array,Siemens,51.6142,1.4578,United Kingdom,3.6,120.0,87.0,SWT-3.6-120,2013-04
3586,London Array,Siemens,51.6142,1.5462,United Kingdom,3.6,120.0,87.0,SWT-3.6-120,2013-04
3587,London Array,Siemens,51.6422,1.4722,United Kingdom,3.6,120.0,87.0,SWT-3.6-120,2013-04
3588,London Array,Siemens,51.6153,1.5217,United Kingdom,3.6,120.0,87.0,SWT-3.6-120,2013-04
3589,London Array,Siemens,51.6164,1.4983,United Kingdom,3.6,120.0,87.0,SWT-3.6-120,2013-04
3590,London Array,Siemens,51.6172,1.4743,United Kingdom,3.6,120.0,87.0,SWT-3.6-120,2013-04
3591,London Array,Siemens,51.6175,1.5621,United Kingdom,3.6,120.0,87.0,SWT-3.6-120,2013-04
3592,London Array,Siemens,51.618,1.4506,United Kingdom,3.6,120.0,87.0,SWT-3.6-120,2013-04
3593,London Array,Siemens,51.6184,1.5384,United Kingdom,3.6,120.0,87.0,SWT-3.6-120,2013-04
3594,London Array,Siemens,51.6189,1.4272,United Kingdom,3.6,120.0,87.0,SWT-3.6-120,2013-04
3595,London Array,Siemens,51.5892,1.4601,United Kingdom,3.6,120.0,87.0,SWT-3.6-120,2013-04
3596,London Array,Siemens,51.6048,1.5194,United Kingdom,3.6,120.0,87.0,SWT-3.6-120,2013-04
3597,London Array,Siemens,51.621,1.4672,United Kingdom,3.6,120.0,87.0,SWT-3.6-120,2013-04
3598,London Array,Siemens,51.6213,1.555,United Kingdom,3.6,120.0,87.0,SWT-3.6-120,2013-04
3599,London Array,Siemens,51.6219,1.4435,United Kingdom,3.6,120.0,87.0,SWT-3.6-120,2013-04
3600,London Array,Siemens,51.6222,1.5313,United Kingdom,3.6,120.0,87.0,SWT-3.6-120,2013-04
3601,London Array,Siemens,51.6227,1.4201,United Kingdom,3.6,120.0,87.0,SWT-3.6-120,2013-04
3602,London Array,Siemens,51.6231,1.5075,United Kingdom,3.6,120.0,87.0,SWT-3.6-120,2013-04
3603,London Array,Siemens,51.624,1.4839,United Kingdom,3.6,120.0,87.0,SWT-3.6-120,2013-04
3604,London Array,Siemens,51.6201,1.491,United Kingdom,3.6,120.0,87.0,SWT-3.6-120,2013-04
3605,London Array,Siemens,51.5972,1.5334,United Kingdom,3.6,120.0,87.0,SWT-3.6-120,2013-04
3606,London Array,Siemens,51.5779,1.569,United Kingdom,3.6,120.0,87.0,SWT-3.6-120,2013-04
3607,London Array,Siemens,51.5959,1.4695,United Kingdom,3.6,120.0,87.0,SWT-3.6-120,2013-04
3608,London Array,Siemens,51.6792,1.5363,United Kingdom,3.6,120.0,87.0,SWT-3.6-120,2013-04
3609,London Array,Siemens,51.68,1.5125,United Kingdom,3.6,120.0,87.0,SWT-3.6-120,2013-04
3610,London Array,Siemens,51.6809,1.4888,United Kingdom,3.6,120.0,87.0,SWT-3.6-120,2013-04
3611,London Array,Siemens,51.683,1.5292,United Kingdom,3.6,120.0,87.0,SWT-3.6-120,2013-04
3612,London Array,Siemens,51.6839,1.5055,United Kingdom,3.6,120.0,87.0,SWT-3.6-120,2013-04
3613,London Array,Siemens,51.685,1.4813,United Kingdom,3.6,120.0,87.0,SWT-3.6-120,2013-04
3614,London Array,Siemens,51.6868,1.522,United Kingdom,3.6,120.0,87.0,SWT-3.6-120,2013-04
3615,London Array,Siemens,51.6712,1.4627,United Kingdom,3.6,120.0,87.0,SWT-3.6-120,2013-04
3616,London Array,Siemens,51.6877,1.4984,United Kingdom,3.6,120.0,87.0,SWT-3.6-120,2013-04
3617,London Array,Siemens,51.6913,1.492,United Kingdom,3.6,120.0,87.0,SWT-3.6-120,2013-04
3618,London Array,Siemens,51.6945,1.5078,United Kingdom,3.6,120.0,87.0,SWT-3.6-120,2013-04
3619,London Array,Siemens,51.6414,1.4958,United Kingdom,3.6,120.0,87.0,SWT-3.6-120,2013-04
3620,London Array,Siemens,51.6405,1.5194,United Kingdom,3.6,120.0,87.0,SWT-3.6-120,2013-04
3621,London Array,Siemens,51.6401,1.4318,United Kingdom,3.6,120.0,87.0,SWT-3.6-120,2013-04
3622,London Array,Siemens,51.6397,1.5432,United Kingdom,3.6,120.0,87.0,SWT-3.6-120,2013-04
3623,London Array,Siemens,51.6393,1.4556,United Kingdom,3.6,120.0,87.0,SWT-3.6-120,2013-04
3624,London Array,Siemens,51.6384,1.4791,United Kingdom,3.6,120.0,87.0,SWT-3.6-120,2013-04
3625,London Array,Siemens,51.6375,1.5029,United Kingdom,3.6,120.0,87.0,SWT-3.6-120,2013-04
3626,London Array,Siemens,51.6366,1.5266,United Kingdom,3.6,120.0,87.0,SWT-3.6-120,2013-04
3627,London Array,Siemens,51.6363,1.439,United Kingdom,3.6,120.0,87.0,SWT-3.6-120,2013-04
3628,London Array,Siemens,51.6358,1.5503,United Kingdom,3.6,120.0,87.0,SWT-3.6-120,2013-04
3629,London Array,Siemens,51.6779,1.4722,United Kingdom,3.6,120.0,87.0,SWT-3.6-120,2013-04
3630,London Array,Siemens,51.6354,1.4626,United Kingdom,3.6,120.0,87.0,SWT-3.6-120,2013-04
3631,London Array,Siemens,51.677,1.4963,United Kingdom,3.6,120.0,87.0,SWT-3.6-120,2013-04
3632,London Array,Siemens,51.6762,1.5197,United Kingdom,3.6,120.0,87.0,SWT-3.6-120,2013-04
3633,London Array,Siemens,51.6443,1.5124,United Kingdom,3.6,120.0,87.0,SWT-3.6-120,2013-04
3634,London Array,Siemens,51.6255,1.4368,United Kingdom,3.6,120.0,87.0,SWT-3.6-120,2013-04
3635,London Array,Siemens,51.626,1.5242,United Kingdom,3.6,120.0,87.0,SWT-3.6-120,2013-04
3636,London Array,Siemens,51.6266,1.4129,United Kingdom,3.6,120.0,87.0,SWT-3.6-120,2013-04
3637,London Array,Siemens,51.6269,1.5004,United Kingdom,3.6,120.0,87.0,SWT-3.6-120,2013-04
3638,London Array,Siemens,51.6278,1.4768,United Kingdom,3.6,120.0,87.0,SWT-3.6-120,2013-04
3639,London Array,Siemens,51.629,1.5408,United Kingdom,3.6,120.0,87.0,SWT-3.6-120,2013-04
3640,London Array,Siemens,51.6287,1.4531,United Kingdom,3.6,120.0,87.0,SWT-3.6-120,2013-04
3641,London Array,Siemens,51.6299,1.5171,United Kingdom,3.6,120.0,87.0,SWT-3.6-120,2013-04
3642,London Array,Siemens,51.6307,1.4935,United Kingdom,3.6,120.0,87.0,SWT-3.6-120,2013-04
3643,London Array,Siemens,51.6316,1.4698,United Kingdom,3.6,120.0,87.0,SWT-3.6-120,2013-04
3644,London Array,Siemens,51.6325,1.4461,United Kingdom,3.6,120.0,87.0,SWT-3.6-120,2013-04
3645,London Array,Siemens,51.6328,1.5337,United Kingdom,3.6,120.0,87.0,SWT-3.6-120,2013-04
3646,London Array,Siemens,51.6333,1.4224,United Kingdom,3.6,120.0,87.0,SWT-3.6-120,2013-04
3647,London Array,Siemens,51.628,1.5643,United Kingdom,3.6,120.0,87.0,SWT-3.6-120,2013-04
3648,London Array,Siemens,51.6319,1.5574,United Kingdom,3.6,120.0,87.0,SWT-3.6-120,2013-04
3649,London Array,Siemens,51.6346,1.4863,United Kingdom,3.6,120.0,87.0,SWT-3.6-120,2013-04
3650,London Array,Siemens,51.6452,1.4888,United Kingdom,3.6,120.0,87.0,SWT-3.6-120,2013-04
3651,London Array,Siemens,51.6724,1.5267,United Kingdom,3.6,120.0,87.0,SWT-3.6-120,2013-04
3652,London Array,Siemens,51.6733,1.5028,United Kingdom,3.6,120.0,87.0,SWT-3.6-120,2013-04
3653,London Array,Siemens,51.6742,1.4794,United Kingdom,3.6,120.0,87.0,SWT-3.6-120,2013-04
3654,London Array,Siemens,51.5968,1.4458,United Kingdom,3.6,120.0,87.0,SWT-3.6-120,2013-04
3655,London Array,Siemens,51.6904,1.5144,United Kingdom,3.6,120.0,87.0,SWT-3.6-120,2013-04
3656,London Array,Siemens,51.6703,1.4864,United Kingdom,3.6,120.0,87.0,SWT-3.6-120,2013-04
3657,London Array,Siemens,51.6635,1.4769,United Kingdom,3.6,120.0,87.0,SWT-3.6-120,2013-04
3658,London Array,Siemens,51.6643,1.4533,United Kingdom,3.6,120.0,87.0,SWT-3.6-120,2013-04
3659,London Array,Siemens,51.6643,1.541,United Kingdom,3.6,120.0,87.0,SWT-3.6-120,2013-04
3660,London Array,Siemens,51.6434,1.5362,United Kingdom,3.6,120.0,87.0,SWT-3.6-120,2013-04
3661,London Array,Siemens,51.6658,1.5166,United Kingdom,3.6,120.0,87.0,SWT-3.6-120,2013-04
3662,London Array,Siemens,51.6665,1.4935,United Kingdom,3.6,120.0,87.0,SWT-3.6-120,2013-04
3663,London Array,Siemens,51.6673,1.4699,United Kingdom,3.6,120.0,87.0,SWT-3.6-120,2013-04
3664,London Array,Siemens,51.6337,1.51,United Kingdom,3.6,120.0,87.0,SWT-3.6-120,2013-04
3665,London Array,Siemens,51.6251,1.5479,United Kingdom,3.6,120.0,87.0,SWT-3.6-120,2013-04
3666,London Array,Siemens,51.5962,1.5573,United Kingdom,3.6,120.0,87.0,SWT-3.6-120,2013-04
3667,London Array,Siemens,51.6431,1.4484,United Kingdom,3.6,120.0,87.0,SWT-3.6-120,2013-04
3668,London Array,Siemens,51.5874,1.5072,United Kingdom,3.6,120.0,87.0,SWT-3.6-120,2013-04
3669,London Array,Siemens,51.5882,1.4839,United Kingdom,3.6,120.0,87.0,SWT-3.6-120,2013-04
3670,London Array,Siemens,51.5894,1.5478,United Kingdom,3.6,120.0,87.0,SWT-3.6-120,2013-04
3671,London Array,Siemens,51.59,1.4364,United Kingdom,3.6,120.0,87.0,SWT-3.6-120,2013-04
3672,London Array,Siemens,51.5903,1.524,United Kingdom,3.6,120.0,87.0,SWT-3.6-120,2013-04
3673,London Array,Siemens,51.5912,1.5004,United Kingdom,3.6,120.0,87.0,SWT-3.6-120,2013-04
3674,London Array,Siemens,51.5921,1.4768,United Kingdom,3.6,120.0,87.0,SWT-3.6-120,2013-04
3675,London Array,Siemens,51.5924,1.5644,United Kingdom,3.6,120.0,87.0,SWT-3.6-120,2013-04
3676,London Array,Siemens,51.593,1.4529,United Kingdom,3.6,120.0,87.0,SWT-3.6-120,2013-04
3677,London Array,Siemens,51.5932,1.5407,United Kingdom,3.6,120.0,87.0,SWT-3.6-120,2013-04
3678,London Array,Siemens,51.5938,1.4293,United Kingdom,3.6,120.0,87.0,SWT-3.6-120,2013-04
3679,London Array,Siemens,51.6694,1.5101,United Kingdom,3.6,120.0,87.0,SWT-3.6-120,2013-04
3680,London Array,Siemens,51.5865,1.5311,United Kingdom,3.6,120.0,87.0,SWT-3.6-120,2013-04
3681,London Array,Siemens,51.6626,1.5006,United Kingdom,3.6,120.0,87.0,SWT-3.6-120,2013-04
3682,London Array,Siemens,51.6608,1.548,United Kingdom,3.6,120.0,87.0,SWT-3.6-120,2013-04
3683,London Array,Siemens,51.6685,1.5337,United Kingdom,3.6,120.0,87.0,SWT-3.6-120,2013-04
3684,London Array,Siemens,51.6461,1.4651,United Kingdom,3.6,120.0,87.0,SWT-3.6-120,2013-04
3685,London Array,Siemens,51.647,1.4414,United Kingdom,3.6,120.0,87.0,SWT-3.6-120,2013-04
3686,London Array,Siemens,51.6472,1.529,United Kingdom,3.6,120.0,87.0,SWT-3.6-120,2013-04
3687,London Array,Siemens,51.6481,1.5053,United Kingdom,3.6,120.0,87.0,SWT-3.6-120,2013-04
3688,London Array,Siemens,51.649,1.4816,United Kingdom,3.6,120.0,87.0,SWT-3.6-120,2013-04
3689,London Array,Siemens,51.65,1.4582,United Kingdom,3.6,120.0,87.0,SWT-3.6-120,2013-04
3690,London Array,Siemens,51.6502,1.5456,United Kingdom,3.6,120.0,87.0,SWT-3.6-120,2013-04
3691,London Array,Siemens,51.6511,1.5219,United Kingdom,3.6,120.0,87.0,SWT-3.6-120,2013-04
3692,London Array,Siemens,51.652,1.4982,United Kingdom,3.6,120.0,87.0,SWT-3.6-120,2013-04
3693,London Array,Siemens,51.6532,1.4739,United Kingdom,3.6,120.0,87.0,SWT-3.6-120,2013-04
3694,London Array,Siemens,51.6537,1.4509,United Kingdom,3.6,120.0,87.0,SWT-3.6-120,2013-04
3695,London Array,Siemens,51.6542,1.5382,United Kingdom,3.6,120.0,87.0,SWT-3.6-120,2013-04
3696,London Array,Siemens,51.655,1.5148,United Kingdom,3.6,120.0,87.0,SWT-3.6-120,2013-04
3697,London Array,Siemens,51.6558,1.4911,United Kingdom,3.6,120.0,87.0,SWT-3.6-120,2013-04
3698,London Array,Siemens,51.6567,1.4674,United Kingdom,3.6,120.0,87.0,SWT-3.6-120,2013-04
3699,London Array,Siemens,51.6576,1.4439,United Kingdom,3.6,120.0,87.0,SWT-3.6-120,2013-04
3700,London Array,Siemens,51.6579,1.5314,United Kingdom,3.6,120.0,87.0,SWT-3.6-120,2013-04
3701,London Array,Siemens,51.6588,1.5077,United Kingdom,3.6,120.0,87.0,SWT-3.6-120,2013-04
3702,London Array,Siemens,51.6597,1.4839,United Kingdom,3.6,120.0,87.0,SWT-3.6-120,2013-04
3703,London Array,Siemens,51.6603,1.4606,United Kingdom,3.6,120.0,87.0,SWT-3.6-120,2013-04
3704,London Array,Siemens,51.6618,1.5244,United Kingdom,3.6,120.0,87.0,SWT-3.6-120,2013-04
3705,London Array,Siemens,51.5942,1.517,United Kingdom,3.6,120.0,87.0,SWT-3.6-120,2013-04
3706,Lynn,Siemens,53.1257,0.4503,United Kingdom,3.6,107.0,80.0,SWT-3.6-107,2009-03
3707,Lynn,Siemens,53.1373,0.4594,United Kingdom,3.6,107.0,80.0,SWT-3.6-107,2009-03
3708,Lynn,Siemens,53.1259,0.4309,United Kingdom,3.6,107.0,80.0,SWT-3.6-107,2009-03
3709,Lynn,Siemens,53.1438,0.4492,United Kingdom,3.6,107.0,80.0,SWT-3.6-107,2009-03
3710,Lynn,Siemens,53.1395,0.4492,United Kingdom,3.6,107.0,80.0,SWT-3.6-107,2009-03
3711,Lynn,Siemens,53.1324,0.44,United Kingdom,3.6,107.0,80.0,SWT-3.6-107,2009-03
3712,Lynn,Siemens,53.1301,0.4308,United Kingdom,3.6,107.0,80.0,SWT-3.6-107,2009-03
3713,Lynn,Siemens,53.1368,0.44,United Kingdom,3.6,107.0,80.0,SWT-3.6-107,2009-03
3714,Lynn,Siemens,53.1389,0.4301,United Kingdom,3.6,107.0,80.0,SWT-3.6-107,2009-03
3715,Lynn,Siemens,53.1433,0.4305,United Kingdom,3.6,107.0,80.0,SWT-3.6-107,2009-03
3716,Lynn,Siemens,53.1277,0.4404,United Kingdom,3.6,107.0,80.0,SWT-3.6-107,2009-03
3717,Lynn,Siemens,53.1343,0.4307,United Kingdom,3.6,107.0,80.0,SWT-3.6-107,2009-03
3718,Lynn,Siemens,53.1303,0.4499,United Kingdom,3.6,107.0,80.0,SWT-3.6-107,2009-03
3719,Lynn,Siemens,53.1414,0.4397,United Kingdom,3.6,107.0,80.0,SWT-3.6-107,2009-03
3720,Lynn,Siemens,53.1349,0.4497,United Kingdom,3.6,107.0,80.0,SWT-3.6-107,2009-03
3721,Lynn,Siemens,53.1459,0.4393,United Kingdom,3.6,107.0,80.0,SWT-3.6-107,2009-03
3722,Lynn,Siemens,53.1354,0.4692,United Kingdom,3.6,107.0,80.0,SWT-3.6-107,2009-03
3723,Lynn,Siemens,53.1307,0.4696,United Kingdom,3.6,107.0,80.0,SWT-3.6-107,2009-03
3724,Lynn,Siemens,53.1262,0.4697,United Kingdom,3.6,107.0,80.0,SWT-3.6-107,2009-03
3725,Lynn,Siemens,53.1467,0.4778,United Kingdom,3.6,107.0,80.0,SWT-3.6-107,2009-03
3726,Lynn,Siemens,53.1328,0.4594,United Kingdom,3.6,107.0,80.0,SWT-3.6-107,2009-03
3727,Lynn,Siemens,53.1284,0.4598,United Kingdom,3.6,107.0,80.0,SWT-3.6-107,2009-03
3728,Lynn,Siemens,53.1418,0.4591,United Kingdom,3.6,107.0,80.0,SWT-3.6-107,2009-03
3729,Lynn,Siemens,53.14,0.4689,United Kingdom,3.6,107.0,80.0,SWT-3.6-107,2009-03
3730,Lynn,Siemens,53.1443,0.4684,United Kingdom,3.6,107.0,80.0,SWT-3.6-107,2009-03
3731,Lynn,Siemens,53.1421,0.4786,United Kingdom,3.6,107.0,80.0,SWT-3.6-107,2009-03
3732,Lynn,Siemens,53.1463,0.4588,United Kingdom,3.6,107.0,80.0,SWT-3.6-107,2009-03
3733,Meerwind Sued/Ost,Siemens,54.3559,7.6414,Germany,3.6,120.0,89.0,SWT-3.6-120,2014-12
3734,Meerwind Sued/Ost,Siemens,54.3522,7.6526,Germany,3.6,120.0,89.0,SWT-3.6-120,2014-12
3735,Meerwind Sued/Ost,Siemens,54.3515,7.6413,Germany,3.6,120.0,89.0,SWT-3.6-120,2014-12
3736,Meerwind Sued/Ost,Siemens,54.3666,7.6892,Germany,3.6,120.0,89.0,SWT-3.6-120,2014-12
3737,Meerwind Sued/Ost,Siemens,54.3774,7.7258,Germany,3.6,120.0,89.0,SWT-3.6-120,2014-12
3738,Meerwind Sued/Ost,Siemens,54.3825,7.7483,Germany,3.6,120.0,89.0,SWT-3.6-120,2014-12
3739,Meerwind Sued/Ost,Siemens,54.4251,7.7621,Germany,3.6,120.0,89.0,SWT-3.6-120,2014-12
3740,Meerwind Sued/Ost,Siemens,54.3859,7.7665,Germany,3.6,120.0,89.0,SWT-3.6-120,2014-12
3741,Meerwind Sued/Ost,Siemens,54.3762,7.6961,Germany,3.6,120.0,89.0,SWT-3.6-120,2014-12
3742,Meerwind Sued/Ost,Siemens,54.3771,7.6608,Germany,3.6,120.0,89.0,SWT-3.6-120,2014-12
3743,Meerwind Sued/Ost,Siemens,54.3566,7.6605,Germany,3.6,120.0,89.0,SWT-3.6-120,2014-12
3744,Meerwind Sued/Ost,Siemens,54.4338,7.7525,Germany,3.6,120.0,89.0,SWT-3.6-120,2014-12
3745,Meerwind Sued/Ost,Siemens,54.3585,7.6521,Germany,3.6,120.0,89.0,SWT-3.6-120,2014-12
3746,Meerwind Sued/Ost,Siemens,54.3743,7.6413,Germany,3.6,120.0,89.0,SWT-3.6-120,2014-12
3747,Meerwind Sued/Ost,Siemens,54.36,7.671,Germany,3.6,120.0,89.0,SWT-3.6-120,2014-12
3748,Meerwind Sued/Ost,Siemens,54.3629,7.6621,Germany,3.6,120.0,89.0,SWT-3.6-120,2014-12
3749,Meerwind Sued/Ost,Siemens,54.3629,7.6792,Germany,3.6,120.0,89.0,SWT-3.6-120,2014-12
3750,Meerwind Sued/Ost,Siemens,54.3649,7.6413,Germany,3.6,120.0,89.0,SWT-3.6-120,2014-12
3751,Meerwind Sued/Ost,Siemens,54.3673,7.6606,Germany,3.6,120.0,89.0,SWT-3.6-120,2014-12
3752,Meerwind Sued/Ost,Siemens,54.3721,7.6896,Germany,3.6,120.0,89.0,SWT-3.6-120,2014-12
3753,Meerwind Sued/Ost,Siemens,54.3694,7.6414,Germany,3.6,120.0,89.0,SWT-3.6-120,2014-12
3754,Meerwind Sued/Ost,Siemens,54.3699,7.6994,Germany,3.6,120.0,89.0,SWT-3.6-120,2014-12
3755,Meerwind Sued/Ost,Siemens,54.3722,7.6609,Germany,3.6,120.0,89.0,SWT-3.6-120,2014-12
3756,Meerwind Sued/Ost,Siemens,54.3957,7.7451,Germany,3.6,120.0,89.0,SWT-3.6-120,2014-12
3757,Meerwind Sued/Ost,Siemens,54.3756,7.6715,Germany,3.6,120.0,89.0,SWT-3.6-120,2014-12
3758,Meerwind Sued/Ost,Siemens,54.3604,7.6412,Germany,3.6,120.0,89.0,SWT-3.6-120,2014-12
3759,Meerwind Sued/Ost,Siemens,54.347,7.6413,Germany,3.6,120.0,89.0,SWT-3.6-120,2014-12
3760,Meerwind Sued/Ost,Siemens,54.3986,7.7079,Germany,3.6,120.0,89.0,SWT-3.6-120,2014-12
3761,Meerwind Sued/Ost,Siemens,54.3738,7.7128,Germany,3.6,120.0,89.0,SWT-3.6-120,2014-12
3762,Meerwind Sued/Ost,Siemens,54.4299,7.7387,Germany,3.6,120.0,89.0,SWT-3.6-120,2014-12
3763,Meerwind Sued/Ost,Siemens,54.3813,7.6779,Germany,3.6,120.0,89.0,SWT-3.6-120,2014-12
3764,Meerwind Sued/Ost,Siemens,54.3823,7.6604,Germany,3.6,120.0,89.0,SWT-3.6-120,2014-12
3765,Meerwind Sued/Ost,Siemens,54.3821,7.6939,Germany,3.6,120.0,89.0,SWT-3.6-120,2014-12
3766,Meerwind Sued/Ost,Siemens,54.3827,7.7267,Germany,3.6,120.0,89.0,SWT-3.6-120,2014-12
3767,Meerwind Sued/Ost,Siemens,54.3788,7.6413,Germany,3.6,120.0,89.0,SWT-3.6-120,2014-12
3768,Meerwind Sued/Ost,Siemens,54.3843,7.7578,Germany,3.6,120.0,89.0,SWT-3.6-120,2014-12
3769,Meerwind Sued/Ost,Siemens,54.3844,7.7108,Germany,3.6,120.0,89.0,SWT-3.6-120,2014-12
3770,Meerwind Sued/Ost,Siemens,54.3864,7.6765,Germany,3.6,120.0,89.0,SWT-3.6-120,2014-12
3771,Meerwind Sued/Ost,Siemens,54.3875,7.6626,Germany,3.6,120.0,89.0,SWT-3.6-120,2014-12
3772,Meerwind Sued/Ost,Siemens,54.3832,7.6413,Germany,3.6,120.0,89.0,SWT-3.6-120,2014-12
3773,Meerwind Sued/Ost,Siemens,54.3802,7.7376,Germany,3.6,120.0,89.0,SWT-3.6-120,2014-12
3774,Meerwind Sued/Ost,Siemens,54.3895,7.6882,Germany,3.6,120.0,89.0,SWT-3.6-120,2014-12
3775,Meerwind Sued/Ost,Siemens,54.389,7.7278,Germany,3.6,120.0,89.0,SWT-3.6-120,2014-12
3776,Meerwind Sued/Ost,Siemens,54.3958,7.7653,Germany,3.6,120.0,89.0,SWT-3.6-120,2014-12
3777,Meerwind Sued/Ost,Siemens,54.3993,7.6639,Germany,3.6,120.0,89.0,SWT-3.6-120,2014-12
3778,Meerwind Sued/Ost,Siemens,54.395,7.6533,Germany,3.6,120.0,89.0,SWT-3.6-120,2014-12
3779,Meerwind Sued/Ost,Siemens,54.3918,7.6755,Germany,3.6,120.0,89.0,SWT-3.6-120,2014-12
3780,Meerwind Sued/Ost,Siemens,54.3918,7.6606,Germany,3.6,120.0,89.0,SWT-3.6-120,2014-12
3781,Meerwind Sued/Ost,Siemens,54.3951,7.6904,Germany,3.6,120.0,89.0,SWT-3.6-120,2014-12
3782,Meerwind Sued/Ost,Siemens,54.3915,7.7095,Germany,3.6,120.0,89.0,SWT-3.6-120,2014-12
3783,Meerwind Sued/Ost,Siemens,54.3909,7.7659,Germany,3.6,120.0,89.0,SWT-3.6-120,2014-12
3784,Meerwind Sued/Ost,Siemens,54.3904,7.7463,Germany,3.6,120.0,89.0,SWT-3.6-120,2014-12
3785,Meerwind Sued/Ost,Siemens,54.3923,7.6413,Germany,3.6,120.0,89.0,SWT-3.6-120,2014-12
3786,Meerwind Sued/Ost,Siemens,54.3877,7.6412,Germany,3.6,120.0,89.0,SWT-3.6-120,2014-12
3787,Meerwind Sued/Ost,Siemens,54.3865,7.74,Germany,3.6,120.0,89.0,SWT-3.6-120,2014-12
3788,Meerwind Sued/Ost,Siemens,54.4068,7.7064,Germany,3.6,120.0,89.0,SWT-3.6-120,2014-12
3789,Meerwind Sued/Ost,Siemens,54.4293,7.7579,Germany,3.6,120.0,89.0,SWT-3.6-120,2014-12
3790,Meerwind Sued/Ost,Siemens,54.4249,7.7413,Germany,3.6,120.0,89.0,SWT-3.6-120,2014-12
3791,Meerwind Sued/Ost,Siemens,54.3955,7.7271,Germany,3.6,120.0,89.0,SWT-3.6-120,2014-12
3792,Meerwind Sued/Ost,Siemens,54.4203,7.7626,Germany,3.6,120.0,89.0,SWT-3.6-120,2014-12
3793,Meerwind Sued/Ost,Siemens,54.4186,7.7484,Germany,3.6,120.0,89.0,SWT-3.6-120,2014-12
3794,Meerwind Sued/Ost,Siemens,54.4196,7.7164,Germany,3.6,120.0,89.0,SWT-3.6-120,2014-12
3795,Meerwind Sued/Ost,Siemens,54.4153,7.7053,Germany,3.6,120.0,89.0,SWT-3.6-120,2014-12
3796,Meerwind Sued/Ost,Siemens,54.4154,7.7631,Germany,3.6,120.0,89.0,SWT-3.6-120,2014-12
3797,Meerwind Sued/Ost,Siemens,54.4153,7.7245,Germany,3.6,120.0,89.0,SWT-3.6-120,2014-12
3798,Meerwind Sued/Ost,Siemens,54.4136,7.7428,Germany,3.6,120.0,89.0,SWT-3.6-120,2014-12
3799,Meerwind Sued/Ost,Siemens,54.412,7.6973,Germany,3.6,120.0,89.0,SWT-3.6-120,2014-12
3800,Meerwind Sued/Ost,Siemens,54.4105,7.7636,Germany,3.6,120.0,89.0,SWT-3.6-120,2014-12
3801,Meerwind Sued/Ost,Siemens,54.4242,7.729,Germany,3.6,120.0,89.0,SWT-3.6-120,2014-12
3802,Meerwind Sued/Ost,Siemens,54.4077,7.7246,Germany,3.6,120.0,89.0,SWT-3.6-120,2014-12
3803,Meerwind Sued/Ost,Siemens,54.4078,7.6862,Germany,3.6,120.0,89.0,SWT-3.6-120,2014-12
3804,Meerwind Sued/Ost,Siemens,54.3971,7.6745,Germany,3.6,120.0,89.0,SWT-3.6-120,2014-12
3805,Meerwind Sued/Ost,Siemens,54.3784,7.7127,Germany,3.6,120.0,89.0,SWT-3.6-120,2014-12
3806,Meerwind Sued/Ost,Siemens,54.4007,7.7648,Germany,3.6,120.0,89.0,SWT-3.6-120,2014-12
3807,Meerwind Sued/Ost,Siemens,54.4014,7.7257,Germany,3.6,120.0,89.0,SWT-3.6-120,2014-12
3808,Meerwind Sued/Ost,Siemens,54.403,7.6738,Germany,3.6,120.0,89.0,SWT-3.6-120,2014-12
3809,Meerwind Sued/Ost,Siemens,54.4015,7.6885,Germany,3.6,120.0,89.0,SWT-3.6-120,2014-12
3810,Meerwind Sued/Ost,Siemens,54.4056,7.7643,Germany,3.6,120.0,89.0,SWT-3.6-120,2014-12
3811,Meerwind Sued/Ost,Siemens,54.4068,7.7451,Germany,3.6,120.0,89.0,SWT-3.6-120,2014-12
3812,Meerwind Sued/Ost,Siemens,54.4017,7.7462,Germany,3.6,120.0,89.0,SWT-3.6-120,2014-12
3813,Merkur Offshore,GE Energy,54.0381,6.5795,Germany,6.0,150.0,103.0,Haliade 150-6MW,2019-06
3814,Merkur Offshore,GE Energy,54.0201,6.543,Germany,6.0,150.0,103.0,Haliade 150-6MW,2019-06
3815,Merkur Offshore,GE Energy,54.0273,6.5298,Germany,6.0,150.0,103.0,Haliade 150-6MW,2019-06
3816,Merkur Offshore,GE Energy,54.0413,6.5667,Germany,6.0,150.0,103.0,Haliade 150-6MW,2019-06
3817,Merkur Offshore,GE Energy,54.0436,6.5291,Germany,6.0,150.0,103.0,Haliade 150-6MW,2019-06
3818,Merkur Offshore,GE Energy,54.0516,6.5285,Germany,6.0,150.0,103.0,Haliade 150-6MW,2019-06
3819,Merkur Offshore,GE Energy,54.0435,6.5416,Germany,6.0,150.0,103.0,Haliade 150-6MW,2019-06
3820,Merkur Offshore,GE Energy,54.0428,6.5545,Germany,6.0,150.0,103.0,Haliade 150-6MW,2019-06
3821,Merkur Offshore,GE Energy,54.0363,6.5921,Germany,6.0,150.0,103.0,Haliade 150-6MW,2019-06
3822,Merkur Offshore,GE Energy,54.0503,6.5541,Germany,6.0,150.0,103.0,Haliade 150-6MW,2019-06
3823,Merkur Offshore,GE Energy,54.0117,6.5561,Germany,6.0,150.0,103.0,Haliade 150-6MW,2019-06
3824,Merkur Offshore,GE Energy,54.0265,6.5677,Germany,6.0,150.0,103.0,Haliade 150-6MW,2019-06
3825,Merkur Offshore,GE Energy,54.0117,6.5683,Germany,6.0,150.0,103.0,Haliade 150-6MW,2019-06
3826,Merkur Offshore,GE Energy,54.0509,6.5413,Germany,6.0,150.0,103.0,Haliade 150-6MW,2019-06
3827,Merkur Offshore,GE Energy,54.0486,6.5666,Germany,6.0,150.0,103.0,Haliade 150-6MW,2019-06
3828,Merkur Offshore,GE Energy,54.0456,6.5791,Germany,6.0,150.0,103.0,Haliade 150-6MW,2019-06
3829,Merkur Offshore,GE Energy,54.0437,6.5917,Germany,6.0,150.0,103.0,Haliade 150-6MW,2019-06
3830,Merkur Offshore,GE Energy,54.0192,6.568,Germany,6.0,150.0,103.0,Haliade 150-6MW,2019-06
3831,Merkur Offshore,GE Energy,54.0192,6.5556,Germany,6.0,150.0,103.0,Haliade 150-6MW,2019-06
3832,Merkur Offshore,GE Energy,54.0362,6.6065,Germany,6.0,150.0,103.0,Haliade 150-6MW,2019-06
3833,Merkur Offshore,GE Energy,54.0589,6.5281,Germany,6.0,150.0,103.0,Haliade 150-6MW,2019-06
3834,Merkur Offshore,GE Energy,54.028,6.5427,Germany,6.0,150.0,103.0,Haliade 150-6MW,2019-06
3835,Merkur Offshore,GE Energy,54.0075,6.5291,Germany,6.0,150.0,103.0,Haliade 150-6MW,2019-06
3836,Merkur Offshore,GE Energy,54.0531,6.5787,Germany,6.0,150.0,103.0,Haliade 150-6MW,2019-06
3837,Merkur Offshore,GE Energy,54.0892,6.5519,Germany,6.0,150.0,103.0,Haliade 150-6MW,2019-06
3838,Merkur Offshore,GE Energy,54.0363,6.6188,Germany,6.0,150.0,103.0,Haliade 150-6MW,2019-06
3839,Merkur Offshore,GE Energy,54.0815,6.5523,Germany,6.0,150.0,103.0,Haliade 150-6MW,2019-06
3840,Merkur Offshore,GE Energy,54.0757,6.5771,Germany,6.0,150.0,103.0,Haliade 150-6MW,2019-06
3841,Merkur Offshore,GE Energy,54.0891,6.5396,Germany,6.0,150.0,103.0,Haliade 150-6MW,2019-06
3842,Merkur Offshore,GE Energy,54.0814,6.5401,Germany,6.0,150.0,103.0,Haliade 150-6MW,2019-06
3843,Merkur Offshore,GE Energy,54.0657,6.5904,Germany,6.0,150.0,103.0,Haliade 150-6MW,2019-06
3844,Merkur Offshore,GE Energy,54.0737,6.5525,Germany,6.0,150.0,103.0,Haliade 150-6MW,2019-06
3845,Merkur Offshore,GE Energy,54.0582,6.5534,Germany,6.0,150.0,103.0,Haliade 150-6MW,2019-06
3846,Merkur Offshore,GE Energy,54.0586,6.541,Germany,6.0,150.0,103.0,Haliade 150-6MW,2019-06
3847,Merkur Offshore,GE Energy,54.066,6.5531,Germany,6.0,150.0,103.0,Haliade 150-6MW,2019-06
3848,Merkur Offshore,GE Energy,54.0635,6.5656,Germany,6.0,150.0,103.0,Haliade 150-6MW,2019-06
3849,Merkur Offshore,GE Energy,54.0606,6.5781,Germany,6.0,150.0,103.0,Haliade 150-6MW,2019-06
3850,Merkur Offshore,GE Energy,54.0584,6.5908,Germany,6.0,150.0,103.0,Haliade 150-6MW,2019-06
3851,Merkur Offshore,GE Energy,54.0566,6.6021,Germany,6.0,150.0,103.0,Haliade 150-6MW,2019-06
3852,Merkur Offshore,GE Energy,54.056,6.566,Germany,6.0,150.0,103.0,Haliade 150-6MW,2019-06
3853,Merkur Offshore,GE Energy,54.0681,6.5775,Germany,6.0,150.0,103.0,Haliade 150-6MW,2019-06
3854,Merkur Offshore,GE Energy,54.071,6.5654,Germany,6.0,150.0,103.0,Haliade 150-6MW,2019-06
3855,Merkur Offshore,GE Energy,54.0431,6.5162,Germany,6.0,150.0,103.0,Haliade 150-6MW,2019-06
3856,Merkur Offshore,GE Energy,54.0076,6.5045,Germany,6.0,150.0,103.0,Haliade 150-6MW,2019-06
3857,Merkur Offshore,GE Energy,54.0043,6.5687,Germany,6.0,150.0,103.0,Haliade 150-6MW,2019-06
3858,Merkur Offshore,GE Energy,54.0338,6.5672,Germany,6.0,150.0,103.0,Haliade 150-6MW,2019-06
3859,Merkur Offshore,GE Energy,54.0075,6.5164,Germany,6.0,150.0,103.0,Haliade 150-6MW,2019-06
3860,Merkur Offshore,GE Energy,54.0149,6.5041,Germany,6.0,150.0,103.0,Haliade 150-6MW,2019-06
3861,Merkur Offshore,GE Energy,54.0151,6.5163,Germany,6.0,150.0,103.0,Haliade 150-6MW,2019-06
3862,Merkur Offshore,GE Energy,54.0151,6.5285,Germany,6.0,150.0,103.0,Haliade 150-6MW,2019-06
3863,Merkur Offshore,GE Energy,54.0225,6.5158,Germany,6.0,150.0,103.0,Haliade 150-6MW,2019-06
3864,Merkur Offshore,GE Energy,54.0224,6.5036,Germany,6.0,150.0,103.0,Haliade 150-6MW,2019-06
3865,Merkur Offshore,GE Energy,54.0503,6.6094,Germany,6.0,150.0,103.0,Haliade 150-6MW,2019-06
3866,Merkur Offshore,GE Energy,54.0347,6.5165,Germany,6.0,150.0,103.0,Haliade 150-6MW,2019-06
3867,Merkur Offshore,GE Energy,54.0352,6.5297,Germany,6.0,150.0,103.0,Haliade 150-6MW,2019-06
3868,Merkur Offshore,GE Energy,54.0078,6.5412,Germany,6.0,150.0,103.0,Haliade 150-6MW,2019-06
3869,Merkur Offshore,GE Energy,54.0347,6.5549,Germany,6.0,150.0,103.0,Haliade 150-6MW,2019-06
3870,Merkur Offshore,GE Energy,54.0437,6.6058,Germany,6.0,150.0,103.0,Haliade 150-6MW,2019-06
3871,Merkur Offshore,GE Energy,54.0662,6.5404,Germany,6.0,150.0,103.0,Haliade 150-6MW,2019-06
3872,Merkur Offshore,GE Energy,54.0511,6.5911,Germany,6.0,150.0,103.0,Haliade 150-6MW,2019-06
3873,Merkur Offshore,GE Energy,54.0783,6.5648,Germany,6.0,150.0,103.0,Haliade 150-6MW,2019-06
3874,Merkur Offshore,GE Energy,54.0858,6.5644,Germany,6.0,150.0,103.0,Haliade 150-6MW,2019-06
3875,Merkur Offshore,GE Energy,54.0736,6.5406,Germany,6.0,150.0,103.0,Haliade 150-6MW,2019-06
3876,Merkur Offshore,GE Energy,54.0435,6.619,Germany,6.0,150.0,103.0,Haliade 150-6MW,2019-06
3877,Merkur Offshore,GE Energy,54.0299,6.5035,Germany,6.0,150.0,103.0,Haliade 150-6MW,2019-06
3878,Merkur Offshore,GE Energy,54.0356,6.5421,Germany,6.0,150.0,103.0,Haliade 150-6MW,2019-06
3879,Mermaid,Siemens Gamesa,51.7204,2.7112,Belgium,8.0,167.0,109.0,SG 8.0-167 DD,2020-12
3880,Mermaid,Siemens Gamesa,51.7166,2.7471,Belgium,8.0,167.0,109.0,SG 8.0-167 DD,2020-12
3881,Mermaid,Siemens Gamesa,51.7135,2.7089,Belgium,8.0,167.0,109.0,SG 8.0-167 DD,2020-12
3882,Mermaid,Siemens Gamesa,51.7275,2.774,Belgium,8.0,167.0,109.0,SG 8.0-167 DD,2020-12
3883,Mermaid,Siemens Gamesa,51.7325,2.7215,Belgium,8.0,167.0,109.0,SG 8.0-167 DD,2020-12
3884,Mermaid,Siemens Gamesa,51.7357,2.7602,Belgium,8.0,167.0,109.0,SG 8.0-167 DD,2020-12
3885,Mermaid,Siemens Gamesa,51.6986,2.7287,Belgium,8.0,167.0,109.0,SG 8.0-167 DD,2020-12
3886,Mermaid,Siemens Gamesa,51.706,2.7063,Belgium,8.0,167.0,109.0,SG 8.0-167 DD,2020-12
3887,Mermaid,Siemens Gamesa,51.6933,2.718,Belgium,8.0,167.0,109.0,SG 8.0-167 DD,2020-12
3888,Mermaid,Siemens Gamesa,51.7155,2.7803,Belgium,8.0,167.0,109.0,SG 8.0-167 DD,2020-12
3889,Mermaid,Siemens Gamesa,51.7232,2.781,Belgium,8.0,167.0,109.0,SG 8.0-167 DD,2020-12
3890,Mermaid,Siemens Gamesa,51.7387,2.7537,Belgium,8.0,167.0,109.0,SG 8.0-167 DD,2020-12
3891,Mermaid,Siemens Gamesa,51.7278,2.7137,Belgium,8.0,167.0,109.0,SG 8.0-167 DD,2020-12
3892,Mermaid,Siemens Gamesa,51.7358,2.739,Belgium,8.0,167.0,109.0,SG 8.0-167 DD,2020-12
3893,Mermaid,Siemens Gamesa,51.7044,2.7407,Belgium,8.0,167.0,109.0,SG 8.0-167 DD,2020-12
3894,Mermaid,Siemens Gamesa,51.6975,2.7141,Belgium,8.0,167.0,109.0,SG 8.0-167 DD,2020-12
3895,Mermaid,Siemens Gamesa,51.7216,2.7383,Belgium,8.0,167.0,109.0,SG 8.0-167 DD,2020-12
3896,Mermaid,Siemens Gamesa,51.7017,2.7102,Belgium,8.0,167.0,109.0,SG 8.0-167 DD,2020-12
3897,Mermaid,Siemens Gamesa,51.7185,2.723,Belgium,8.0,167.0,109.0,SG 8.0-167 DD,2020-12
3898,Mermaid,Siemens Gamesa,51.7261,2.7292,Belgium,8.0,167.0,109.0,SG 8.0-167 DD,2020-12
3899,Mermaid,Siemens Gamesa,51.7131,2.7641,Belgium,8.0,167.0,109.0,SG 8.0-167 DD,2020-12
3900,Mermaid,Siemens Gamesa,51.7115,2.7318,Belgium,8.0,167.0,109.0,SG 8.0-167 DD,2020-12
3901,Mermaid,Siemens Gamesa,51.7044,2.7244,Belgium,8.0,167.0,109.0,SG 8.0-167 DD,2020-12
3902,Mermaid,Siemens Gamesa,51.7098,2.7192,Belgium,8.0,167.0,109.0,SG 8.0-167 DD,2020-12
3903,Mermaid,Siemens Gamesa,51.7232,2.7581,Belgium,8.0,167.0,109.0,SG 8.0-167 DD,2020-12
3904,Mermaid,Siemens Gamesa,51.7296,2.7486,Belgium,8.0,167.0,109.0,SG 8.0-167 DD,2020-12
3905,Mermaid,Siemens Gamesa,51.709,2.7503,Belgium,8.0,167.0,109.0,SG 8.0-167 DD,2020-12
3906,Mermaid,Siemens Gamesa,51.7318,2.7668,Belgium,8.0,167.0,109.0,SG 8.0-167 DD,2020-12
3907,Methil Demo,Samsung Heavy Industries,56.1737,-3.0192,United Kingdom,7.0,171.2,110.6,S7.0-171,2015-01
3908,Middelgrunden,Bonus,55.6923,12.6708,Denmark,2.0,76.0,64.0,B76/2000,2001-03
3909,Middelgrunden,Bonus,55.707,12.6684,Denmark,2.0,76.0,64.0,B76/2000,2001-03
3910,Middelgrunden,Bonus,55.684,12.6702,Denmark,2.0,76.0,64.0,B76/2000,2001-03
3911,Middelgrunden,Bonus,55.6808,12.6696,Denmark,2.0,76.0,64.0,B76/2000,2001-03
3912,Middelgrunden,Bonus,55.6759,12.6684,Denmark,2.0,76.0,64.0,B76/2000,2001-03
3913,Middelgrunden,Bonus,55.6775,12.6688,Denmark,2.0,76.0,64.0,B76/2000,2001-03
3914,Middelgrunden,Bonus,55.6791,12.6693,Denmark,2.0,76.0,64.0,B76/2000,2001-03
3915,Middelgrunden,Bonus,55.6824,12.67,Denmark,2.0,76.0,64.0,B76/2000,2001-03
3916,Middelgrunden,Bonus,55.6857,12.6704,Denmark,2.0,76.0,64.0,B76/2000,2001-03
3917,Middelgrunden,Bonus,55.7053,12.6688,Denmark,2.0,76.0,64.0,B76/2000,2001-03
3918,Middelgrunden,Bonus,55.6906,12.6707,Denmark,2.0,76.0,64.0,B76/2000,2001-03
3919,Middelgrunden,Bonus,55.6873,12.6706,Denmark,2.0,76.0,64.0,B76/2000,2001-03
3920,Middelgrunden,Bonus,55.6988,12.6702,Denmark,2.0,76.0,64.0,B76/2000,2001-03
3921,Middelgrunden,Bonus,55.7021,12.6696,Denmark,2.0,76.0,64.0,B76/2000,2001-03
3922,Middelgrunden,Bonus,55.7004,12.67,Denmark,2.0,76.0,64.0,B76/2000,2001-03
3923,Middelgrunden,Bonus,55.6955,12.6706,Denmark,2.0,76.0,64.0,B76/2000,2001-03
3924,Middelgrunden,Bonus,55.6939,12.6707,Denmark,2.0,76.0,64.0,B76/2000,2001-03
3925,Middelgrunden,Bonus,55.689,12.6707,Denmark,2.0,76.0,64.0,B76/2000,2001-03
3926,Middelgrunden,Bonus,55.6972,12.6704,Denmark,2.0,76.0,64.0,B76/2000,2001-03
3927,Middelgrunden,Bonus,55.7037,12.6693,Denmark,2.0,76.0,64.0,B76/2000,2001-03
3928,Moray East,Vestas,58.0856,-2.8427,United Kingdom,9.5,164.0,105.0,V164-9.5 MW,2022-04
3929,Moray East,Vestas,58.1547,-2.5794,United Kingdom,9.5,164.0,105.0,V164-9.5 MW,2022-04
3930,Moray East,Vestas,58.0761,-2.8691,United Kingdom,9.5,164.0,105.0,V164-9.5 MW,2022-04
3931,Moray East,Vestas,58.0858,-2.8686,United Kingdom,9.5,164.0,105.0,V164-9.5 MW,2022-04
3932,Moray East,Vestas,58.1356,-2.7109,United Kingdom,9.5,164.0,105.0,V164-9.5 MW,2022-04
3933,Moray East,Vestas,58.1155,-2.7112,United Kingdom,9.5,164.0,105.0,V164-9.5 MW,2022-04
3934,Moray East,Vestas,58.177,-2.7897,United Kingdom,9.5,164.0,105.0,V164-9.5 MW,2022-04
3935,Moray East,Vestas,58.1149,-2.6846,United Kingdom,9.5,164.0,105.0,V164-9.5 MW,2022-04
3936,Moray East,Vestas,58.1752,-2.6056,United Kingdom,9.5,164.0,105.0,V164-9.5 MW,2022-04
3937,Moray East,Vestas,58.1851,-2.5797,United Kingdom,9.5,164.0,105.0,V164-9.5 MW,2022-04
3938,Moray East,Vestas,58.1952,-2.5799,United Kingdom,9.5,164.0,105.0,V164-9.5 MW,2022-04
3939,Moray East,Vestas,58.1651,-2.6056,United Kingdom,9.5,164.0,105.0,V164-9.5 MW,2022-04
3940,Moray East,Vestas,58.1545,-2.6056,United Kingdom,9.5,164.0,105.0,V164-9.5 MW,2022-04
3941,Moray East,Vestas,58.1347,-2.6323,United Kingdom,9.5,164.0,105.0,V164-9.5 MW,2022-04
3942,Moray East,Vestas,58.1448,-2.6328,United Kingdom,9.5,164.0,105.0,V164-9.5 MW,2022-04
3943,Moray East,Vestas,58.0958,-2.8425,United Kingdom,9.5,164.0,105.0,V164-9.5 MW,2022-04
3944,Moray East,Vestas,58.1752,-2.5801,United Kingdom,9.5,164.0,105.0,V164-9.5 MW,2022-04
3945,Moray East,Vestas,58.106,-2.8425,United Kingdom,9.5,164.0,105.0,V164-9.5 MW,2022-04
3946,Moray East,Vestas,58.1462,-2.7377,United Kingdom,9.5,164.0,105.0,V164-9.5 MW,2022-04
3947,Moray East,Vestas,58.1157,-2.8161,United Kingdom,9.5,164.0,105.0,V164-9.5 MW,2022-04
3948,Moray East,Vestas,58.2272,-2.7897,United Kingdom,9.5,164.0,105.0,V164-9.5 MW,2022-04
3949,Moray East,Vestas,58.1549,-2.6323,United Kingdom,9.5,164.0,105.0,V164-9.5 MW,2022-04
3950,Moray East,Vestas,58.1253,-2.711,United Kingdom,9.5,164.0,105.0,V164-9.5 MW,2022-04
3951,Moray East,Vestas,58.1453,-2.711,United Kingdom,9.5,164.0,105.0,V164-9.5 MW,2022-04
3952,Moray East,Vestas,58.1557,-2.7116,United Kingdom,9.5,164.0,105.0,V164-9.5 MW,2022-04
3953,Moray East,Vestas,58.1658,-2.711,United Kingdom,9.5,164.0,105.0,V164-9.5 MW,2022-04
3954,Moray East,Vestas,58.1758,-2.7104,United Kingdom,9.5,164.0,105.0,V164-9.5 MW,2022-04
3955,Moray East,Vestas,58.116,-2.842,United Kingdom,9.5,164.0,105.0,V164-9.5 MW,2022-04
3956,Moray East,Vestas,58.1963,-2.711,United Kingdom,9.5,164.0,105.0,V164-9.5 MW,2022-04
3957,Moray East,Vestas,58.1053,-2.7637,United Kingdom,9.5,164.0,105.0,V164-9.5 MW,2022-04
3958,Moray East,Vestas,58.1159,-2.7637,United Kingdom,9.5,164.0,105.0,V164-9.5 MW,2022-04
3959,Moray East,Vestas,58.1057,-2.7898,United Kingdom,9.5,164.0,105.0,V164-9.5 MW,2022-04
3960,Moray East,Vestas,58.1156,-2.7902,United Kingdom,9.5,164.0,105.0,V164-9.5 MW,2022-04
3961,Moray East,Vestas,58.1259,-2.7897,United Kingdom,9.5,164.0,105.0,V164-9.5 MW,2022-04
3962,Moray East,Vestas,58.0857,-2.8163,United Kingdom,9.5,164.0,105.0,V164-9.5 MW,2022-04
3963,Moray East,Vestas,58.2872,-2.6841,United Kingdom,9.5,164.0,105.0,V164-9.5 MW,2022-04
3964,Moray East,Vestas,58.105,-2.7373,United Kingdom,9.5,164.0,105.0,V164-9.5 MW,2022-04
3965,Moray East,Vestas,58.1654,-2.6323,United Kingdom,9.5,164.0,105.0,V164-9.5 MW,2022-04
3966,Moray East,Vestas,58.2873,-2.7106,United Kingdom,9.5,164.0,105.0,V164-9.5 MW,2022-04
3967,Moray East,Vestas,58.196,-2.6851,United Kingdom,9.5,164.0,105.0,V164-9.5 MW,2022-04
3968,Moray East,Vestas,58.2769,-2.6842,United Kingdom,9.5,164.0,105.0,V164-9.5 MW,2022-04
3969,Moray East,Vestas,58.2264,-2.6846,United Kingdom,9.5,164.0,105.0,V164-9.5 MW,2022-04
3970,Moray East,Vestas,58.2464,-2.6843,United Kingdom,9.5,164.0,105.0,V164-9.5 MW,2022-04
3971,Moray East,Vestas,58.2256,-2.6056,United Kingdom,9.5,164.0,105.0,V164-9.5 MW,2022-04
3972,Moray East,Vestas,58.2061,-2.6848,United Kingdom,9.5,164.0,105.0,V164-9.5 MW,2022-04
3973,Moray East,Vestas,58.1969,-2.79,United Kingdom,9.5,164.0,105.0,V164-9.5 MW,2022-04
3974,Moray East,Vestas,58.207,-2.7898,United Kingdom,9.5,164.0,105.0,V164-9.5 MW,2022-04
3975,Moray East,Vestas,58.1971,-2.8161,United Kingdom,9.5,164.0,105.0,V164-9.5 MW,2022-04
3976,Moray East,Vestas,58.1855,-2.6319,United Kingdom,9.5,164.0,105.0,V164-9.5 MW,2022-04
3977,Moray East,Vestas,58.2174,-2.8163,United Kingdom,9.5,164.0,105.0,V164-9.5 MW,2022-04
3978,Moray East,Vestas,58.2274,-2.8163,United Kingdom,9.5,164.0,105.0,V164-9.5 MW,2022-04
3979,Moray East,Vestas,58.1973,-2.8424,United Kingdom,9.5,164.0,105.0,V164-9.5 MW,2022-04
3980,Moray East,Vestas,58.2374,-2.7898,United Kingdom,9.5,164.0,105.0,V164-9.5 MW,2022-04
3981,Moray East,Vestas,58.2072,-2.8161,United Kingdom,9.5,164.0,105.0,V164-9.5 MW,2022-04
3982,Moray East,Vestas,58.207,-2.7637,United Kingdom,9.5,164.0,105.0,V164-9.5 MW,2022-04
3983,Moray East,Vestas,58.1363,-2.79,United Kingdom,9.5,164.0,105.0,V164-9.5 MW,2022-04
3984,Moray East,Vestas,58.2166,-2.711,United Kingdom,9.5,164.0,105.0,V164-9.5 MW,2022-04
3985,Moray East,Vestas,58.2057,-2.6321,United Kingdom,9.5,164.0,105.0,V164-9.5 MW,2022-04
3986,Moray East,Vestas,58.1869,-2.8163,United Kingdom,9.5,164.0,105.0,V164-9.5 MW,2022-04
3987,Moray East,Vestas,58.1766,-2.8161,United Kingdom,9.5,164.0,105.0,V164-9.5 MW,2022-04
3988,Moray East,Vestas,58.1669,-2.8163,United Kingdom,9.5,164.0,105.0,V164-9.5 MW,2022-04
3989,Moray East,Vestas,58.1564,-2.8166,United Kingdom,9.5,164.0,105.0,V164-9.5 MW,2022-04
3990,Moray East,Vestas,58.1466,-2.8163,United Kingdom,9.5,164.0,105.0,V164-9.5 MW,2022-04
3991,Moray East,Vestas,58.1363,-2.8166,United Kingdom,9.5,164.0,105.0,V164-9.5 MW,2022-04
3992,Moray East,Vestas,58.2075,-2.8425,United Kingdom,9.5,164.0,105.0,V164-9.5 MW,2022-04
3993,Moray East,Vestas,58.1462,-2.7904,United Kingdom,9.5,164.0,105.0,V164-9.5 MW,2022-04
3994,Moray East,Vestas,58.1954,-2.6321,United Kingdom,9.5,164.0,105.0,V164-9.5 MW,2022-04
3995,Moray East,Vestas,58.2772,-2.7107,United Kingdom,9.5,164.0,105.0,V164-9.5 MW,2022-04
3996,Moray East,Vestas,58.2775,-2.7372,United Kingdom,9.5,164.0,105.0,V164-9.5 MW,2022-04
3997,Moray East,Vestas,58.2168,-2.79,United Kingdom,9.5,164.0,105.0,V164-9.5 MW,2022-04
3998,Moray East,Vestas,58.2667,-2.6845,United Kingdom,9.5,164.0,105.0,V164-9.5 MW,2022-04
3999,Moray East,Vestas,58.1245,-2.6592,United Kingdom,9.5,164.0,105.0,V164-9.5 MW,2022-04
4000,Moray East,Vestas,58.1349,-2.6592,United Kingdom,9.5,164.0,105.0,V164-9.5 MW,2022-04
4001,Moray East,Vestas,58.1758,-2.6844,United Kingdom,9.5,164.0,105.0,V164-9.5 MW,2022-04
4002,Moray East,Vestas,58.1659,-2.6848,United Kingdom,9.5,164.0,105.0,V164-9.5 MW,2022-04
4003,Moray East,Vestas,58.1549,-2.6846,United Kingdom,9.5,164.0,105.0,V164-9.5 MW,2022-04
4004,Moray East,Vestas,58.1454,-2.685,United Kingdom,9.5,164.0,105.0,V164-9.5 MW,2022-04
4005,Moray East,Vestas,58.2671,-2.7105,United Kingdom,9.5,164.0,105.0,V164-9.5 MW,2022-04
4006,Moray East,Vestas,58.1252,-2.6848,United Kingdom,9.5,164.0,105.0,V164-9.5 MW,2022-04
4007,Moray East,Vestas,58.187,-2.7898,United Kingdom,9.5,164.0,105.0,V164-9.5 MW,2022-04
4008,Moray East,Vestas,58.1057,-2.8166,United Kingdom,9.5,164.0,105.0,V164-9.5 MW,2022-04
4009,Moray East,Vestas,58.1667,-2.79,United Kingdom,9.5,164.0,105.0,V164-9.5 MW,2022-04
4010,Moray East,Vestas,58.2262,-2.632,United Kingdom,9.5,164.0,105.0,V164-9.5 MW,2022-04
4011,Moray East,Vestas,58.2267,-2.7104,United Kingdom,9.5,164.0,105.0,V164-9.5 MW,2022-04
4012,Moray East,Vestas,58.2364,-2.7108,United Kingdom,9.5,164.0,105.0,V164-9.5 MW,2022-04
4013,Moray East,Vestas,58.1351,-2.6844,United Kingdom,9.5,164.0,105.0,V164-9.5 MW,2022-04
4014,Moray East,Vestas,58.2364,-2.631,United Kingdom,9.5,164.0,105.0,V164-9.5 MW,2022-04
4015,Moray East,Vestas,58.2366,-2.6844,United Kingdom,9.5,164.0,105.0,V164-9.5 MW,2022-04
4016,Moray East,Vestas,58.2667,-2.6581,United Kingdom,9.5,164.0,105.0,V164-9.5 MW,2022-04
4017,Moray East,Vestas,58.2569,-2.7103,United Kingdom,9.5,164.0,105.0,V164-9.5 MW,2022-04
4018,Moray East,Vestas,58.2566,-2.6844,United Kingdom,9.5,164.0,105.0,V164-9.5 MW,2022-04
4019,Moray East,Vestas,58.2563,-2.6319,United Kingdom,9.5,164.0,105.0,V164-9.5 MW,2022-04
4020,Moray East,Vestas,58.2577,-2.7636,United Kingdom,9.5,164.0,105.0,V164-9.5 MW,2022-04
4021,Moray East,Vestas,58.2562,-2.658,United Kingdom,9.5,164.0,105.0,V164-9.5 MW,2022-04
4022,Moray East,Vestas,58.247,-2.7106,United Kingdom,9.5,164.0,105.0,V164-9.5 MW,2022-04
4023,Moray East,Vestas,58.1562,-2.79,United Kingdom,9.5,164.0,105.0,V164-9.5 MW,2022-04
4024,Moray East,Vestas,58.2465,-2.6582,United Kingdom,9.5,164.0,105.0,V164-9.5 MW,2022-04
4025,Moray East,Vestas,58.2462,-2.6319,United Kingdom,9.5,164.0,105.0,V164-9.5 MW,2022-04
4026,Moray East,Vestas,58.2365,-2.6026,United Kingdom,9.5,164.0,105.0,V164-9.5 MW,2022-04
4027,Moray East,Vestas,58.2473,-2.7635,United Kingdom,9.5,164.0,105.0,V164-9.5 MW,2022-04
4028,Moray West,Siemens Gamesa,58.0516,-3.0062,United Kingdom,14.0,222.0,146.0,SG 14.0-222 DD,2025-04
4029,Moray West,Siemens Gamesa,58.1011,-2.9585,United Kingdom,14.0,222.0,146.0,SG 14.0-222 DD,2025-04
4030,Moray West,Siemens Gamesa,58.0814,-3.0298,United Kingdom,14.0,222.0,146.0,SG 14.0-222 DD,2025-04
4031,Moray West,Siemens Gamesa,58.0912,-3.0062,United Kingdom,14.0,222.0,146.0,SG 14.0-222 DD,2025-04
4032,Moray West,Siemens Gamesa,58.0813,-3.0657,United Kingdom,14.0,222.0,146.0,SG 14.0-222 DD,2025-04
4033,Moray West,Siemens Gamesa,58.0814,-3.1608,United Kingdom,14.0,222.0,146.0,SG 14.0-222 DD,2025-04
4034,Moray West,Siemens Gamesa,58.0813,-3.1367,United Kingdom,14.0,222.0,146.0,SG 14.0-222 DD,2025-04
4035,Moray West,Siemens Gamesa,58.1209,-3.0061,United Kingdom,14.0,222.0,146.0,SG 14.0-222 DD,2025-04
4036,Moray West,Siemens Gamesa,58.012,-3.1839,United Kingdom,14.0,222.0,146.0,SG 14.0-222 DD,2025-04
4037,Moray West,Siemens Gamesa,58.111,-3.0655,United Kingdom,14.0,222.0,146.0,SG 14.0-222 DD,2025-04
4038,Moray West,Siemens Gamesa,58.1011,-3.0655,United Kingdom,14.0,222.0,146.0,SG 14.0-222 DD,2025-04
4039,Moray West,Siemens Gamesa,58.0615,-3.1842,United Kingdom,14.0,222.0,146.0,SG 14.0-222 DD,2025-04
4040,Moray West,Siemens Gamesa,58.0318,-3.184,United Kingdom,14.0,222.0,146.0,SG 14.0-222 DD,2025-04
4041,Moray West,Siemens Gamesa,58.111,-2.9587,United Kingdom,14.0,222.0,146.0,SG 14.0-222 DD,2025-04
4042,Moray West,Siemens Gamesa,58.0219,-3.1839,United Kingdom,14.0,222.0,146.0,SG 14.0-222 DD,2025-04
4043,Moray West,Siemens Gamesa,58.0616,-3.0299,United Kingdom,14.0,222.0,146.0,SG 14.0-222 DD,2025-04
4044,Moray West,Siemens Gamesa,58.1011,-3.0062,United Kingdom,14.0,222.0,146.0,SG 14.0-222 DD,2025-04
4045,Moray West,Siemens Gamesa,58.0517,-3.0655,United Kingdom,14.0,222.0,146.0,SG 14.0-222 DD,2025-04
4046,Moray West,Siemens Gamesa,58.1406,-2.9349,United Kingdom,14.0,222.0,146.0,SG 14.0-222 DD,2025-04
4047,Moray West,Siemens Gamesa,58.1209,-2.8875,United Kingdom,14.0,222.0,146.0,SG 14.0-222 DD,2025-04
4048,Moray West,Siemens Gamesa,58.0813,-2.9824,United Kingdom,14.0,222.0,146.0,SG 14.0-222 DD,2025-04
4049,Moray West,Siemens Gamesa,58.0714,-2.9824,United Kingdom,14.0,222.0,146.0,SG 14.0-222 DD,2025-04
4050,Moray West,Siemens Gamesa,58.0912,-2.9113,United Kingdom,14.0,222.0,146.0,SG 14.0-222 DD,2025-04
4051,Moray West,Siemens Gamesa,58.0911,-2.9348,United Kingdom,14.0,222.0,146.0,SG 14.0-222 DD,2025-04
4052,Moray West,Siemens Gamesa,58.0913,-2.9584,United Kingdom,14.0,222.0,146.0,SG 14.0-222 DD,2025-04
4053,Moray West,Siemens Gamesa,58.1801,-2.8872,United Kingdom,14.0,222.0,146.0,SG 14.0-222 DD,2025-04
4054,Moray West,Siemens Gamesa,58.1209,-2.9825,United Kingdom,14.0,222.0,146.0,SG 14.0-222 DD,2025-04
4055,Moray West,Siemens Gamesa,58.1209,-2.9586,United Kingdom,14.0,222.0,146.0,SG 14.0-222 DD,2025-04
4056,Moray West,Siemens Gamesa,58.1308,-2.9587,United Kingdom,14.0,222.0,146.0,SG 14.0-222 DD,2025-04
4057,Moray West,Siemens Gamesa,58.1406,-2.9584,United Kingdom,14.0,222.0,146.0,SG 14.0-222 DD,2025-04
4058,Moray West,Siemens Gamesa,58.1407,-2.9824,United Kingdom,14.0,222.0,146.0,SG 14.0-222 DD,2025-04
4059,Moray West,Siemens Gamesa,58.1604,-2.9111,United Kingdom,14.0,222.0,146.0,SG 14.0-222 DD,2025-04
4060,Moray West,Siemens Gamesa,58.1506,-2.9108,United Kingdom,14.0,222.0,146.0,SG 14.0-222 DD,2025-04
4061,Moray West,Siemens Gamesa,58.1505,-2.9349,United Kingdom,14.0,222.0,146.0,SG 14.0-222 DD,2025-04
4062,Moray West,Siemens Gamesa,58.1406,-2.8873,United Kingdom,14.0,222.0,146.0,SG 14.0-222 DD,2025-04
4063,Moray West,Siemens Gamesa,58.1307,-2.9111,United Kingdom,14.0,222.0,146.0,SG 14.0-222 DD,2025-04
4064,Moray West,Siemens Gamesa,58.022,-3.1366,United Kingdom,14.0,222.0,146.0,SG 14.0-222 DD,2025-04
4065,Moray West,Siemens Gamesa,58.0813,-2.9587,United Kingdom,14.0,222.0,146.0,SG 14.0-222 DD,2025-04
4066,Moray West,Siemens Gamesa,58.022,-3.1602,United Kingdom,14.0,222.0,146.0,SG 14.0-222 DD,2025-04
4067,Moray West,Siemens Gamesa,58.1307,-2.8873,United Kingdom,14.0,222.0,146.0,SG 14.0-222 DD,2025-04
4068,Moray West,Siemens Gamesa,58.0714,-3.0655,United Kingdom,14.0,222.0,146.0,SG 14.0-222 DD,2025-04
4069,Moray West,Siemens Gamesa,58.0912,-3.0893,United Kingdom,14.0,222.0,146.0,SG 14.0-222 DD,2025-04
4070,Moray West,Siemens Gamesa,58.0319,-3.0891,United Kingdom,14.0,222.0,146.0,SG 14.0-222 DD,2025-04
4071,Moray West,Siemens Gamesa,58.0318,-3.1604,United Kingdom,14.0,222.0,146.0,SG 14.0-222 DD,2025-04
4072,Moray West,Siemens Gamesa,58.0418,-3.0892,United Kingdom,14.0,222.0,146.0,SG 14.0-222 DD,2025-04
4073,Moray West,Siemens Gamesa,58.0517,-3.0892,United Kingdom,14.0,222.0,146.0,SG 14.0-222 DD,2025-04
4074,Moray West,Siemens Gamesa,58.0615,-3.0891,United Kingdom,14.0,222.0,146.0,SG 14.0-222 DD,2025-04
4075,Moray West,Siemens Gamesa,58.0813,-3.113,United Kingdom,14.0,222.0,146.0,SG 14.0-222 DD,2025-04
4076,Moray West,Siemens Gamesa,58.1109,-2.8875,United Kingdom,14.0,222.0,146.0,SG 14.0-222 DD,2025-04
4077,Moray West,Siemens Gamesa,58.1308,-2.9822,United Kingdom,14.0,222.0,146.0,SG 14.0-222 DD,2025-04
4078,Moray West,Siemens Gamesa,58.0714,-3.0891,United Kingdom,14.0,222.0,146.0,SG 14.0-222 DD,2025-04
4079,Moray West,Siemens Gamesa,58.0813,-2.9113,United Kingdom,14.0,222.0,146.0,SG 14.0-222 DD,2025-04
4080,Moray West,Siemens Gamesa,58.0912,-3.1367,United Kingdom,14.0,222.0,146.0,SG 14.0-222 DD,2025-04
4081,Moray West,Siemens Gamesa,58.0615,-3.1367,United Kingdom,14.0,222.0,146.0,SG 14.0-222 DD,2025-04
4082,Moray West,Siemens Gamesa,58.0509,-3.1361,United Kingdom,14.0,222.0,146.0,SG 14.0-222 DD,2025-04
4083,Moray West,Siemens Gamesa,58.0418,-3.1365,United Kingdom,14.0,222.0,146.0,SG 14.0-222 DD,2025-04
4084,Moray West,Siemens Gamesa,58.0418,-3.1604,United Kingdom,14.0,222.0,146.0,SG 14.0-222 DD,2025-04
4085,Moray West,Siemens Gamesa,58.0319,-3.1129,United Kingdom,14.0,222.0,146.0,SG 14.0-222 DD,2025-04
4086,Moray West,Siemens Gamesa,58.0319,-3.1366,United Kingdom,14.0,222.0,146.0,SG 14.0-222 DD,2025-04
4087,Moray West,Siemens Gamesa,58.1208,-2.9111,United Kingdom,14.0,222.0,146.0,SG 14.0-222 DD,2025-04
4088,Neart na Gaoithe,Siemens Gamesa,56.3131,-2.2756,United Kingdom,8.0,167.0,126.0,SG 8.0-167 DD,2025-07
4089,Neart na Gaoithe,Siemens Gamesa,56.2946,-2.2078,United Kingdom,8.0,167.0,126.0,SG 8.0-167 DD,2025-07
4090,Neart na Gaoithe,Siemens Gamesa,56.2137,-2.2705,United Kingdom,8.0,167.0,126.0,SG 8.0-167 DD,2025-07
4091,Neart na Gaoithe,Siemens Gamesa,56.2208,-2.2793,United Kingdom,8.0,167.0,126.0,SG 8.0-167 DD,2025-07
4092,Neart na Gaoithe,Siemens Gamesa,56.3248,-2.2387,United Kingdom,8.0,167.0,126.0,SG 8.0-167 DD,2025-07
4093,Neart na Gaoithe,Siemens Gamesa,56.2546,-2.1896,United Kingdom,8.0,167.0,126.0,SG 8.0-167 DD,2025-07
4094,Neart na Gaoithe,Siemens Gamesa,56.2445,-2.3082,United Kingdom,8.0,167.0,126.0,SG 8.0-167 DD,2025-07
4095,Neart na Gaoithe,Siemens Gamesa,56.2282,-2.2637,United Kingdom,8.0,167.0,126.0,SG 8.0-167 DD,2025-07
4096,Neart na Gaoithe,Siemens Gamesa,56.2359,-2.2974,United Kingdom,8.0,167.0,126.0,SG 8.0-167 DD,2025-07
4097,Neart na Gaoithe,Siemens Gamesa,56.2579,-2.3247,United Kingdom,8.0,167.0,126.0,SG 8.0-167 DD,2025-07
4098,Neart na Gaoithe,Siemens Gamesa,56.2672,-2.2453,United Kingdom,8.0,167.0,126.0,SG 8.0-167 DD,2025-07
4099,Neart na Gaoithe,Siemens Gamesa,56.3146,-2.2498,United Kingdom,8.0,167.0,126.0,SG 8.0-167 DD,2025-07
4100,Neart na Gaoithe,Siemens Gamesa,56.2635,-2.1759,United Kingdom,8.0,167.0,126.0,SG 8.0-167 DD,2025-07
4101,Neart na Gaoithe,Siemens Gamesa,56.2533,-2.21,United Kingdom,8.0,167.0,126.0,SG 8.0-167 DD,2025-07
4102,Neart na Gaoithe,Siemens Gamesa,56.3174,-2.2311,United Kingdom,8.0,167.0,126.0,SG 8.0-167 DD,2025-07
4103,Neart na Gaoithe,Siemens Gamesa,56.2291,-2.2236,United Kingdom,8.0,167.0,126.0,SG 8.0-167 DD,2025-07
4104,Neart na Gaoithe,Siemens Gamesa,56.3095,-2.3111,United Kingdom,8.0,167.0,126.0,SG 8.0-167 DD,2025-07
4105,Neart na Gaoithe,Siemens Gamesa,56.2658,-2.2641,United Kingdom,8.0,167.0,126.0,SG 8.0-167 DD,2025-07
4106,Neart na Gaoithe,Siemens Gamesa,56.2937,-2.332,United Kingdom,8.0,167.0,126.0,SG 8.0-167 DD,2025-07
4107,Neart na Gaoithe,Siemens Gamesa,56.2388,-2.1939,United Kingdom,8.0,167.0,126.0,SG 8.0-167 DD,2025-07
4108,Neart na Gaoithe,Siemens Gamesa,56.2401,-2.1739,United Kingdom,8.0,167.0,126.0,SG 8.0-167 DD,2025-07
4109,Neart na Gaoithe,Siemens Gamesa,56.2363,-2.2316,United Kingdom,8.0,167.0,126.0,SG 8.0-167 DD,2025-07
4110,Neart na Gaoithe,Siemens Gamesa,56.2812,-2.261,United Kingdom,8.0,167.0,126.0,SG 8.0-167 DD,2025-07
4111,Neart na Gaoithe,Siemens Gamesa,56.2526,-2.3097,United Kingdom,8.0,167.0,126.0,SG 8.0-167 DD,2025-07
4112,Neart na Gaoithe,Siemens Gamesa,56.2352,-2.2728,United Kingdom,8.0,167.0,126.0,SG 8.0-167 DD,2025-07
4113,Neart na Gaoithe,Siemens Gamesa,56.2278,-2.2878,United Kingdom,8.0,167.0,126.0,SG 8.0-167 DD,2025-07
4114,Neart na Gaoithe,Siemens Gamesa,56.3021,-2.3022,United Kingdom,8.0,167.0,126.0,SG 8.0-167 DD,2025-07
4115,Neart na Gaoithe,Siemens Gamesa,56.2859,-2.3049,United Kingdom,8.0,167.0,126.0,SG 8.0-167 DD,2025-07
4116,Neart na Gaoithe,Siemens Gamesa,56.271,-2.1838,United Kingdom,8.0,167.0,126.0,SG 8.0-167 DD,2025-07
4117,Neart na Gaoithe,Siemens Gamesa,56.2498,-2.289,United Kingdom,8.0,167.0,126.0,SG 8.0-167 DD,2025-07
4118,Neart na Gaoithe,Siemens Gamesa,56.27,-2.2045,United Kingdom,8.0,167.0,126.0,SG 8.0-167 DD,2025-07
4119,Neart na Gaoithe,Siemens Gamesa,56.2887,-2.2687,United Kingdom,8.0,167.0,126.0,SG 8.0-167 DD,2025-07
4120,Neart na Gaoithe,Siemens Gamesa,56.285,-2.3253,United Kingdom,8.0,167.0,126.0,SG 8.0-167 DD,2025-07
4121,Neart na Gaoithe,Siemens Gamesa,56.3324,-2.2468,United Kingdom,8.0,167.0,126.0,SG 8.0-167 DD,2025-07
4122,Neart na Gaoithe,Siemens Gamesa,56.2554,-2.168,United Kingdom,8.0,167.0,126.0,SG 8.0-167 DD,2025-07
4123,Neart na Gaoithe,Siemens Gamesa,56.2138,-2.1875,United Kingdom,8.0,167.0,126.0,SG 8.0-167 DD,2025-07
4124,Neart na Gaoithe,Siemens Gamesa,56.2773,-2.2119,United Kingdom,8.0,167.0,126.0,SG 8.0-167 DD,2025-07
4125,Neart na Gaoithe,Siemens Gamesa,56.279,-2.1919,United Kingdom,8.0,167.0,126.0,SG 8.0-167 DD,2025-07
4126,Neart na Gaoithe,Siemens Gamesa,56.2869,-2.2,United Kingdom,8.0,167.0,126.0,SG 8.0-167 DD,2025-07
4127,Neart na Gaoithe,Siemens Gamesa,56.2132,-2.1652,United Kingdom,8.0,167.0,126.0,SG 8.0-167 DD,2025-07
4128,Neart na Gaoithe,Siemens Gamesa,56.2136,-2.2494,United Kingdom,8.0,167.0,126.0,SG 8.0-167 DD,2025-07
4129,Neart na Gaoithe,Siemens Gamesa,56.2849,-2.2197,United Kingdom,8.0,167.0,126.0,SG 8.0-167 DD,2025-07
4130,Neart na Gaoithe,Siemens Gamesa,56.2788,-2.298,United Kingdom,8.0,167.0,126.0,SG 8.0-167 DD,2025-07
4131,Neart na Gaoithe,Siemens Gamesa,56.2643,-2.2831,United Kingdom,8.0,167.0,126.0,SG 8.0-167 DD,2025-07
4132,Neart na Gaoithe,Siemens Gamesa,56.3022,-2.2155,United Kingdom,8.0,167.0,126.0,SG 8.0-167 DD,2025-07
4133,Neart na Gaoithe,Siemens Gamesa,56.2748,-2.3336,United Kingdom,8.0,167.0,126.0,SG 8.0-167 DD,2025-07
4134,Neart na Gaoithe,Siemens Gamesa,56.2899,-2.2496,United Kingdom,8.0,167.0,126.0,SG 8.0-167 DD,2025-07
4135,Neart na Gaoithe,Siemens Gamesa,56.3098,-2.2233,United Kingdom,8.0,167.0,126.0,SG 8.0-167 DD,2025-07
4136,Neart na Gaoithe,Siemens Gamesa,56.2253,-2.1595,United Kingdom,8.0,167.0,126.0,SG 8.0-167 DD,2025-07
4137,Neart na Gaoithe,Siemens Gamesa,56.2138,-2.207,United Kingdom,8.0,167.0,126.0,SG 8.0-167 DD,2025-07
4138,Neart na Gaoithe,Siemens Gamesa,56.2458,-2.2022,United Kingdom,8.0,167.0,126.0,SG 8.0-167 DD,2025-07
4139,Neart na Gaoithe,Siemens Gamesa,56.2971,-2.2581,United Kingdom,8.0,167.0,126.0,SG 8.0-167 DD,2025-07
4140,Neart na Gaoithe,Siemens Gamesa,56.2346,-2.2503,United Kingdom,8.0,167.0,126.0,SG 8.0-167 DD,2025-07
4141,Neart na Gaoithe,Siemens Gamesa,56.2729,-2.272,United Kingdom,8.0,167.0,126.0,SG 8.0-167 DD,2025-07
4142,Nissum Bredning,Siemens Gamesa,56.6648,8.2415,Denmark,7.0,154.0,120.0,SWT-7.0-154,2018-03
4143,Nissum Bredning,Siemens Gamesa,56.6693,8.2561,Denmark,7.0,154.0,120.0,SWT-7.0-154,2018-03
4144,Nissum Bredning,Siemens Gamesa,56.6771,8.2518,Denmark,7.0,154.0,120.0,SWT-7.0-154,2018-03
4145,Nissum Bredning,Siemens Gamesa,56.6725,8.2341,Denmark,7.0,154.0,120.0,SWT-7.0-154,2018-03
4146,Nobelwind,Vestas,51.6756,2.8435,Belgium,3.3,112.0,79.0,V112-3.3 MW Offshore,2017-05
4147,Nobelwind,Vestas,51.681,2.8515,Belgium,3.3,112.0,79.0,V112-3.3 MW Offshore,2017-05
4148,Nobelwind,Vestas,51.6783,2.8556,Belgium,3.3,112.0,79.0,V112-3.3 MW Offshore,2017-05
4149,Nobelwind,Vestas,51.6751,2.8614,Belgium,3.3,112.0,79.0,V112-3.3 MW Offshore,2017-05
4150,Nobelwind,Vestas,51.6635,2.7727,Belgium,3.3,112.0,79.0,V112-3.3 MW Offshore,2017-05
4151,Nobelwind,Vestas,51.6839,2.8466,Belgium,3.3,112.0,79.0,V112-3.3 MW Offshore,2017-05
4152,Nobelwind,Vestas,51.706,2.7979,Belgium,3.3,112.0,79.0,V112-3.3 MW Offshore,2017-05
4153,Nobelwind,Vestas,51.6952,2.7916,Belgium,3.3,112.0,79.0,V112-3.3 MW Offshore,2017-05
4154,Nobelwind,Vestas,51.6743,2.7791,Belgium,3.3,112.0,79.0,V112-3.3 MW Offshore,2017-05
4155,Nobelwind,Vestas,51.6583,2.7695,Belgium,3.3,112.0,79.0,V112-3.3 MW Offshore,2017-05
4156,Nobelwind,Vestas,51.6251,2.7994,Belgium,3.3,112.0,79.0,V112-3.3 MW Offshore,2017-05
4157,Nobelwind,Vestas,51.708,2.8064,Belgium,3.3,112.0,79.0,V112-3.3 MW Offshore,2017-05
4158,Nobelwind,Vestas,51.6822,2.8338,Belgium,3.3,112.0,79.0,V112-3.3 MW Offshore,2017-05
4159,Nobelwind,Vestas,51.6427,2.8107,Belgium,3.3,112.0,79.0,V112-3.3 MW Offshore,2017-05
4160,Nobelwind,Vestas,51.6298,2.8046,Belgium,3.3,112.0,79.0,V112-3.3 MW Offshore,2017-05
4161,Nobelwind,Vestas,51.6519,2.8405,Belgium,3.3,112.0,79.0,V112-3.3 MW Offshore,2017-05
4162,Nobelwind,Vestas,51.6788,2.8391,Belgium,3.3,112.0,79.0,V112-3.3 MW Offshore,2017-05
4163,Nobelwind,Vestas,51.6538,2.8171,Belgium,3.3,112.0,79.0,V112-3.3 MW Offshore,2017-05
4164,Nobelwind,Vestas,51.6495,2.8259,Belgium,3.3,112.0,79.0,V112-3.3 MW Offshore,2017-05
4165,Nobelwind,Vestas,51.6424,2.825,Belgium,3.3,112.0,79.0,V112-3.3 MW Offshore,2017-05
4166,Nobelwind,Vestas,51.6483,2.8139,Belgium,3.3,112.0,79.0,V112-3.3 MW Offshore,2017-05
4167,Nobelwind,Vestas,51.6394,2.8162,Belgium,3.3,112.0,79.0,V112-3.3 MW Offshore,2017-05
4168,Nobelwind,Vestas,51.6365,2.8211,Belgium,3.3,112.0,79.0,V112-3.3 MW Offshore,2017-05
4169,Nobelwind,Vestas,51.6375,2.8056,Belgium,3.3,112.0,79.0,V112-3.3 MW Offshore,2017-05
4170,Nobelwind,Vestas,51.6569,2.8469,Belgium,3.3,112.0,79.0,V112-3.3 MW Offshore,2017-05
4171,Nobelwind,Vestas,51.6343,2.8096,Belgium,3.3,112.0,79.0,V112-3.3 MW Offshore,2017-05
4172,Nobelwind,Vestas,51.6671,2.8598,Belgium,3.3,112.0,79.0,V112-3.3 MW Offshore,2017-05
4173,Nobelwind,Vestas,51.662,2.8533,Belgium,3.3,112.0,79.0,V112-3.3 MW Offshore,2017-05
4174,Nobelwind,Vestas,51.6528,2.7664,Belgium,3.3,112.0,79.0,V112-3.3 MW Offshore,2017-05
4175,Nobelwind,Vestas,51.6489,2.7677,Belgium,3.3,112.0,79.0,V112-3.3 MW Offshore,2017-05
4176,Nobelwind,Vestas,51.6848,2.7853,Belgium,3.3,112.0,79.0,V112-3.3 MW Offshore,2017-05
4177,Nobelwind,Vestas,51.7112,2.8012,Belgium,3.3,112.0,79.0,V112-3.3 MW Offshore,2017-05
4178,Nobelwind,Vestas,51.6722,2.8662,Belgium,3.3,112.0,79.0,V112-3.3 MW Offshore,2017-05
4179,Nobelwind,Vestas,51.6467,2.8339,Belgium,3.3,112.0,79.0,V112-3.3 MW Offshore,2017-05
4180,Nobelwind,Vestas,51.6213,2.8016,Belgium,3.3,112.0,79.0,V112-3.3 MW Offshore,2017-05
4181,Nobelwind,Vestas,51.6545,2.8299,Belgium,3.3,112.0,79.0,V112-3.3 MW Offshore,2017-05
4182,Nobelwind,Vestas,51.6593,2.8341,Belgium,3.3,112.0,79.0,V112-3.3 MW Offshore,2017-05
4183,Nobelwind,Vestas,51.6594,2.8205,Belgium,3.3,112.0,79.0,V112-3.3 MW Offshore,2017-05
4184,Nobelwind,Vestas,51.6691,2.8402,Belgium,3.3,112.0,79.0,V112-3.3 MW Offshore,2017-05
4185,Nobelwind,Vestas,51.6725,2.848,Belgium,3.3,112.0,79.0,V112-3.3 MW Offshore,2017-05
4186,Nobelwind,Vestas,51.6699,2.8551,Belgium,3.3,112.0,79.0,V112-3.3 MW Offshore,2017-05
4187,Nobelwind,Vestas,51.63,2.7966,Belgium,3.3,112.0,79.0,V112-3.3 MW Offshore,2017-05
4188,Nobelwind,Vestas,51.6454,2.8203,Belgium,3.3,112.0,79.0,V112-3.3 MW Offshore,2017-05
4189,Nobelwind,Vestas,51.6263,2.808,Belgium,3.3,112.0,79.0,V112-3.3 MW Offshore,2017-05
4190,Nobelwind,Vestas,51.6317,2.814,Belgium,3.3,112.0,79.0,V112-3.3 MW Offshore,2017-05
4191,Nobelwind,Vestas,51.6649,2.8485,Belgium,3.3,112.0,79.0,V112-3.3 MW Offshore,2017-05
4192,Nobelwind,Vestas,51.6766,2.8305,Belgium,3.3,112.0,79.0,V112-3.3 MW Offshore,2017-05
4193,Nobelwind,Vestas,51.6709,2.8272,Belgium,3.3,112.0,79.0,V112-3.3 MW Offshore,2017-05
4194,Nobelwind,Vestas,51.6673,2.8321,Belgium,3.3,112.0,79.0,V112-3.3 MW Offshore,2017-05
4195,Nobelwind,Vestas,51.665,2.8239,Belgium,3.3,112.0,79.0,V112-3.3 MW Offshore,2017-05
4196,Nordergründe,Senvion,53.8442,8.1591,Germany,6.15,126.0,97.0,6.2M126,2017-12
4197,Nordergründe,Senvion,53.8333,8.1711,Germany,6.15,126.0,97.0,6.2M126,2017-12
4198,Nordergründe,Senvion,53.8341,8.1576,Germany,6.15,126.0,97.0,6.2M126,2017-12
4199,Nordergründe,Senvion,53.8255,8.1763,Germany,6.15,126.0,97.0,6.2M126,2017-12
4200,Nordergründe,Senvion,53.8343,8.1828,Germany,6.15,126.0,97.0,6.2M126,2017-12
4201,Nordergründe,Senvion,53.8413,8.1505,Germany,6.15,126.0,97.0,6.2M126,2017-12
4202,Nordergründe,Senvion,53.8229,8.1686,Germany,6.15,126.0,97.0,6.2M126,2017-12
4203,Nordergründe,Senvion,53.8438,8.171,Germany,6.15,126.0,97.0,6.2M126,2017-12
4204,Nordergründe,Senvion,53.8287,8.1829,Germany,6.15,126.0,97.0,6.2M126,2017-12
4205,Nordergründe,Senvion,53.8266,8.165,Germany,6.15,126.0,97.0,6.2M126,2017-12
4206,Nordergründe,Senvion,53.8291,8.1738,Germany,6.15,126.0,97.0,6.2M126,2017-12
4207,Nordergründe,Senvion,53.8387,8.1829,Germany,6.15,126.0,97.0,6.2M126,2017-12
4208,Nordergründe,Senvion,53.8414,8.1769,Germany,6.15,126.0,97.0,6.2M126,2017-12
4209,Nordergründe,Senvion,53.841,8.1641,Germany,6.15,126.0,97.0,6.2M126,2017-12
4210,Nordergründe,Senvion,53.8377,8.1542,Germany,6.15,126.0,97.0,6.2M126,2017-12
4211,Nordergründe,Senvion,53.8463,8.1652,Germany,6.15,126.0,97.0,6.2M126,2017-12
4212,Nordergründe,Senvion,53.8364,8.166,Germany,6.15,126.0,97.0,6.2M126,2017-12
4213,Nordergründe,Senvion,53.8301,8.1616,Germany,6.15,126.0,97.0,6.2M126,2017-12
4214,Nordsee One,Senvion,53.9926,6.7689,Germany,6.15,126.0,90.0,6.2M126,2017-12
4215,Nordsee One,Senvion,53.9673,6.7477,Germany,6.15,126.0,90.0,6.2M126,2017-12
4216,Nordsee One,Senvion,53.973,6.7477,Germany,6.15,126.0,90.0,6.2M126,2017-12
4217,Nordsee One,Senvion,53.9853,6.827,Germany,6.15,126.0,90.0,6.2M126,2017-12
4218,Nordsee One,Senvion,53.9717,6.841,Germany,6.15,126.0,90.0,6.2M126,2017-12
4219,Nordsee One,Senvion,53.9709,6.865,Germany,6.15,126.0,90.0,6.2M126,2017-12
4220,Nordsee One,Senvion,53.973,6.8777,Germany,6.15,126.0,90.0,6.2M126,2017-12
4221,Nordsee One,Senvion,53.9792,6.8427,Germany,6.15,126.0,90.0,6.2M126,2017-12
4222,Nordsee One,Senvion,53.9882,6.7476,Germany,6.15,126.0,90.0,6.2M126,2017-12
4223,Nordsee One,Senvion,53.9877,6.7585,Germany,6.15,126.0,90.0,6.2M126,2017-12
4224,Nordsee One,Senvion,53.9689,6.852,Germany,6.15,126.0,90.0,6.2M126,2017-12
4225,Nordsee One,Senvion,53.9791,6.8695,Germany,6.15,126.0,90.0,6.2M126,2017-12
4226,Nordsee One,Senvion,53.9614,6.7478,Germany,6.15,126.0,90.0,6.2M126,2017-12
4227,Nordsee One,Senvion,53.9806,6.8579,Germany,6.15,126.0,90.0,6.2M126,2017-12
4228,Nordsee One,Senvion,53.9626,6.7611,Germany,6.15,126.0,90.0,6.2M126,2017-12
4229,Nordsee One,Senvion,53.9762,6.7809,Germany,6.15,126.0,90.0,6.2M126,2017-12
4230,Nordsee One,Senvion,53.9974,6.8945,Germany,6.15,126.0,90.0,6.2M126,2017-12
4231,Nordsee One,Senvion,53.9634,6.774,Germany,6.15,126.0,90.0,6.2M126,2017-12
4232,Nordsee One,Senvion,53.9662,6.7858,Germany,6.15,126.0,90.0,6.2M126,2017-12
4233,Nordsee One,Senvion,53.9901,6.8945,Germany,6.15,126.0,90.0,6.2M126,2017-12
4234,Nordsee One,Senvion,53.9721,6.804,Germany,6.15,126.0,90.0,6.2M126,2017-12
4235,Nordsee One,Senvion,53.9701,6.8154,Germany,6.15,126.0,90.0,6.2M126,2017-12
4236,Nordsee One,Senvion,53.9783,6.7695,Germany,6.15,126.0,90.0,6.2M126,2017-12
4237,Nordsee One,Senvion,53.9884,6.8818,Germany,6.15,126.0,90.0,6.2M126,2017-12
4238,Nordsee One,Senvion,53.9689,6.7711,Germany,6.15,126.0,90.0,6.2M126,2017-12
4239,Nordsee One,Senvion,53.9919,6.8193,Germany,6.15,126.0,90.0,6.2M126,2017-12
4240,Nordsee One,Senvion,53.9939,6.7476,Germany,6.15,126.0,90.0,6.2M126,2017-12
4241,Nordsee One,Senvion,53.9856,6.7696,Germany,6.15,126.0,90.0,6.2M126,2017-12
4242,Nordsee One,Senvion,53.9907,6.7803,Germany,6.15,126.0,90.0,6.2M126,2017-12
4243,Nordsee One,Senvion,53.9836,6.7812,Germany,6.15,126.0,90.0,6.2M126,2017-12
4244,Nordsee One,Senvion,53.9794,6.8038,Germany,6.15,126.0,90.0,6.2M126,2017-12
4245,Nordsee One,Senvion,53.9813,6.7923,Germany,6.15,126.0,90.0,6.2M126,2017-12
4246,Nordsee One,Senvion,53.9709,6.7593,Germany,6.15,126.0,90.0,6.2M126,2017-12
4247,Nordsee One,Senvion,53.9822,6.7477,Germany,6.15,126.0,90.0,6.2M126,2017-12
4248,Nordsee One,Senvion,53.9802,6.7584,Germany,6.15,126.0,90.0,6.2M126,2017-12
4249,Nordsee One,Senvion,53.9741,6.7923,Germany,6.15,126.0,90.0,6.2M126,2017-12
4250,Nordsee One,Senvion,53.9827,6.8946,Germany,6.15,126.0,90.0,6.2M126,2017-12
4251,Nordsee One,Senvion,53.9956,6.8819,Germany,6.15,126.0,90.0,6.2M126,2017-12
4252,Nordsee One,Senvion,53.9946,6.8695,Germany,6.15,126.0,90.0,6.2M126,2017-12
4253,Nordsee One,Senvion,53.9936,6.8571,Germany,6.15,126.0,90.0,6.2M126,2017-12
4254,Nordsee One,Senvion,53.9749,6.8909,Germany,6.15,126.0,90.0,6.2M126,2017-12
4255,Nordsee One,Senvion,53.9873,6.8456,Germany,6.15,126.0,90.0,6.2M126,2017-12
4256,Nordsee One,Senvion,53.9925,6.8322,Germany,6.15,126.0,90.0,6.2M126,2017-12
4257,Nordsee One,Senvion,53.9783,6.83,Germany,6.15,126.0,90.0,6.2M126,2017-12
4258,Nordsee One,Senvion,53.9862,6.8695,Germany,6.15,126.0,90.0,6.2M126,2017-12
4259,Nordsee One,Senvion,53.9929,6.8444,Germany,6.15,126.0,90.0,6.2M126,2017-12
4260,Nordsee One,Senvion,53.9846,6.8145,Germany,6.15,126.0,90.0,6.2M126,2017-12
4261,Nordsee One,Senvion,53.971,6.8284,Germany,6.15,126.0,90.0,6.2M126,2017-12
4262,Nordsee One,Senvion,53.9944,6.802,Germany,6.15,126.0,90.0,6.2M126,2017-12
4263,Nordsee One,Senvion,53.9868,6.8029,Germany,6.15,126.0,90.0,6.2M126,2017-12
4264,Nordsee One,Senvion,53.9887,6.7916,Germany,6.15,126.0,90.0,6.2M126,2017-12
4265,Nordsee One,Senvion,53.9809,6.8822,Germany,6.15,126.0,90.0,6.2M126,2017-12
4266,Nordsee One,Senvion,53.9769,6.9031,Germany,6.15,126.0,90.0,6.2M126,2017-12
4267,Nordsee One,Senvion,53.9776,6.818,Germany,6.15,126.0,90.0,6.2M126,2017-12
4268,Nordsee Ost,Senvion,54.417,7.6546,Germany,6.15,126.0,92.0,6.2M126,2015-05
4269,Nordsee Ost,Senvion,54.4663,7.7253,Germany,6.15,126.0,92.0,6.2M126,2015-05
4270,Nordsee Ost,Senvion,54.4223,7.6404,Germany,6.15,126.0,92.0,6.2M126,2015-05
4271,Nordsee Ost,Senvion,54.4277,7.6404,Germany,6.15,126.0,92.0,6.2M126,2015-05
4272,Nordsee Ost,Senvion,54.4712,7.6689,Germany,6.15,126.0,92.0,6.2M126,2015-05
4273,Nordsee Ost,Senvion,54.4716,7.7113,Germany,6.15,126.0,92.0,6.2M126,2015-05
4274,Nordsee Ost,Senvion,54.4713,7.683,Germany,6.15,126.0,92.0,6.2M126,2015-05
4275,Nordsee Ost,Senvion,54.4715,7.6972,Germany,6.15,126.0,92.0,6.2M126,2015-05
4276,Nordsee Ost,Senvion,54.4612,7.7392,Germany,6.15,126.0,92.0,6.2M126,2015-05
4277,Nordsee Ost,Senvion,54.4169,7.6404,Germany,6.15,126.0,92.0,6.2M126,2015-05
4278,Nordsee Ost,Senvion,54.4385,7.6405,Germany,6.15,126.0,92.0,6.2M126,2015-05
4279,Nordsee Ost,Senvion,54.4118,7.6686,Germany,6.15,126.0,92.0,6.2M126,2015-05
4280,Nordsee Ost,Senvion,54.472,7.7392,Germany,6.15,126.0,92.0,6.2M126,2015-05
4281,Nordsee Ost,Senvion,54.4062,7.6545,Germany,6.15,126.0,92.0,6.2M126,2015-05
4282,Nordsee Ost,Senvion,54.4602,7.6547,Germany,6.15,126.0,92.0,6.2M126,2015-05
4283,Nordsee Ost,Senvion,54.4601,7.6405,Germany,6.15,126.0,92.0,6.2M126,2015-05
4284,Nordsee Ost,Senvion,54.4557,7.725,Germany,6.15,126.0,92.0,6.2M126,2015-05
4285,Nordsee Ost,Senvion,54.4547,7.6405,Germany,6.15,126.0,92.0,6.2M126,2015-05
4286,Nordsee Ost,Senvion,54.45,7.7108,Germany,6.15,126.0,92.0,6.2M126,2015-05
4287,Nordsee Ost,Senvion,54.4498,7.6968,Germany,6.15,126.0,92.0,6.2M126,2015-05
4288,Nordsee Ost,Senvion,54.471,7.6547,Germany,6.15,126.0,92.0,6.2M126,2015-05
4289,Nordsee Ost,Senvion,54.4497,7.6827,Germany,6.15,126.0,92.0,6.2M126,2015-05
4290,Nordsee Ost,Senvion,54.4654,7.6405,Germany,6.15,126.0,92.0,6.2M126,2015-05
4291,Nordsee Ost,Senvion,54.428,7.6686,Germany,6.15,126.0,92.0,6.2M126,2015-05
4292,Nordsee Ost,Senvion,54.4279,7.6545,Germany,6.15,126.0,92.0,6.2M126,2015-05
4293,Nordsee Ost,Senvion,54.4173,7.6827,Germany,6.15,126.0,92.0,6.2M126,2015-05
4294,Nordsee Ost,Senvion,54.4229,7.6967,Germany,6.15,126.0,92.0,6.2M126,2015-05
4295,Nordsee Ost,Senvion,54.434,7.7249,Germany,6.15,126.0,92.0,6.2M126,2015-05
4296,Nordsee Ost,Senvion,54.4609,7.7109,Germany,6.15,126.0,92.0,6.2M126,2015-05
4297,Nordsee Ost,Senvion,54.4607,7.6968,Germany,6.15,126.0,92.0,6.2M126,2015-05
4298,Nordsee Ost,Senvion,54.4604,7.6687,Germany,6.15,126.0,92.0,6.2M126,2015-05
4299,Nordsee Ost,Senvion,54.4386,7.6546,Germany,6.15,126.0,92.0,6.2M126,2015-05
4300,Nordsee Ost,Senvion,54.4062,7.6404,Germany,6.15,126.0,92.0,6.2M126,2015-05
4301,Nordsee Ost,Senvion,54.4708,7.6406,Germany,6.15,126.0,92.0,6.2M126,2015-05
4302,Nordsee Ost,Senvion,54.4449,7.7249,Germany,6.15,126.0,92.0,6.2M126,2015-05
4303,Nordsee Ost,Senvion,54.4439,7.6405,Germany,6.15,126.0,92.0,6.2M126,2015-05
4304,Nordsee Ost,Senvion,54.4393,7.7109,Germany,6.15,126.0,92.0,6.2M126,2015-05
4305,Nordsee Ost,Senvion,54.4388,7.6687,Germany,6.15,126.0,92.0,6.2M126,2015-05
4306,Nordsee Ost,Senvion,54.4605,7.6829,Germany,6.15,126.0,92.0,6.2M126,2015-05
4307,Nordsee Ost,Senvion,54.4116,7.6404,Germany,6.15,126.0,92.0,6.2M126,2015-05
4308,Nordsee Ost,Senvion,54.4331,7.6405,Germany,6.15,126.0,92.0,6.2M126,2015-05
4309,Nordsee Ost,Senvion,54.4337,7.6968,Germany,6.15,126.0,92.0,6.2M126,2015-05
4310,Nordsee Ost,Senvion,54.4389,7.6828,Germany,6.15,126.0,92.0,6.2M126,2015-05
4311,Nordsee Ost,Senvion,54.4281,7.6827,Germany,6.15,126.0,92.0,6.2M126,2015-05
4312,Nordsee Ost,Senvion,54.4493,7.6405,Germany,6.15,126.0,92.0,6.2M126,2015-05
4313,Nordsee Ost,Senvion,54.4494,7.6547,Germany,6.15,126.0,92.0,6.2M126,2015-05
4314,Nordsee Ost,Senvion,54.4495,7.6687,Germany,6.15,126.0,92.0,6.2M126,2015-05
4315,Nordsee Ost,Senvion,54.4285,7.7108,Germany,6.15,126.0,92.0,6.2M126,2015-05
4316,North Hoyle,Vestas,53.4165,-3.4478,United Kingdom,2.0,80.0,67.0,V80-2.0 MW,2004-06
4317,North Hoyle,Vestas,53.4168,-3.4724,United Kingdom,2.0,80.0,67.0,V80-2.0 MW,2004-06
4318,North Hoyle,Vestas,53.4257,-3.4508,United Kingdom,2.0,80.0,67.0,V80-2.0 MW,2004-06
4319,North Hoyle,Vestas,53.4285,-3.4273,United Kingdom,2.0,80.0,67.0,V80-2.0 MW,2004-06
4320,North Hoyle,Vestas,53.4193,-3.4241,United Kingdom,2.0,80.0,67.0,V80-2.0 MW,2004-06
4321,North Hoyle,Vestas,53.4224,-3.4252,United Kingdom,2.0,80.0,67.0,V80-2.0 MW,2004-06
4322,North Hoyle,Vestas,53.4162,-3.4232,United Kingdom,2.0,80.0,67.0,V80-2.0 MW,2004-06
4323,North Hoyle,Vestas,53.4089,-3.4576,United Kingdom,2.0,80.0,67.0,V80-2.0 MW,2004-06
4324,North Hoyle,Vestas,53.4151,-3.4595,United Kingdom,2.0,80.0,67.0,V80-2.0 MW,2004-06
4325,North Hoyle,Vestas,53.4182,-3.4606,United Kingdom,2.0,80.0,67.0,V80-2.0 MW,2004-06
4326,North Hoyle,Vestas,53.4212,-3.4617,United Kingdom,2.0,80.0,67.0,V80-2.0 MW,2004-06
4327,North Hoyle,Vestas,53.4199,-3.4734,United Kingdom,2.0,80.0,67.0,V80-2.0 MW,2004-06
4328,North Hoyle,Vestas,53.424,-3.4381,United Kingdom,2.0,80.0,67.0,V80-2.0 MW,2004-06
4329,North Hoyle,Vestas,53.4103,-3.4458,United Kingdom,2.0,80.0,67.0,V80-2.0 MW,2004-06
4330,North Hoyle,Vestas,53.4226,-3.4498,United Kingdom,2.0,80.0,67.0,V80-2.0 MW,2004-06
4331,North Hoyle,Vestas,53.4209,-3.437,United Kingdom,2.0,80.0,67.0,V80-2.0 MW,2004-06
4332,North Hoyle,Vestas,53.4179,-3.436,United Kingdom,2.0,80.0,67.0,V80-2.0 MW,2004-06
4333,North Hoyle,Vestas,53.4243,-3.4626,United Kingdom,2.0,80.0,67.0,V80-2.0 MW,2004-06
4334,North Hoyle,Vestas,53.4117,-3.4339,United Kingdom,2.0,80.0,67.0,V80-2.0 MW,2004-06
4335,North Hoyle,Vestas,53.4131,-3.4221,United Kingdom,2.0,80.0,67.0,V80-2.0 MW,2004-06
4336,North Hoyle,Vestas,53.4148,-3.4349,United Kingdom,2.0,80.0,67.0,V80-2.0 MW,2004-06
4337,North Hoyle,Vestas,53.423,-3.4744,United Kingdom,2.0,80.0,67.0,V80-2.0 MW,2004-06
4338,North Hoyle,Vestas,53.412,-3.4586,United Kingdom,2.0,80.0,67.0,V80-2.0 MW,2004-06
4339,North Hoyle,Vestas,53.4106,-3.4704,United Kingdom,2.0,80.0,67.0,V80-2.0 MW,2004-06
4340,North Hoyle,Vestas,53.4075,-3.4693,United Kingdom,2.0,80.0,67.0,V80-2.0 MW,2004-06
4341,North Hoyle,Vestas,53.4195,-3.4488,United Kingdom,2.0,80.0,67.0,V80-2.0 MW,2004-06
4342,North Hoyle,Vestas,53.4254,-3.4262,United Kingdom,2.0,80.0,67.0,V80-2.0 MW,2004-06
4343,North Hoyle,Vestas,53.4271,-3.439,United Kingdom,2.0,80.0,67.0,V80-2.0 MW,2004-06
4344,North Hoyle,Vestas,53.4134,-3.4468,United Kingdom,2.0,80.0,67.0,V80-2.0 MW,2004-06
4345,North Hoyle,Vestas,53.4137,-3.4714,United Kingdom,2.0,80.0,67.0,V80-2.0 MW,2004-06
4346,Norther,Vestas,51.5185,2.9923,Belgium,8.0,164.0,105.0,V164-8.0 MW,2019-06
4347,Norther,Vestas,51.5357,3.0592,Belgium,8.0,164.0,105.0,V164-8.0 MW,2019-06
4348,Norther,Vestas,51.5303,3.063,Belgium,8.0,164.0,105.0,V164-8.0 MW,2019-06
4349,Norther,Vestas,51.5142,3.019,Belgium,8.0,164.0,105.0,V164-8.0 MW,2019-06
4350,Norther,Vestas,51.5079,2.9463,Belgium,8.0,164.0,105.0,V164-8.0 MW,2019-06
4351,Norther,Vestas,51.5053,3.0178,Belgium,8.0,164.0,105.0,V164-8.0 MW,2019-06
4352,Norther,Vestas,51.5039,3.0065,Belgium,8.0,164.0,105.0,V164-8.0 MW,2019-06
4353,Norther,Vestas,51.5112,3.0009,Belgium,8.0,164.0,105.0,V164-8.0 MW,2019-06
4354,Norther,Vestas,51.5105,2.9854,Belgium,8.0,164.0,105.0,V164-8.0 MW,2019-06
4355,Norther,Vestas,51.525,2.9816,Belgium,8.0,164.0,105.0,V164-8.0 MW,2019-06
4356,Norther,Vestas,51.5262,2.9708,Belgium,8.0,164.0,105.0,V164-8.0 MW,2019-06
4357,Norther,Vestas,51.5625,3.0491,Belgium,8.0,164.0,105.0,V164-8.0 MW,2019-06
4358,Norther,Vestas,51.5017,2.9854,Belgium,8.0,164.0,105.0,V164-8.0 MW,2019-06
4359,Norther,Vestas,51.5021,2.9742,Belgium,8.0,164.0,105.0,V164-8.0 MW,2019-06
4360,Norther,Vestas,51.5168,2.9681,Belgium,8.0,164.0,105.0,V164-8.0 MW,2019-06
4361,Norther,Vestas,51.494,2.9844,Belgium,8.0,164.0,105.0,V164-8.0 MW,2019-06
4362,Norther,Vestas,51.4903,2.9737,Belgium,8.0,164.0,105.0,V164-8.0 MW,2019-06
4363,Norther,Vestas,51.4956,2.9692,Belgium,8.0,164.0,105.0,V164-8.0 MW,2019-06
4364,Norther,Vestas,51.5002,2.9582,Belgium,8.0,164.0,105.0,V164-8.0 MW,2019-06
4365,Norther,Vestas,51.5062,2.9566,Belgium,8.0,164.0,105.0,V164-8.0 MW,2019-06
4366,Norther,Vestas,51.5098,3.0312,Belgium,8.0,164.0,105.0,V164-8.0 MW,2019-06
4367,Norther,Vestas,51.5139,2.9518,Belgium,8.0,164.0,105.0,V164-8.0 MW,2019-06
4368,Norther,Vestas,51.5333,3.0109,Belgium,8.0,164.0,105.0,V164-8.0 MW,2019-06
4369,Norther,Vestas,51.5429,3.0513,Belgium,8.0,164.0,105.0,V164-8.0 MW,2019-06
4370,Norther,Vestas,51.5335,3.0252,Belgium,8.0,164.0,105.0,V164-8.0 MW,2019-06
4371,Norther,Vestas,51.5276,3.0312,Belgium,8.0,164.0,105.0,V164-8.0 MW,2019-06
4372,Norther,Vestas,51.4988,2.9973,Belgium,8.0,164.0,105.0,V164-8.0 MW,2019-06
4373,Norther,Vestas,51.5221,3.0405,Belgium,8.0,164.0,105.0,V164-8.0 MW,2019-06
4374,Norther,Vestas,51.5204,3.0071,Belgium,8.0,164.0,105.0,V164-8.0 MW,2019-06
4375,Norther,Vestas,51.5452,3.0069,Belgium,8.0,164.0,105.0,V164-8.0 MW,2019-06
4376,Norther,Vestas,51.5478,3.0195,Belgium,8.0,164.0,105.0,V164-8.0 MW,2019-06
4377,Norther,Vestas,51.5413,3.0233,Belgium,8.0,164.0,105.0,V164-8.0 MW,2019-06
4378,Norther,Vestas,51.5382,2.9968,Belgium,8.0,164.0,105.0,V164-8.0 MW,2019-06
4379,Norther,Vestas,51.5127,2.9388,Belgium,8.0,164.0,105.0,V164-8.0 MW,2019-06
4380,Norther,Vestas,51.538,3.0735,Belgium,8.0,164.0,105.0,V164-8.0 MW,2019-06
4381,Norther,Vestas,51.5429,3.067,Belgium,8.0,164.0,105.0,V164-8.0 MW,2019-06
4382,Norther,Vestas,51.5444,3.0795,Belgium,8.0,164.0,105.0,V164-8.0 MW,2019-06
4383,Norther,Vestas,51.5507,3.0661,Belgium,8.0,164.0,105.0,V164-8.0 MW,2019-06
4384,Norther,Vestas,51.5564,3.0588,Belgium,8.0,164.0,105.0,V164-8.0 MW,2019-06
4385,Norther,Vestas,51.5508,3.049,Belgium,8.0,164.0,105.0,V164-8.0 MW,2019-06
4386,Norther,Vestas,51.5561,3.043,Belgium,8.0,164.0,105.0,V164-8.0 MW,2019-06
4387,Norther,Vestas,51.5664,3.0402,Belgium,8.0,164.0,105.0,V164-8.0 MW,2019-06
4388,Norther,Vestas,51.5168,3.0452,Belgium,8.0,164.0,105.0,V164-8.0 MW,2019-06
4389,Norther,Vestas,51.5715,3.0337,Belgium,8.0,164.0,105.0,V164-8.0 MW,2019-06
4390,Northwester 2,Vestas,51.675,2.7615,Belgium,9.5,164.0,105.0,V164-9.5 MW,2020-05
4391,Northwester 2,Vestas,51.6831,2.7289,Belgium,9.5,164.0,105.0,V164-9.5 MW,2020-05
4392,Northwester 2,Vestas,51.6995,2.7467,Belgium,9.5,164.0,105.0,V164-9.5 MW,2020-05
4393,Northwester 2,Vestas,51.689,2.7701,Belgium,9.5,164.0,105.0,V164-9.5 MW,2020-05
4394,Northwester 2,Vestas,51.6583,2.7512,Belgium,9.5,164.0,105.0,V164-9.5 MW,2020-05
4395,Northwester 2,Vestas,51.6686,2.7576,Belgium,9.5,164.0,105.0,V164-9.5 MW,2020-05
4396,Northwester 2,Vestas,51.684,2.7409,Belgium,9.5,164.0,105.0,V164-9.5 MW,2020-05
4397,Northwester 2,Vestas,51.676,2.734,Belgium,9.5,164.0,105.0,V164-9.5 MW,2020-05
4398,Northwester 2,Vestas,51.6883,2.7235,Belgium,9.5,164.0,105.0,V164-9.5 MW,2020-05
4399,Northwester 2,Vestas,51.6929,2.7358,Belgium,9.5,164.0,105.0,V164-9.5 MW,2020-05
4400,Northwester 2,Vestas,51.7027,2.7594,Belgium,9.5,164.0,105.0,V164-9.5 MW,2020-05
4401,Northwester 2,Vestas,51.6957,2.754,Belgium,9.5,164.0,105.0,V164-9.5 MW,2020-05
4402,Northwester 2,Vestas,51.7031,2.7778,Belgium,9.5,164.0,105.0,V164-9.5 MW,2020-05
4403,Northwester 2,Vestas,51.6776,2.7491,Belgium,9.5,164.0,105.0,V164-9.5 MW,2020-05
4404,Northwester 2,Vestas,51.6941,2.7731,Belgium,9.5,164.0,105.0,V164-9.5 MW,2020-05
4405,Northwester 2,Vestas,51.7069,2.7671,Belgium,9.5,164.0,105.0,V164-9.5 MW,2020-05
4406,Northwester 2,Vestas,51.7092,2.7819,Belgium,9.5,164.0,105.0,V164-9.5 MW,2020-05
4407,Northwester 2,Vestas,51.6668,2.745,Belgium,9.5,164.0,105.0,V164-9.5 MW,2020-05
4408,Northwester 2,Vestas,51.6813,2.7652,Belgium,9.5,164.0,105.0,V164-9.5 MW,2020-05
4409,Northwester 2,Vestas,51.6905,2.7443,Belgium,9.5,164.0,105.0,V164-9.5 MW,2020-05
4410,Northwester 2,Vestas,51.6852,2.7531,Belgium,9.5,164.0,105.0,V164-9.5 MW,2020-05
4411,Northwester 2,Vestas,51.6709,2.7389,Belgium,9.5,164.0,105.0,V164-9.5 MW,2020-05
4412,Northwester 2,Vestas,51.6963,2.765,Belgium,9.5,164.0,105.0,V164-9.5 MW,2020-05
4413,Northwind,Vestas,51.6027,2.8773,Belgium,3.0,112.0,71.0,V112-3.0 MW Offshore,2014-06
4414,Northwind,Vestas,51.6051,2.8635,Belgium,3.0,112.0,71.0,V112-3.0 MW Offshore,2014-06
4415,Northwind,Vestas,51.6017,2.8685,Belgium,3.0,112.0,71.0,V112-3.0 MW Offshore,2014-06
4416,Northwind,Vestas,51.6005,2.8832,Belgium,3.0,112.0,71.0,V112-3.0 MW Offshore,2014-06
4417,Northwind,Vestas,51.6057,2.872,Belgium,3.0,112.0,71.0,V112-3.0 MW Offshore,2014-06
4418,Northwind,Vestas,51.6144,2.923,Belgium,3.0,112.0,71.0,V112-3.0 MW Offshore,2014-06
4419,Northwind,Vestas,51.6326,2.9224,Belgium,3.0,112.0,71.0,V112-3.0 MW Offshore,2014-06
4420,Northwind,Vestas,51.6222,2.9194,Belgium,3.0,112.0,71.0,V112-3.0 MW Offshore,2014-06
4421,Northwind,Vestas,51.6235,2.886,Belgium,3.0,112.0,71.0,V112-3.0 MW Offshore,2014-06
4422,Northwind,Vestas,51.6196,2.9238,Belgium,3.0,112.0,71.0,V112-3.0 MW Offshore,2014-06
4423,Northwind,Vestas,51.6379,2.9135,Belgium,3.0,112.0,71.0,V112-3.0 MW Offshore,2014-06
4424,Northwind,Vestas,51.6353,2.918,Belgium,3.0,112.0,71.0,V112-3.0 MW Offshore,2014-06
4425,Northwind,Vestas,51.6134,2.9148,Belgium,3.0,112.0,71.0,V112-3.0 MW Offshore,2014-06
4426,Northwind,Vestas,51.6235,2.9275,Belgium,3.0,112.0,71.0,V112-3.0 MW Offshore,2014-06
4427,Northwind,Vestas,51.6261,2.923,Belgium,3.0,112.0,71.0,V112-3.0 MW Offshore,2014-06
4428,Northwind,Vestas,51.6287,2.9186,Belgium,3.0,112.0,71.0,V112-3.0 MW Offshore,2014-06
4429,Northwind,Vestas,51.6314,2.9143,Belgium,3.0,112.0,71.0,V112-3.0 MW Offshore,2014-06
4430,Northwind,Vestas,51.634,2.91,Belgium,3.0,112.0,71.0,V112-3.0 MW Offshore,2014-06
4431,Northwind,Vestas,51.6376,2.9033,Belgium,3.0,112.0,71.0,V112-3.0 MW Offshore,2014-06
4432,Northwind,Vestas,51.6409,2.9092,Belgium,3.0,112.0,71.0,V112-3.0 MW Offshore,2014-06
4433,Northwind,Vestas,51.6209,2.935,Belgium,3.0,112.0,71.0,V112-3.0 MW Offshore,2014-06
4434,Northwind,Vestas,51.6126,2.8727,Belgium,3.0,112.0,71.0,V112-3.0 MW Offshore,2014-06
4435,Northwind,Vestas,51.6196,2.8831,Belgium,3.0,112.0,71.0,V112-3.0 MW Offshore,2014-06
4436,Northwind,Vestas,51.6093,2.8771,Belgium,3.0,112.0,71.0,V112-3.0 MW Offshore,2014-06
4437,Northwind,Vestas,51.6447,2.912,Belgium,3.0,112.0,71.0,V112-3.0 MW Offshore,2014-06
4438,Northwind,Vestas,51.5984,2.8617,Belgium,3.0,112.0,71.0,V112-3.0 MW Offshore,2014-06
4439,Northwind,Vestas,51.6096,2.9111,Belgium,3.0,112.0,71.0,V112-3.0 MW Offshore,2014-06
4440,Northwind,Vestas,51.6214,2.8994,Belgium,3.0,112.0,71.0,V112-3.0 MW Offshore,2014-06
4441,Northwind,Vestas,51.6164,2.8774,Belgium,3.0,112.0,71.0,V112-3.0 MW Offshore,2014-06
4442,Northwind,Vestas,51.6132,2.881,Belgium,3.0,112.0,71.0,V112-3.0 MW Offshore,2014-06
4443,Northwind,Vestas,51.6107,2.8852,Belgium,3.0,112.0,71.0,V112-3.0 MW Offshore,2014-06
4444,Northwind,Vestas,51.608,2.8898,Belgium,3.0,112.0,71.0,V112-3.0 MW Offshore,2014-06
4445,Northwind,Vestas,51.6056,2.896,Belgium,3.0,112.0,71.0,V112-3.0 MW Offshore,2014-06
4446,Northwind,Vestas,51.6041,2.888,Belgium,3.0,112.0,71.0,V112-3.0 MW Offshore,2014-06
4447,Northwind,Vestas,51.6066,2.8815,Belgium,3.0,112.0,71.0,V112-3.0 MW Offshore,2014-06
4448,Northwind,Vestas,51.6258,2.9435,Belgium,3.0,112.0,71.0,V112-3.0 MW Offshore,2014-06
4449,Northwind,Vestas,51.6163,2.8875,Belgium,3.0,112.0,71.0,V112-3.0 MW Offshore,2014-06
4450,Northwind,Vestas,51.6137,2.8919,Belgium,3.0,112.0,71.0,V112-3.0 MW Offshore,2014-06
4451,Northwind,Vestas,51.6251,2.9031,Belgium,3.0,112.0,71.0,V112-3.0 MW Offshore,2014-06
4452,Northwind,Vestas,51.616,2.9082,Belgium,3.0,112.0,71.0,V112-3.0 MW Offshore,2014-06
4453,Northwind,Vestas,51.6301,2.9062,Belgium,3.0,112.0,71.0,V112-3.0 MW Offshore,2014-06
4454,Northwind,Vestas,51.6308,2.8951,Belgium,3.0,112.0,71.0,V112-3.0 MW Offshore,2014-06
4455,Northwind,Vestas,51.6278,2.8986,Belgium,3.0,112.0,71.0,V112-3.0 MW Offshore,2014-06
4456,Northwind,Vestas,51.6337,2.902,Belgium,3.0,112.0,71.0,V112-3.0 MW Offshore,2014-06
4457,Northwind,Vestas,51.6225,2.9075,Belgium,3.0,112.0,71.0,V112-3.0 MW Offshore,2014-06
4458,Northwind,Vestas,51.6198,2.9119,Belgium,3.0,112.0,71.0,V112-3.0 MW Offshore,2014-06
4459,Northwind,Vestas,51.6172,2.9163,Belgium,3.0,112.0,71.0,V112-3.0 MW Offshore,2014-06
4460,Northwind,Vestas,51.6187,2.9038,Belgium,3.0,112.0,71.0,V112-3.0 MW Offshore,2014-06
4461,Northwind,Vestas,51.611,2.8965,Belgium,3.0,112.0,71.0,V112-3.0 MW Offshore,2014-06
4462,Northwind,Vestas,51.624,2.8942,Belgium,3.0,112.0,71.0,V112-3.0 MW Offshore,2014-06
4463,Northwind,Vestas,51.6122,2.9045,Belgium,3.0,112.0,71.0,V112-3.0 MW Offshore,2014-06
4464,Northwind,Vestas,51.6084,2.903,Belgium,3.0,112.0,71.0,V112-3.0 MW Offshore,2014-06
4465,Northwind,Vestas,51.5977,2.8762,Belgium,3.0,112.0,71.0,V112-3.0 MW Offshore,2014-06
4466,Northwind,Vestas,51.597,2.8683,Belgium,3.0,112.0,71.0,V112-3.0 MW Offshore,2014-06
4467,Northwind,Vestas,51.6013,2.859,Belgium,3.0,112.0,71.0,V112-3.0 MW Offshore,2014-06
4468,Northwind,Vestas,51.6416,2.9172,Belgium,3.0,112.0,71.0,V112-3.0 MW Offshore,2014-06
4469,Northwind,Vestas,51.6299,2.9269,Belgium,3.0,112.0,71.0,V112-3.0 MW Offshore,2014-06
4470,Northwind,Vestas,51.639,2.9216,Belgium,3.0,112.0,71.0,V112-3.0 MW Offshore,2014-06
4471,Northwind,Vestas,51.6336,2.9305,Belgium,3.0,112.0,71.0,V112-3.0 MW Offshore,2014-06
4472,Northwind,Vestas,51.6311,2.9348,Belgium,3.0,112.0,71.0,V112-3.0 MW Offshore,2014-06
4473,Northwind,Vestas,51.6284,2.9393,Belgium,3.0,112.0,71.0,V112-3.0 MW Offshore,2014-06
4474,Northwind,Vestas,51.6364,2.926,Belgium,3.0,112.0,71.0,V112-3.0 MW Offshore,2014-06
4475,Northwind,Vestas,51.6175,2.8957,Belgium,3.0,112.0,71.0,V112-3.0 MW Offshore,2014-06
4476,Northwind,Vestas,51.6273,2.9312,Belgium,3.0,112.0,71.0,V112-3.0 MW Offshore,2014-06
4477,Northwind,Vestas,51.6089,2.8682,Belgium,3.0,112.0,71.0,V112-3.0 MW Offshore,2014-06
4478,Northwind,Vestas,51.6175,2.929,Belgium,3.0,112.0,71.0,V112-3.0 MW Offshore,2014-06
4479,Northwind,Vestas,51.625,2.9149,Belgium,3.0,112.0,71.0,V112-3.0 MW Offshore,2014-06
4480,Northwind,Vestas,51.6275,2.9106,Belgium,3.0,112.0,71.0,V112-3.0 MW Offshore,2014-06
4481,Northwind,Vestas,51.6271,2.8906,Belgium,3.0,112.0,71.0,V112-3.0 MW Offshore,2014-06
4482,Northwind,Vestas,51.6201,2.8912,Belgium,3.0,112.0,71.0,V112-3.0 MW Offshore,2014-06
4483,Northwind,Vestas,51.6246,2.9355,Belgium,3.0,112.0,71.0,V112-3.0 MW Offshore,2014-06
4484,Northwind,Vestas,51.6149,2.9001,Belgium,3.0,112.0,71.0,V112-3.0 MW Offshore,2014-06
4485,Nysted,Bonus,54.5537,11.6937,Denmark,2.3,82.0,69.0,B82/2300,2003-12
4486,Nysted,Bonus,54.561,11.7069,Denmark,2.3,82.0,69.0,B82/2300,2003-12
4487,Nysted,Bonus,54.5409,11.7333,Denmark,2.3,82.0,69.0,B82/2300,2003-12
4488,Nysted,Bonus,54.5507,11.6804,Denmark,2.3,82.0,69.0,B82/2300,2003-12
4489,Nysted,Bonus,54.5626,11.7333,Denmark,2.3,82.0,69.0,B82/2300,2003-12
4490,Nysted,Bonus,54.5352,11.7465,Denmark,2.3,82.0,69.0,B82/2300,2003-12
4491,Nysted,Bonus,54.5608,11.6673,Denmark,2.3,82.0,69.0,B82/2300,2003-12
4492,Nysted,Bonus,54.5599,11.7596,Denmark,2.3,82.0,69.0,B82/2300,2003-12
4493,Nysted,Bonus,54.5305,11.7069,Denmark,2.3,82.0,69.0,B82/2300,2003-12
4494,Nysted,Bonus,54.5567,11.7069,Denmark,2.3,82.0,69.0,B82/2300,2003-12
4495,Nysted,Bonus,54.5466,11.7201,Denmark,2.3,82.0,69.0,B82/2300,2003-12
4496,Nysted,Bonus,54.5345,11.6671,Denmark,2.3,82.0,69.0,B82/2300,2003-12
4497,Nysted,Bonus,54.5265,11.7466,Denmark,2.3,82.0,69.0,B82/2300,2003-12
4498,Nysted,Bonus,54.551,11.7201,Denmark,2.3,82.0,69.0,B82/2300,2003-12
4499,Nysted,Bonus,54.564,11.7201,Denmark,2.3,82.0,69.0,B82/2300,2003-12
4500,Nysted,Bonus,54.5419,11.6804,Denmark,2.3,82.0,69.0,B82/2300,2003-12
4501,Nysted,Bonus,54.5583,11.7333,Denmark,2.3,82.0,69.0,B82/2300,2003-12
4502,Nysted,Bonus,54.5512,11.7597,Denmark,2.3,82.0,69.0,B82/2300,2003-12
4503,Nysted,Bonus,54.5406,11.6936,Denmark,2.3,82.0,69.0,B82/2300,2003-12
4504,Nysted,Bonus,54.5389,11.6672,Denmark,2.3,82.0,69.0,B82/2300,2003-12
4505,Nysted,Bonus,54.5382,11.7597,Denmark,2.3,82.0,69.0,B82/2300,2003-12
4506,Nysted,Bonus,54.548,11.7069,Denmark,2.3,82.0,69.0,B82/2300,2003-12
4507,Nysted,Bonus,54.5332,11.6804,Denmark,2.3,82.0,69.0,B82/2300,2003-12
4508,Nysted,Bonus,54.5612,11.7464,Denmark,2.3,82.0,69.0,B82/2300,2003-12
4509,Nysted,Bonus,54.5309,11.7465,Denmark,2.3,82.0,69.0,B82/2300,2003-12
4510,Nysted,Bonus,54.5379,11.7201,Denmark,2.3,82.0,69.0,B82/2300,2003-12
4511,Nysted,Bonus,54.5594,11.6805,Denmark,2.3,82.0,69.0,B82/2300,2003-12
4512,Nysted,Bonus,54.5493,11.6936,Denmark,2.3,82.0,69.0,B82/2300,2003-12
4513,Nysted,Bonus,54.5695,11.6673,Denmark,2.3,82.0,69.0,B82/2300,2003-12
4514,Nysted,Bonus,54.5335,11.7201,Denmark,2.3,82.0,69.0,B82/2300,2003-12
4515,Nysted,Bonus,54.5638,11.6805,Denmark,2.3,82.0,69.0,B82/2300,2003-12
4516,Nysted,Bonus,54.5539,11.7333,Denmark,2.3,82.0,69.0,B82/2300,2003-12
4517,Nysted,Bonus,54.545,11.6936,Denmark,2.3,82.0,69.0,B82/2300,2003-12
4518,Nysted,Bonus,54.5339,11.7598,Denmark,2.3,82.0,69.0,B82/2300,2003-12
4519,Nysted,Bonus,54.5496,11.7333,Denmark,2.3,82.0,69.0,B82/2300,2003-12
4520,Nysted,Bonus,54.5439,11.7465,Denmark,2.3,82.0,69.0,B82/2300,2003-12
4521,Nysted,Bonus,54.5668,11.6937,Denmark,2.3,82.0,69.0,B82/2300,2003-12
4522,Nysted,Bonus,54.5654,11.7069,Denmark,2.3,82.0,69.0,B82/2300,2003-12
4523,Nysted,Bonus,54.5564,11.6672,Denmark,2.3,82.0,69.0,B82/2300,2003-12
4524,Nysted,Bonus,54.5433,11.6672,Denmark,2.3,82.0,69.0,B82/2300,2003-12
4525,Nysted,Bonus,54.5624,11.6937,Denmark,2.3,82.0,69.0,B82/2300,2003-12
4526,Nysted,Bonus,54.5349,11.7069,Denmark,2.3,82.0,69.0,B82/2300,2003-12
4527,Nysted,Bonus,54.5376,11.6804,Denmark,2.3,82.0,69.0,B82/2300,2003-12
4528,Nysted,Bonus,54.5395,11.7465,Denmark,2.3,82.0,69.0,B82/2300,2003-12
4529,Nysted,Bonus,54.5526,11.7465,Denmark,2.3,82.0,69.0,B82/2300,2003-12
4530,Nysted,Bonus,54.5366,11.7333,Denmark,2.3,82.0,69.0,B82/2300,2003-12
4531,Nysted,Bonus,54.5295,11.7598,Denmark,2.3,82.0,69.0,B82/2300,2003-12
4532,Nysted,Bonus,54.558,11.6937,Denmark,2.3,82.0,69.0,B82/2300,2003-12
4533,Nysted,Bonus,54.5436,11.7069,Denmark,2.3,82.0,69.0,B82/2300,2003-12
4534,Nysted,Bonus,54.5423,11.7201,Denmark,2.3,82.0,69.0,B82/2300,2003-12
4535,Nysted,Bonus,54.555,11.6804,Denmark,2.3,82.0,69.0,B82/2300,2003-12
4536,Nysted,Bonus,54.5469,11.7597,Denmark,2.3,82.0,69.0,B82/2300,2003-12
4537,Nysted,Bonus,54.5477,11.6672,Denmark,2.3,82.0,69.0,B82/2300,2003-12
4538,Nysted,Bonus,54.5319,11.6936,Denmark,2.3,82.0,69.0,B82/2300,2003-12
4539,Nysted,Bonus,54.552,11.6672,Denmark,2.3,82.0,69.0,B82/2300,2003-12
4540,Nysted,Bonus,54.5322,11.7333,Denmark,2.3,82.0,69.0,B82/2300,2003-12
4541,Nysted,Bonus,54.5252,11.7598,Denmark,2.3,82.0,69.0,B82/2300,2003-12
4542,Nysted,Bonus,54.5279,11.7333,Denmark,2.3,82.0,69.0,B82/2300,2003-12
4543,Nysted,Bonus,54.5463,11.6804,Denmark,2.3,82.0,69.0,B82/2300,2003-12
4544,Nysted,Bonus,54.5452,11.7333,Denmark,2.3,82.0,69.0,B82/2300,2003-12
4545,Nysted,Bonus,54.5682,11.6805,Denmark,2.3,82.0,69.0,B82/2300,2003-12
4546,Nysted,Bonus,54.5392,11.7069,Denmark,2.3,82.0,69.0,B82/2300,2003-12
4547,Nysted,Bonus,54.5292,11.7201,Denmark,2.3,82.0,69.0,B82/2300,2003-12
4548,Nysted,Bonus,54.5523,11.7069,Denmark,2.3,82.0,69.0,B82/2300,2003-12
4549,Nysted,Bonus,54.5425,11.7597,Denmark,2.3,82.0,69.0,B82/2300,2003-12
4550,Nysted,Bonus,54.5555,11.7597,Denmark,2.3,82.0,69.0,B82/2300,2003-12
4551,Nysted,Bonus,54.5362,11.6936,Denmark,2.3,82.0,69.0,B82/2300,2003-12
4552,Nysted,Bonus,54.5553,11.7201,Denmark,2.3,82.0,69.0,B82/2300,2003-12
4553,Nysted,Bonus,54.5569,11.7465,Denmark,2.3,82.0,69.0,B82/2300,2003-12
4554,Nysted,Bonus,54.5597,11.7201,Denmark,2.3,82.0,69.0,B82/2300,2003-12
4555,OWF Egmond aan Zee,Vestas,52.6097,4.3913,Netherlands,3.0,90.0,70.0,V90-3.0 MW Offshore,2007-01
4556,OWF Egmond aan Zee,Vestas,52.5918,4.4548,Netherlands,3.0,90.0,70.0,V90-3.0 MW Offshore,2007-01
4557,OWF Egmond aan Zee,Vestas,52.623,4.3729,Netherlands,3.0,90.0,70.0,V90-3.0 MW Offshore,2007-01
4558,OWF Egmond aan Zee,Vestas,52.6186,4.3792,Netherlands,3.0,90.0,70.0,V90-3.0 MW Offshore,2007-01
4559,OWF Egmond aan Zee,Vestas,52.6141,4.3852,Netherlands,3.0,90.0,70.0,V90-3.0 MW Offshore,2007-01
4560,OWF Egmond aan Zee,Vestas,52.5962,4.4486,Netherlands,3.0,90.0,70.0,V90-3.0 MW Offshore,2007-01
4561,OWF Egmond aan Zee,Vestas,52.5863,4.4431,Netherlands,3.0,90.0,70.0,V90-3.0 MW Offshore,2007-01
4562,OWF Egmond aan Zee,Vestas,52.6022,4.421,Netherlands,3.0,90.0,70.0,V90-3.0 MW Offshore,2007-01
4563,OWF Egmond aan Zee,Vestas,52.6271,4.4252,Netherlands,3.0,90.0,70.0,V90-3.0 MW Offshore,2007-01
4564,OWF Egmond aan Zee,Vestas,52.6132,4.4444,Netherlands,3.0,90.0,70.0,V90-3.0 MW Offshore,2007-01
4565,OWF Egmond aan Zee,Vestas,52.6065,4.4538,Netherlands,3.0,90.0,70.0,V90-3.0 MW Offshore,2007-01
4566,OWF Egmond aan Zee,Vestas,52.6258,4.4078,Netherlands,3.0,90.0,70.0,V90-3.0 MW Offshore,2007-01
4567,OWF Egmond aan Zee,Vestas,52.6315,4.4191,Netherlands,3.0,90.0,70.0,V90-3.0 MW Offshore,2007-01
4568,OWF Egmond aan Zee,Vestas,52.6169,4.42,Netherlands,3.0,90.0,70.0,V90-3.0 MW Offshore,2007-01
4569,OWF Egmond aan Zee,Vestas,52.6075,4.4331,Netherlands,3.0,90.0,70.0,V90-3.0 MW Offshore,2007-01
4570,OWF Egmond aan Zee,Vestas,52.6213,4.4139,Netherlands,3.0,90.0,70.0,V90-3.0 MW Offshore,2007-01
4571,OWF Egmond aan Zee,Vestas,52.6183,4.4374,Netherlands,3.0,90.0,70.0,V90-3.0 MW Offshore,2007-01
4572,OWF Egmond aan Zee,Vestas,52.6155,4.4026,Netherlands,3.0,90.0,70.0,V90-3.0 MW Offshore,2007-01
4573,OWF Egmond aan Zee,Vestas,52.6227,4.4313,Netherlands,3.0,90.0,70.0,V90-3.0 MW Offshore,2007-01
4574,OWF Egmond aan Zee,Vestas,52.6125,4.4262,Netherlands,3.0,90.0,70.0,V90-3.0 MW Offshore,2007-01
4575,OWF Egmond aan Zee,Vestas,52.592,4.4159,Netherlands,3.0,90.0,70.0,V90-3.0 MW Offshore,2007-01
4576,OWF Egmond aan Zee,Vestas,52.5875,4.4221,Netherlands,3.0,90.0,70.0,V90-3.0 MW Offshore,2007-01
4577,OWF Egmond aan Zee,Vestas,52.5832,4.4281,Netherlands,3.0,90.0,70.0,V90-3.0 MW Offshore,2007-01
4578,OWF Egmond aan Zee,Vestas,52.602,4.4599,Netherlands,3.0,90.0,70.0,V90-3.0 MW Offshore,2007-01
4579,OWF Egmond aan Zee,Vestas,52.6007,4.4425,Netherlands,3.0,90.0,70.0,V90-3.0 MW Offshore,2007-01
4580,OWF Egmond aan Zee,Vestas,52.6199,4.3965,Netherlands,3.0,90.0,70.0,V90-3.0 MW Offshore,2007-01
4581,OWF Egmond aan Zee,Vestas,52.6067,4.4149,Netherlands,3.0,90.0,70.0,V90-3.0 MW Offshore,2007-01
4582,OWF Egmond aan Zee,Vestas,52.5964,4.4098,Netherlands,3.0,90.0,70.0,V90-3.0 MW Offshore,2007-01
4583,OWF Egmond aan Zee,Vestas,52.6053,4.3975,Netherlands,3.0,90.0,70.0,V90-3.0 MW Offshore,2007-01
4584,OWF Egmond aan Zee,Vestas,52.5908,4.4369,Netherlands,3.0,90.0,70.0,V90-3.0 MW Offshore,2007-01
4585,OWF Egmond aan Zee,Vestas,52.6008,4.4037,Netherlands,3.0,90.0,70.0,V90-3.0 MW Offshore,2007-01
4586,OWF Egmond aan Zee,Vestas,52.5952,4.4308,Netherlands,3.0,90.0,70.0,V90-3.0 MW Offshore,2007-01
4587,OWF Egmond aan Zee,Vestas,52.5819,4.4492,Netherlands,3.0,90.0,70.0,V90-3.0 MW Offshore,2007-01
4588,OWF Egmond aan Zee,Vestas,52.5796,4.4355,Netherlands,3.0,90.0,70.0,V90-3.0 MW Offshore,2007-01
4589,OWF Egmond aan Zee,Vestas,52.6274,4.3668,Netherlands,3.0,90.0,70.0,V90-3.0 MW Offshore,2007-01
4590,OWF Egmond aan Zee,Vestas,52.6111,4.4088,Netherlands,3.0,90.0,70.0,V90-3.0 MW Offshore,2007-01
4591,OWF Luchterduinen,Vestas,52.404,4.1364,Netherlands,3.0,112.0,81.0,V112-3.0 MW Offshore,2015-09
4592,OWF Luchterduinen,Vestas,52.3881,4.1331,Netherlands,3.0,112.0,81.0,V112-3.0 MW Offshore,2015-09
4593,OWF Luchterduinen,Vestas,52.3963,4.1591,Netherlands,3.0,112.0,81.0,V112-3.0 MW Offshore,2015-09
4594,OWF Luchterduinen,Vestas,52.3922,4.1462,Netherlands,3.0,112.0,81.0,V112-3.0 MW Offshore,2015-09
4595,OWF Luchterduinen,Vestas,52.3913,4.1741,Netherlands,3.0,112.0,81.0,V112-3.0 MW Offshore,2015-09
4596,OWF Luchterduinen,Vestas,52.3896,4.154,Netherlands,3.0,112.0,81.0,V112-3.0 MW Offshore,2015-09
4597,OWF Luchterduinen,Vestas,52.3869,4.1617,Netherlands,3.0,112.0,81.0,V112-3.0 MW Offshore,2015-09
4598,OWF Luchterduinen,Vestas,52.4047,4.1839,Netherlands,3.0,112.0,81.0,V112-3.0 MW Offshore,2015-09
4599,OWF Luchterduinen,Vestas,52.3827,4.149,Netherlands,3.0,112.0,81.0,V112-3.0 MW Offshore,2015-09
4600,OWF Luchterduinen,Vestas,52.38,4.1569,Netherlands,3.0,112.0,81.0,V112-3.0 MW Offshore,2015-09
4601,OWF Luchterduinen,Vestas,52.4309,4.205,Netherlands,3.0,112.0,81.0,V112-3.0 MW Offshore,2015-09
4602,OWF Luchterduinen,Vestas,52.4229,4.1544,Netherlands,3.0,112.0,81.0,V112-3.0 MW Offshore,2015-09
4603,OWF Luchterduinen,Vestas,52.3974,4.1307,Netherlands,3.0,112.0,81.0,V112-3.0 MW Offshore,2015-09
4604,OWF Luchterduinen,Vestas,52.3908,4.1251,Netherlands,3.0,112.0,81.0,V112-3.0 MW Offshore,2015-09
4605,OWF Luchterduinen,Vestas,52.3773,4.1648,Netherlands,3.0,112.0,81.0,V112-3.0 MW Offshore,2015-09
4606,OWF Luchterduinen,Vestas,52.3855,4.141,Netherlands,3.0,112.0,81.0,V112-3.0 MW Offshore,2015-09
4607,OWF Luchterduinen,Vestas,52.398,4.1785,Netherlands,3.0,112.0,81.0,V112-3.0 MW Offshore,2015-09
4608,OWF Luchterduinen,Vestas,52.3843,4.1695,Netherlands,3.0,112.0,81.0,V112-3.0 MW Offshore,2015-09
4609,OWF Luchterduinen,Vestas,52.3948,4.1385,Netherlands,3.0,112.0,81.0,V112-3.0 MW Offshore,2015-09
4610,OWF Luchterduinen,Vestas,52.3938,4.1665,Netherlands,3.0,112.0,81.0,V112-3.0 MW Offshore,2015-09
4611,OWF Luchterduinen,Vestas,52.4136,4.182,Netherlands,3.0,112.0,81.0,V112-3.0 MW Offshore,2015-09
4612,OWF Luchterduinen,Vestas,52.4005,4.1712,Netherlands,3.0,112.0,81.0,V112-3.0 MW Offshore,2015-09
4613,OWF Luchterduinen,Vestas,52.4254,4.1715,Netherlands,3.0,112.0,81.0,V112-3.0 MW Offshore,2015-09
4614,OWF Luchterduinen,Vestas,52.4278,4.1853,Netherlands,3.0,112.0,81.0,V112-3.0 MW Offshore,2015-09
4615,OWF Luchterduinen,Vestas,52.423,4.1787,Netherlands,3.0,112.0,81.0,V112-3.0 MW Offshore,2015-09
4616,OWF Luchterduinen,Vestas,52.4206,4.1614,Netherlands,3.0,112.0,81.0,V112-3.0 MW Offshore,2015-09
4617,OWF Luchterduinen,Vestas,52.4206,4.186,Netherlands,3.0,112.0,81.0,V112-3.0 MW Offshore,2015-09
4618,OWF Luchterduinen,Vestas,52.4176,4.1946,Netherlands,3.0,112.0,81.0,V112-3.0 MW Offshore,2015-09
4619,OWF Luchterduinen,Vestas,52.4183,4.1682,Netherlands,3.0,112.0,81.0,V112-3.0 MW Offshore,2015-09
4620,OWF Luchterduinen,Vestas,52.4166,4.1483,Netherlands,3.0,112.0,81.0,V112-3.0 MW Offshore,2015-09
4621,OWF Luchterduinen,Vestas,52.4159,4.1752,Netherlands,3.0,112.0,81.0,V112-3.0 MW Offshore,2015-09
4622,OWF Luchterduinen,Vestas,52.3989,4.1515,Netherlands,3.0,112.0,81.0,V112-3.0 MW Offshore,2015-09
4623,OWF Luchterduinen,Vestas,52.4237,4.2002,Netherlands,3.0,112.0,81.0,V112-3.0 MW Offshore,2015-09
4624,OWF Luchterduinen,Vestas,52.4119,4.1625,Netherlands,3.0,112.0,81.0,V112-3.0 MW Offshore,2015-09
4625,OWF Luchterduinen,Vestas,52.403,4.1639,Netherlands,3.0,112.0,81.0,V112-3.0 MW Offshore,2015-09
4626,OWF Luchterduinen,Vestas,52.4142,4.1554,Netherlands,3.0,112.0,81.0,V112-3.0 MW Offshore,2015-09
4627,OWF Luchterduinen,Vestas,52.4055,4.1565,Netherlands,3.0,112.0,81.0,V112-3.0 MW Offshore,2015-09
4628,OWF Luchterduinen,Vestas,52.407,4.1766,Netherlands,3.0,112.0,81.0,V112-3.0 MW Offshore,2015-09
4629,OWF Luchterduinen,Vestas,52.4014,4.144,Netherlands,3.0,112.0,81.0,V112-3.0 MW Offshore,2015-09
4630,OWF Luchterduinen,Vestas,52.4094,4.1696,Netherlands,3.0,112.0,81.0,V112-3.0 MW Offshore,2015-09
4631,OWF Luchterduinen,Vestas,52.4104,4.1419,Netherlands,3.0,112.0,81.0,V112-3.0 MW Offshore,2015-09
4632,OWF Luchterduinen,Vestas,52.4113,4.1889,Netherlands,3.0,112.0,81.0,V112-3.0 MW Offshore,2015-09
4633,OWF Luchterduinen,Vestas,52.4079,4.1491,Netherlands,3.0,112.0,81.0,V112-3.0 MW Offshore,2015-09
4634,OWF Prinses Amalia,Vestas,52.6,4.2261,Netherlands,2.0,80.0,60.0,V80-2.0 MW,2008-07
4635,OWF Prinses Amalia,Vestas,52.5779,4.196,Netherlands,2.0,80.0,60.0,V80-2.0 MW,2008-07
4636,OWF Prinses Amalia,Vestas,52.5735,4.2105,Netherlands,2.0,80.0,60.0,V80-2.0 MW,2008-07
4637,OWF Prinses Amalia,Vestas,52.6025,4.2047,Netherlands,2.0,80.0,60.0,V80-2.0 MW,2008-07
4638,OWF Prinses Amalia,Vestas,52.5816,4.2599,Netherlands,2.0,80.0,60.0,V80-2.0 MW,2008-07
4639,OWF Prinses Amalia,Vestas,52.5895,4.2392,Netherlands,2.0,80.0,60.0,V80-2.0 MW,2008-07
4640,OWF Prinses Amalia,Vestas,52.5843,4.2388,Netherlands,2.0,80.0,60.0,V80-2.0 MW,2008-07
4641,OWF Prinses Amalia,Vestas,52.5944,4.211,Netherlands,2.0,80.0,60.0,V80-2.0 MW,2008-07
4642,OWF Prinses Amalia,Vestas,52.5994,4.197,Netherlands,2.0,80.0,60.0,V80-2.0 MW,2008-07
4643,OWF Prinses Amalia,Vestas,52.5919,4.2179,Netherlands,2.0,80.0,60.0,V80-2.0 MW,2008-07
4644,OWF Prinses Amalia,Vestas,52.5868,4.2461,Netherlands,2.0,80.0,60.0,V80-2.0 MW,2008-07
4645,OWF Prinses Amalia,Vestas,52.5801,4.1888,Netherlands,2.0,80.0,60.0,V80-2.0 MW,2008-07
4646,OWF Prinses Amalia,Vestas,52.6052,4.2267,Netherlands,2.0,80.0,60.0,V80-2.0 MW,2008-07
4647,OWF Prinses Amalia,Vestas,52.5973,4.2329,Netherlands,2.0,80.0,60.0,V80-2.0 MW,2008-07
4648,OWF Prinses Amalia,Vestas,52.5716,4.2318,Netherlands,2.0,80.0,60.0,V80-2.0 MW,2008-07
4649,OWF Prinses Amalia,Vestas,52.6027,4.2193,Netherlands,2.0,80.0,60.0,V80-2.0 MW,2008-07
4650,OWF Prinses Amalia,Vestas,52.5969,4.204,Netherlands,2.0,80.0,60.0,V80-2.0 MW,2008-07
4651,OWF Prinses Amalia,Vestas,52.5946,4.2397,Netherlands,2.0,80.0,60.0,V80-2.0 MW,2008-07
4652,OWF Prinses Amalia,Vestas,52.6054,4.2124,Netherlands,2.0,80.0,60.0,V80-2.0 MW,2008-07
4653,OWF Prinses Amalia,Vestas,52.5999,4.2116,Netherlands,2.0,80.0,60.0,V80-2.0 MW,2008-07
4654,OWF Prinses Amalia,Vestas,52.589,4.2105,Netherlands,2.0,80.0,60.0,V80-2.0 MW,2008-07
4655,OWF Prinses Amalia,Vestas,52.5865,4.2176,Netherlands,2.0,80.0,60.0,V80-2.0 MW,2008-07
4656,OWF Prinses Amalia,Vestas,52.5996,4.2402,Netherlands,2.0,80.0,60.0,V80-2.0 MW,2008-07
4657,OWF Prinses Amalia,Vestas,52.5743,4.2528,Netherlands,2.0,80.0,60.0,V80-2.0 MW,2008-07
4658,OWF Prinses Amalia,Vestas,52.5767,4.2458,Netherlands,2.0,80.0,60.0,V80-2.0 MW,2008-07
4659,OWF Prinses Amalia,Vestas,52.586,4.2031,Netherlands,2.0,80.0,60.0,V80-2.0 MW,2008-07
4660,OWF Prinses Amalia,Vestas,52.5836,4.2102,Netherlands,2.0,80.0,60.0,V80-2.0 MW,2008-07
4661,OWF Prinses Amalia,Vestas,52.5907,4.1888,Netherlands,2.0,80.0,60.0,V80-2.0 MW,2008-07
4662,OWF Prinses Amalia,Vestas,52.5883,4.196,Netherlands,2.0,80.0,60.0,V80-2.0 MW,2008-07
4663,OWF Prinses Amalia,Vestas,52.5816,4.2317,Netherlands,2.0,80.0,60.0,V80-2.0 MW,2008-07
4664,OWF Prinses Amalia,Vestas,52.5765,4.2316,Netherlands,2.0,80.0,60.0,V80-2.0 MW,2008-07
4665,OWF Prinses Amalia,Vestas,52.5812,4.2173,Netherlands,2.0,80.0,60.0,V80-2.0 MW,2008-07
4666,OWF Prinses Amalia,Vestas,52.5789,4.2245,Netherlands,2.0,80.0,60.0,V80-2.0 MW,2008-07
4667,OWF Prinses Amalia,Vestas,52.5853,4.1886,Netherlands,2.0,80.0,60.0,V80-2.0 MW,2008-07
4668,OWF Prinses Amalia,Vestas,52.583,4.1958,Netherlands,2.0,80.0,60.0,V80-2.0 MW,2008-07
4669,OWF Prinses Amalia,Vestas,52.5718,4.2458,Netherlands,2.0,80.0,60.0,V80-2.0 MW,2008-07
4670,OWF Prinses Amalia,Vestas,52.5969,4.2469,Netherlands,2.0,80.0,60.0,V80-2.0 MW,2008-07
4671,OWF Prinses Amalia,Vestas,52.5761,4.2174,Netherlands,2.0,80.0,60.0,V80-2.0 MW,2008-07
4672,OWF Prinses Amalia,Vestas,52.5739,4.2246,Netherlands,2.0,80.0,60.0,V80-2.0 MW,2008-07
4673,OWF Prinses Amalia,Vestas,52.5792,4.2387,Netherlands,2.0,80.0,60.0,V80-2.0 MW,2008-07
4674,OWF Prinses Amalia,Vestas,52.5741,4.2387,Netherlands,2.0,80.0,60.0,V80-2.0 MW,2008-07
4675,OWF Prinses Amalia,Vestas,52.5919,4.2465,Netherlands,2.0,80.0,60.0,V80-2.0 MW,2008-07
4676,OWF Prinses Amalia,Vestas,52.5947,4.2254,Netherlands,2.0,80.0,60.0,V80-2.0 MW,2008-07
4677,OWF Prinses Amalia,Vestas,52.6024,4.2334,Netherlands,2.0,80.0,60.0,V80-2.0 MW,2008-07
4678,OWF Prinses Amalia,Vestas,52.5792,4.2528,Netherlands,2.0,80.0,60.0,V80-2.0 MW,2008-07
4679,OWF Prinses Amalia,Vestas,52.5914,4.2035,Netherlands,2.0,80.0,60.0,V80-2.0 MW,2008-07
4680,OWF Prinses Amalia,Vestas,52.5938,4.1964,Netherlands,2.0,80.0,60.0,V80-2.0 MW,2008-07
4681,OWF Prinses Amalia,Vestas,52.5868,4.2319,Netherlands,2.0,80.0,60.0,V80-2.0 MW,2008-07
4682,OWF Prinses Amalia,Vestas,52.5893,4.2249,Netherlands,2.0,80.0,60.0,V80-2.0 MW,2008-07
4683,OWF Prinses Amalia,Vestas,52.5807,4.203,Netherlands,2.0,80.0,60.0,V80-2.0 MW,2008-07
4684,OWF Prinses Amalia,Vestas,52.5841,4.2246,Netherlands,2.0,80.0,60.0,V80-2.0 MW,2008-07
4685,OWF Prinses Amalia,Vestas,52.5784,4.2102,Netherlands,2.0,80.0,60.0,V80-2.0 MW,2008-07
4686,OWF Prinses Amalia,Vestas,52.5757,4.2033,Netherlands,2.0,80.0,60.0,V80-2.0 MW,2008-07
4687,OWF Prinses Amalia,Vestas,52.5973,4.2185,Netherlands,2.0,80.0,60.0,V80-2.0 MW,2008-07
4688,OWF Prinses Amalia,Vestas,52.5921,4.2323,Netherlands,2.0,80.0,60.0,V80-2.0 MW,2008-07
4689,OWF Prinses Amalia,Vestas,52.5866,4.2602,Netherlands,2.0,80.0,60.0,V80-2.0 MW,2008-07
4690,OWF Prinses Amalia,Vestas,52.6046,4.2408,Netherlands,2.0,80.0,60.0,V80-2.0 MW,2008-07
4691,OWF Prinses Amalia,Vestas,52.5893,4.2533,Netherlands,2.0,80.0,60.0,V80-2.0 MW,2008-07
4692,OWF Prinses Amalia,Vestas,52.5842,4.253,Netherlands,2.0,80.0,60.0,V80-2.0 MW,2008-07
4693,OWF Prinses Amalia,Vestas,52.5817,4.2458,Netherlands,2.0,80.0,60.0,V80-2.0 MW,2008-07
4694,Ormonde,Senvion,54.0871,-3.4266,United Kingdom,5.08,126.0,100.0,5M,2012-02
4695,Ormonde,Senvion,54.0868,-3.4096,United Kingdom,5.08,126.0,100.0,5M,2012-02
4696,Ormonde,Senvion,54.0902,-3.4154,United Kingdom,5.08,126.0,100.0,5M,2012-02
4697,Ormonde,Senvion,54.0872,-3.4439,United Kingdom,5.08,126.0,100.0,5M,2012-02
4698,Ormonde,Senvion,54.0839,-3.4554,United Kingdom,5.08,126.0,100.0,5M,2012-02
4699,Ormonde,Senvion,54.0839,-3.4379,United Kingdom,5.08,126.0,100.0,5M,2012-02
4700,Ormonde,Senvion,54.097,-3.4444,United Kingdom,5.08,126.0,100.0,5M,2012-02
4701,Ormonde,Senvion,54.0969,-3.4271,United Kingdom,5.08,126.0,100.0,5M,2012-02
4702,Ormonde,Senvion,54.0904,-3.4326,United Kingdom,5.08,126.0,100.0,5M,2012-02
4703,Ormonde,Senvion,54.0808,-3.4493,United Kingdom,5.08,126.0,100.0,5M,2012-02
4704,Ormonde,Senvion,54.0807,-3.4319,United Kingdom,5.08,126.0,100.0,5M,2012-02
4705,Ormonde,Senvion,54.0712,-3.4311,United Kingdom,5.08,126.0,100.0,5M,2012-02
4706,Ormonde,Senvion,54.0743,-3.4199,United Kingdom,5.08,126.0,100.0,5M,2012-02
4707,Ormonde,Senvion,54.0904,-3.4499,United Kingdom,5.08,126.0,100.0,5M,2012-02
4708,Ormonde,Senvion,54.0744,-3.4372,United Kingdom,5.08,126.0,100.0,5M,2012-02
4709,Ormonde,Senvion,54.0775,-3.4258,United Kingdom,5.08,126.0,100.0,5M,2012-02
4710,Ormonde,Senvion,54.0776,-3.4432,United Kingdom,5.08,126.0,100.0,5M,2012-02
4711,Ormonde,Senvion,54.0937,-3.4385,United Kingdom,5.08,126.0,100.0,5M,2012-02
4712,Ormonde,Senvion,54.0805,-3.4147,United Kingdom,5.08,126.0,100.0,5M,2012-02
4713,Ormonde,Senvion,54.0834,-3.4037,United Kingdom,5.08,126.0,100.0,5M,2012-02
4714,Ormonde,Senvion,54.0902,-3.4677,United Kingdom,5.08,126.0,100.0,5M,2012-02
4715,Ormonde,Senvion,54.0937,-3.456,United Kingdom,5.08,126.0,100.0,5M,2012-02
4716,Ormonde,Senvion,54.0936,-3.4212,United Kingdom,5.08,126.0,100.0,5M,2012-02
4717,Ormonde,Senvion,54.1037,-3.4388,United Kingdom,5.08,126.0,100.0,5M,2012-02
4718,Ormonde,Senvion,54.1003,-3.4503,United Kingdom,5.08,126.0,100.0,5M,2012-02
4719,Ormonde,Senvion,54.1003,-3.4329,United Kingdom,5.08,126.0,100.0,5M,2012-02
4720,Ormonde,Senvion,54.1071,-3.4446,United Kingdom,5.08,126.0,100.0,5M,2012-02
4721,Ormonde,Senvion,54.0969,-3.462,United Kingdom,5.08,126.0,100.0,5M,2012-02
4722,Ormonde,Senvion,54.087,-3.4615,United Kingdom,5.08,126.0,100.0,5M,2012-02
4723,Ormonde,Senvion,54.0838,-3.4207,United Kingdom,5.08,126.0,100.0,5M,2012-02
4724,Provence Grand Large Faraman,Siemens Gamesa,43.1901,4.7941,France,8.0,167.0,109.0,SG 8.0-167 DD,2025-06
4725,Provence Grand Large Faraman,Siemens Gamesa,43.1968,4.8002,France,8.0,167.0,109.0,SG 8.0-167 DD,2025-06
4726,Provence Grand Large Faraman,Siemens Gamesa,43.1832,4.7877,France,8.0,167.0,109.0,SG 8.0-167 DD,2025-06
4727,Race Bank,Siemens,53.3271,0.7845,United Kingdom,6.0,154.0,110.0,SWT-6.0-154,2018-02
4728,Race Bank,Siemens,53.335,0.8042,United Kingdom,6.0,154.0,110.0,SWT-6.0-154,2018-02
4729,Race Bank,Siemens,53.2635,0.8444,United Kingdom,6.0,154.0,110.0,SWT-6.0-154,2018-02
4730,Race Bank,Siemens,53.259,0.8325,United Kingdom,6.0,154.0,110.0,SWT-6.0-154,2018-02
4731,Race Bank,Siemens,53.228,0.9009,United Kingdom,6.0,154.0,110.0,SWT-6.0-154,2018-02
4732,Race Bank,Siemens,53.2849,0.8565,United Kingdom,6.0,154.0,110.0,SWT-6.0-154,2018-02
4733,Race Bank,Siemens,53.2805,0.845,United Kingdom,6.0,154.0,110.0,SWT-6.0-154,2018-02
4734,Race Bank,Siemens,53.2347,0.9065,United Kingdom,6.0,154.0,110.0,SWT-6.0-154,2018-02
4735,Race Bank,Siemens,53.2414,0.9127,United Kingdom,6.0,154.0,110.0,SWT-6.0-154,2018-02
4736,Race Bank,Siemens,53.2488,0.9197,United Kingdom,6.0,154.0,110.0,SWT-6.0-154,2018-02
4737,Race Bank,Siemens,53.2639,0.8182,United Kingdom,6.0,154.0,110.0,SWT-6.0-154,2018-02
4738,Race Bank,Siemens,53.2718,0.8445,United Kingdom,6.0,154.0,110.0,SWT-6.0-154,2018-02
4739,Race Bank,Siemens,53.2554,0.9246,United Kingdom,6.0,154.0,110.0,SWT-6.0-154,2018-02
4740,Race Bank,Siemens,53.2616,0.9312,United Kingdom,6.0,154.0,110.0,SWT-6.0-154,2018-02
4741,Race Bank,Siemens,53.2808,0.8686,United Kingdom,6.0,154.0,110.0,SWT-6.0-154,2018-02
4742,Race Bank,Siemens,53.2781,0.8799,United Kingdom,6.0,154.0,110.0,SWT-6.0-154,2018-02
4743,Race Bank,Siemens,53.273,0.8676,United Kingdom,6.0,154.0,110.0,SWT-6.0-154,2018-02
4744,Race Bank,Siemens,53.257,0.816,United Kingdom,6.0,154.0,110.0,SWT-6.0-154,2018-02
4745,Race Bank,Siemens,53.2677,0.8568,United Kingdom,6.0,154.0,110.0,SWT-6.0-154,2018-02
4746,Race Bank,Siemens,53.2677,0.8323,United Kingdom,6.0,154.0,110.0,SWT-6.0-154,2018-02
4747,Race Bank,Siemens,53.2963,0.7962,United Kingdom,6.0,154.0,110.0,SWT-6.0-154,2018-02
4748,Race Bank,Siemens,53.3042,0.7968,United Kingdom,6.0,154.0,110.0,SWT-6.0-154,2018-02
4749,Race Bank,Siemens,53.3014,0.8131,United Kingdom,6.0,154.0,110.0,SWT-6.0-154,2018-02
4750,Race Bank,Siemens,53.3347,0.7891,United Kingdom,6.0,154.0,110.0,SWT-6.0-154,2018-02
4751,Race Bank,Siemens,53.3341,0.7766,United Kingdom,6.0,154.0,110.0,SWT-6.0-154,2018-02
4752,Race Bank,Siemens,53.2825,0.8312,United Kingdom,6.0,154.0,110.0,SWT-6.0-154,2018-02
4753,Race Bank,Siemens,53.3095,0.8139,United Kingdom,6.0,154.0,110.0,SWT-6.0-154,2018-02
4754,Race Bank,Siemens,53.3116,0.7723,United Kingdom,6.0,154.0,110.0,SWT-6.0-154,2018-02
4755,Race Bank,Siemens,53.3035,0.7718,United Kingdom,6.0,154.0,110.0,SWT-6.0-154,2018-02
4756,Race Bank,Siemens,53.2893,0.7792,United Kingdom,6.0,154.0,110.0,SWT-6.0-154,2018-02
4757,Race Bank,Siemens,53.2779,0.8182,United Kingdom,6.0,154.0,110.0,SWT-6.0-154,2018-02
4758,Race Bank,Siemens,53.2766,0.8043,United Kingdom,6.0,154.0,110.0,SWT-6.0-154,2018-02
4759,Race Bank,Siemens,53.262,0.9001,United Kingdom,6.0,154.0,110.0,SWT-6.0-154,2018-02
4760,Race Bank,Siemens,53.2865,0.8209,United Kingdom,6.0,154.0,110.0,SWT-6.0-154,2018-02
4761,Race Bank,Siemens,53.3042,0.7848,United Kingdom,6.0,154.0,110.0,SWT-6.0-154,2018-02
4762,Race Bank,Siemens,53.2818,0.7824,United Kingdom,6.0,154.0,110.0,SWT-6.0-154,2018-02
4763,Race Bank,Siemens,53.2888,0.7942,United Kingdom,6.0,154.0,110.0,SWT-6.0-154,2018-02
4764,Race Bank,Siemens,53.2813,0.7951,United Kingdom,6.0,154.0,110.0,SWT-6.0-154,2018-02
4765,Race Bank,Siemens,53.2943,0.8217,United Kingdom,6.0,154.0,110.0,SWT-6.0-154,2018-02
4766,Race Bank,Siemens,53.2967,0.7834,United Kingdom,6.0,154.0,110.0,SWT-6.0-154,2018-02
4767,Race Bank,Siemens,53.296,0.7714,United Kingdom,6.0,154.0,110.0,SWT-6.0-154,2018-02
4768,Race Bank,Siemens,53.2989,0.8346,United Kingdom,6.0,154.0,110.0,SWT-6.0-154,2018-02
4769,Race Bank,Siemens,53.3349,0.8187,United Kingdom,6.0,154.0,110.0,SWT-6.0-154,2018-02
4770,Race Bank,Siemens,53.2843,0.8083,United Kingdom,6.0,154.0,110.0,SWT-6.0-154,2018-02
4771,Race Bank,Siemens,53.2231,0.8912,United Kingdom,6.0,154.0,110.0,SWT-6.0-154,2018-02
4772,Race Bank,Siemens,53.3267,0.7735,United Kingdom,6.0,154.0,110.0,SWT-6.0-154,2018-02
4773,Race Bank,Siemens,53.2531,0.8814,United Kingdom,6.0,154.0,110.0,SWT-6.0-154,2018-02
4774,Race Bank,Siemens,53.3152,0.8272,United Kingdom,6.0,154.0,110.0,SWT-6.0-154,2018-02
4775,Race Bank,Siemens,53.3116,0.7833,United Kingdom,6.0,154.0,110.0,SWT-6.0-154,2018-02
4776,Race Bank,Siemens,53.3118,0.7986,United Kingdom,6.0,154.0,110.0,SWT-6.0-154,2018-02
4777,Race Bank,Siemens,53.3285,0.8115,United Kingdom,6.0,154.0,110.0,SWT-6.0-154,2018-02
4778,Race Bank,Siemens,53.2889,0.8445,United Kingdom,6.0,154.0,110.0,SWT-6.0-154,2018-02
4779,Race Bank,Siemens,53.2772,0.8567,United Kingdom,6.0,154.0,110.0,SWT-6.0-154,2018-02
4780,Race Bank,Siemens,53.2752,0.8322,United Kingdom,6.0,154.0,110.0,SWT-6.0-154,2018-02
4781,Race Bank,Siemens,53.2395,0.891,United Kingdom,6.0,154.0,110.0,SWT-6.0-154,2018-02
4782,Race Bank,Siemens,53.2444,0.9007,United Kingdom,6.0,154.0,110.0,SWT-6.0-154,2018-02
4783,Race Bank,Siemens,53.251,0.9074,United Kingdom,6.0,154.0,110.0,SWT-6.0-154,2018-02
4784,Race Bank,Siemens,53.2588,0.9113,United Kingdom,6.0,154.0,110.0,SWT-6.0-154,2018-02
4785,Race Bank,Siemens,53.2658,0.9175,United Kingdom,6.0,154.0,110.0,SWT-6.0-154,2018-02
4786,Race Bank,Siemens,53.2474,0.889,United Kingdom,6.0,154.0,110.0,SWT-6.0-154,2018-02
4787,Race Bank,Siemens,53.2352,0.8781,United Kingdom,6.0,154.0,110.0,SWT-6.0-154,2018-02
4788,Race Bank,Siemens,53.2306,0.868,United Kingdom,6.0,154.0,110.0,SWT-6.0-154,2018-02
4789,Race Bank,Siemens,53.2349,0.8545,United Kingdom,6.0,154.0,110.0,SWT-6.0-154,2018-02
4790,Race Bank,Siemens,53.238,0.8661,United Kingdom,6.0,154.0,110.0,SWT-6.0-154,2018-02
4791,Race Bank,Siemens,53.2441,0.8265,United Kingdom,6.0,154.0,110.0,SWT-6.0-154,2018-02
4792,Race Bank,Siemens,53.2437,0.8773,United Kingdom,6.0,154.0,110.0,SWT-6.0-154,2018-02
4793,Race Bank,Siemens,53.3188,0.8147,United Kingdom,6.0,154.0,110.0,SWT-6.0-154,2018-02
4794,Race Bank,Siemens,53.3203,0.8012,United Kingdom,6.0,154.0,110.0,SWT-6.0-154,2018-02
4795,Race Bank,Siemens,53.2323,0.889,United Kingdom,6.0,154.0,110.0,SWT-6.0-154,2018-02
4796,Race Bank,Siemens,53.3251,0.8233,United Kingdom,6.0,154.0,110.0,SWT-6.0-154,2018-02
4797,Race Bank,Siemens,53.2466,0.8653,United Kingdom,6.0,154.0,110.0,SWT-6.0-154,2018-02
4798,Race Bank,Siemens,53.2426,0.8542,United Kingdom,6.0,154.0,110.0,SWT-6.0-154,2018-02
4799,Race Bank,Siemens,53.3195,0.7736,United Kingdom,6.0,154.0,110.0,SWT-6.0-154,2018-02
4800,Race Bank,Siemens,53.2392,0.8419,United Kingdom,6.0,154.0,110.0,SWT-6.0-154,2018-02
4801,Race Bank,Siemens,53.2504,0.8545,United Kingdom,6.0,154.0,110.0,SWT-6.0-154,2018-02
4802,Race Bank,Siemens,53.2468,0.8402,United Kingdom,6.0,154.0,110.0,SWT-6.0-154,2018-02
4803,Race Bank,Siemens,53.2746,0.8915,United Kingdom,6.0,154.0,110.0,SWT-6.0-154,2018-02
4804,Race Bank,Siemens,53.2692,0.8785,United Kingdom,6.0,154.0,110.0,SWT-6.0-154,2018-02
4805,Race Bank,Siemens,53.2646,0.8693,United Kingdom,6.0,154.0,110.0,SWT-6.0-154,2018-02
4806,Race Bank,Siemens,53.2588,0.8538,United Kingdom,6.0,154.0,110.0,SWT-6.0-154,2018-02
4807,Race Bank,Siemens,53.2271,0.8792,United Kingdom,6.0,154.0,110.0,SWT-6.0-154,2018-02
4808,Race Bank,Siemens,53.2525,0.8267,United Kingdom,6.0,154.0,110.0,SWT-6.0-154,2018-02
4809,Race Bank,Siemens,53.3288,0.7971,United Kingdom,6.0,154.0,110.0,SWT-6.0-154,2018-02
4810,Race Bank,Siemens,53.3056,0.8279,United Kingdom,6.0,154.0,110.0,SWT-6.0-154,2018-02
4811,Race Bank,Siemens,53.2545,0.8437,United Kingdom,6.0,154.0,110.0,SWT-6.0-154,2018-02
4812,Race Bank,Siemens,53.2707,0.8129,United Kingdom,6.0,154.0,110.0,SWT-6.0-154,2018-02
4813,Race Bank,Siemens,53.2696,0.9047,United Kingdom,6.0,154.0,110.0,SWT-6.0-154,2018-02
4814,Race Bank,Siemens,53.2543,0.894,United Kingdom,6.0,154.0,110.0,SWT-6.0-154,2018-02
4815,Race Bank,Siemens,53.2604,0.8802,United Kingdom,6.0,154.0,110.0,SWT-6.0-154,2018-02
4816,Race Bank,Siemens,53.2481,0.8159,United Kingdom,6.0,154.0,110.0,SWT-6.0-154,2018-02
4817,Race Bank,Siemens,53.2664,0.8903,United Kingdom,6.0,154.0,110.0,SWT-6.0-154,2018-02
4818,Rampion,Vestas,50.64,-0.3203,United Kingdom,3.45,112.0,80.0,V112-3.45 MW Offshore,2018-11
4819,Rampion,Vestas,50.6381,-0.31,United Kingdom,3.45,112.0,80.0,V112-3.45 MW Offshore,2018-11
4820,Rampion,Vestas,50.672,-0.3208,United Kingdom,3.45,112.0,80.0,V112-3.45 MW Offshore,2018-11
4821,Rampion,Vestas,50.6652,-0.3188,United Kingdom,3.45,112.0,80.0,V112-3.45 MW Offshore,2018-11
4822,Rampion,Vestas,50.6583,-0.3164,United Kingdom,3.45,112.0,80.0,V112-3.45 MW Offshore,2018-11
4823,Rampion,Vestas,50.6516,-0.3144,United Kingdom,3.45,112.0,80.0,V112-3.45 MW Offshore,2018-11
4824,Rampion,Vestas,50.6448,-0.3122,United Kingdom,3.45,112.0,80.0,V112-3.45 MW Offshore,2018-11
4825,Rampion,Vestas,50.6788,-0.323,United Kingdom,3.45,112.0,80.0,V112-3.45 MW Offshore,2018-11
4826,Rampion,Vestas,50.6963,-0.2132,United Kingdom,3.45,112.0,80.0,V112-3.45 MW Offshore,2018-11
4827,Rampion,Vestas,50.6457,-0.351,United Kingdom,3.45,112.0,80.0,V112-3.45 MW Offshore,2018-11
4828,Rampion,Vestas,50.7009,-0.2053,United Kingdom,3.45,112.0,80.0,V112-3.45 MW Offshore,2018-11
4829,Rampion,Vestas,50.6872,-0.201,United Kingdom,3.45,112.0,80.0,V112-3.45 MW Offshore,2018-11
4830,Rampion,Vestas,50.6846,-0.3538,United Kingdom,3.45,112.0,80.0,V112-3.45 MW Offshore,2018-11
4831,Rampion,Vestas,50.6797,-0.3619,United Kingdom,3.45,112.0,80.0,V112-3.45 MW Offshore,2018-11
4832,Rampion,Vestas,50.6729,-0.3597,United Kingdom,3.45,112.0,80.0,V112-3.45 MW Offshore,2018-11
4833,Rampion,Vestas,50.667,-0.3578,United Kingdom,3.45,112.0,80.0,V112-3.45 MW Offshore,2018-11
4834,Rampion,Vestas,50.6593,-0.3553,United Kingdom,3.45,112.0,80.0,V112-3.45 MW Offshore,2018-11
4835,Rampion,Vestas,50.6389,-0.3488,United Kingdom,3.45,112.0,80.0,V112-3.45 MW Offshore,2018-11
4836,Rampion,Vestas,50.6904,-0.3172,United Kingdom,3.45,112.0,80.0,V112-3.45 MW Offshore,2018-11
4837,Rampion,Vestas,50.6352,-0.3283,United Kingdom,3.45,112.0,80.0,V112-3.45 MW Offshore,2018-11
4838,Rampion,Vestas,50.6837,-0.315,United Kingdom,3.45,112.0,80.0,V112-3.45 MW Offshore,2018-11
4839,Rampion,Vestas,50.7046,-0.2258,United Kingdom,3.45,112.0,80.0,V112-3.45 MW Offshore,2018-11
4840,Rampion,Vestas,50.6702,-0.3107,United Kingdom,3.45,112.0,80.0,V112-3.45 MW Offshore,2018-11
4841,Rampion,Vestas,50.6712,-0.2148,United Kingdom,3.45,112.0,80.0,V112-3.45 MW Offshore,2018-11
4842,Rampion,Vestas,50.6497,-0.3041,United Kingdom,3.45,112.0,80.0,V112-3.45 MW Offshore,2018-11
4843,Rampion,Vestas,50.6979,-0.2236,United Kingdom,3.45,112.0,80.0,V112-3.45 MW Offshore,2018-11
4844,Rampion,Vestas,50.6913,-0.2213,United Kingdom,3.45,112.0,80.0,V112-3.45 MW Offshore,2018-11
4845,Rampion,Vestas,50.6844,-0.2191,United Kingdom,3.45,112.0,80.0,V112-3.45 MW Offshore,2018-11
4846,Rampion,Vestas,50.6775,-0.2174,United Kingdom,3.45,112.0,80.0,V112-3.45 MW Offshore,2018-11
4847,Rampion,Vestas,50.6825,-0.2091,United Kingdom,3.45,112.0,80.0,V112-3.45 MW Offshore,2018-11
4848,Rampion,Vestas,50.6643,-0.2124,United Kingdom,3.45,112.0,80.0,V112-3.45 MW Offshore,2018-11
4849,Rampion,Vestas,50.6576,-0.2102,United Kingdom,3.45,112.0,80.0,V112-3.45 MW Offshore,2018-11
4850,Rampion,Vestas,50.6769,-0.3127,United Kingdom,3.45,112.0,80.0,V112-3.45 MW Offshore,2018-11
4851,Rampion,Vestas,50.6625,-0.2022,United Kingdom,3.45,112.0,80.0,V112-3.45 MW Offshore,2018-11
4852,Rampion,Vestas,50.6761,-0.2064,United Kingdom,3.45,112.0,80.0,V112-3.45 MW Offshore,2018-11
4853,Rampion,Vestas,50.6892,-0.2111,United Kingdom,3.45,112.0,80.0,V112-3.45 MW Offshore,2018-11
4854,Rampion,Vestas,50.6931,-0.2316,United Kingdom,3.45,112.0,80.0,V112-3.45 MW Offshore,2018-11
4855,Rampion,Vestas,50.6999,-0.2336,United Kingdom,3.45,112.0,80.0,V112-3.45 MW Offshore,2018-11
4856,Rampion,Vestas,50.6731,-0.2923,United Kingdom,3.45,112.0,80.0,V112-3.45 MW Offshore,2018-11
4857,Rampion,Vestas,50.6467,-0.3224,United Kingdom,3.45,112.0,80.0,V112-3.45 MW Offshore,2018-11
4858,Rampion,Vestas,50.6855,-0.3254,United Kingdom,3.45,112.0,80.0,V112-3.45 MW Offshore,2018-11
4859,Rampion,Vestas,50.7032,-0.2152,United Kingdom,3.45,112.0,80.0,V112-3.45 MW Offshore,2018-11
4860,Rampion,Vestas,50.6633,-0.3083,United Kingdom,3.45,112.0,80.0,V112-3.45 MW Offshore,2018-11
4861,Rampion,Vestas,50.669,-0.2045,United Kingdom,3.45,112.0,80.0,V112-3.45 MW Offshore,2018-11
4862,Rampion,Vestas,50.6419,-0.3305,United Kingdom,3.45,112.0,80.0,V112-3.45 MW Offshore,2018-11
4863,Rampion,Vestas,50.6758,-0.3412,United Kingdom,3.45,112.0,80.0,V112-3.45 MW Offshore,2018-11
4864,Rampion,Vestas,50.6574,-0.3449,United Kingdom,3.45,112.0,80.0,V112-3.45 MW Offshore,2018-11
4865,Rampion,Vestas,50.6537,-0.2573,United Kingdom,3.45,112.0,80.0,V112-3.45 MW Offshore,2018-11
4866,Rampion,Vestas,50.6469,-0.255,United Kingdom,3.45,112.0,80.0,V112-3.45 MW Offshore,2018-11
4867,Rampion,Vestas,50.6489,-0.2654,United Kingdom,3.45,112.0,80.0,V112-3.45 MW Offshore,2018-11
4868,Rampion,Vestas,50.6555,-0.2675,United Kingdom,3.45,112.0,80.0,V112-3.45 MW Offshore,2018-11
4869,Rampion,Vestas,50.6585,-0.2491,United Kingdom,3.45,112.0,80.0,V112-3.45 MW Offshore,2018-11
4870,Rampion,Vestas,50.6519,-0.2467,United Kingdom,3.45,112.0,80.0,V112-3.45 MW Offshore,2018-11
4871,Rampion,Vestas,50.6497,-0.2367,United Kingdom,3.45,112.0,80.0,V112-3.45 MW Offshore,2018-11
4872,Rampion,Vestas,50.6566,-0.2388,United Kingdom,3.45,112.0,80.0,V112-3.45 MW Offshore,2018-11
4873,Rampion,Vestas,50.6634,-0.241,United Kingdom,3.45,112.0,80.0,V112-3.45 MW Offshore,2018-11
4874,Rampion,Vestas,50.6547,-0.2286,United Kingdom,3.45,112.0,80.0,V112-3.45 MW Offshore,2018-11
4875,Rampion,Vestas,50.6882,-0.2397,United Kingdom,3.45,112.0,80.0,V112-3.45 MW Offshore,2018-11
4876,Rampion,Vestas,50.6596,-0.2204,United Kingdom,3.45,112.0,80.0,V112-3.45 MW Offshore,2018-11
4877,Rampion,Vestas,50.6662,-0.2901,United Kingdom,3.45,112.0,80.0,V112-3.45 MW Offshore,2018-11
4878,Rampion,Vestas,50.6711,-0.2821,United Kingdom,3.45,112.0,80.0,V112-3.45 MW Offshore,2018-11
4879,Rampion,Vestas,50.6644,-0.2796,United Kingdom,3.45,112.0,80.0,V112-3.45 MW Offshore,2018-11
4880,Rampion,Vestas,50.6574,-0.2777,United Kingdom,3.45,112.0,80.0,V112-3.45 MW Offshore,2018-11
4881,Rampion,Vestas,50.6507,-0.2755,United Kingdom,3.45,112.0,80.0,V112-3.45 MW Offshore,2018-11
4882,Rampion,Vestas,50.6865,-0.2294,United Kingdom,3.45,112.0,80.0,V112-3.45 MW Offshore,2018-11
4883,Rampion,Vestas,50.6731,-0.2249,United Kingdom,3.45,112.0,80.0,V112-3.45 MW Offshore,2018-11
4884,Rampion,Vestas,50.6876,-0.2682,United Kingdom,3.45,112.0,80.0,V112-3.45 MW Offshore,2018-11
4885,Rampion,Vestas,50.6847,-0.2864,United Kingdom,3.45,112.0,80.0,V112-3.45 MW Offshore,2018-11
4886,Rampion,Vestas,50.6546,-0.296,United Kingdom,3.45,112.0,80.0,V112-3.45 MW Offshore,2018-11
4887,Rampion,Vestas,50.6614,-0.2982,United Kingdom,3.45,112.0,80.0,V112-3.45 MW Offshore,2018-11
4888,Rampion,Vestas,50.6606,-0.2592,United Kingdom,3.45,112.0,80.0,V112-3.45 MW Offshore,2018-11
4889,Rampion,Vestas,50.6866,-0.2968,United Kingdom,3.45,112.0,80.0,V112-3.45 MW Offshore,2018-11
4890,Rampion,Vestas,50.6817,-0.3048,United Kingdom,3.45,112.0,80.0,V112-3.45 MW Offshore,2018-11
4891,Rampion,Vestas,50.675,-0.3025,United Kingdom,3.45,112.0,80.0,V112-3.45 MW Offshore,2018-11
4892,Rampion,Vestas,50.6667,-0.2225,United Kingdom,3.45,112.0,80.0,V112-3.45 MW Offshore,2018-11
4893,Rampion,Vestas,50.6682,-0.3004,United Kingdom,3.45,112.0,80.0,V112-3.45 MW Offshore,2018-11
4894,Rampion,Vestas,50.6594,-0.2879,United Kingdom,3.45,112.0,80.0,V112-3.45 MW Offshore,2018-11
4895,Rampion,Vestas,50.6524,-0.286,United Kingdom,3.45,112.0,80.0,V112-3.45 MW Offshore,2018-11
4896,Rampion,Vestas,50.6885,-0.307,United Kingdom,3.45,112.0,80.0,V112-3.45 MW Offshore,2018-11
4897,Rampion,Vestas,50.6653,-0.2514,United Kingdom,3.45,112.0,80.0,V112-3.45 MW Offshore,2018-11
4898,Rampion,Vestas,50.6857,-0.2578,United Kingdom,3.45,112.0,80.0,V112-3.45 MW Offshore,2018-11
4899,Rampion,Vestas,50.6789,-0.2556,United Kingdom,3.45,112.0,80.0,V112-3.45 MW Offshore,2018-11
4900,Rampion,Vestas,50.6535,-0.3246,United Kingdom,3.45,112.0,80.0,V112-3.45 MW Offshore,2018-11
4901,Rampion,Vestas,50.6604,-0.3268,United Kingdom,3.45,112.0,80.0,V112-3.45 MW Offshore,2018-11
4902,Rampion,Vestas,50.6672,-0.3288,United Kingdom,3.45,112.0,80.0,V112-3.45 MW Offshore,2018-11
4903,Rampion,Vestas,50.6739,-0.3312,United Kingdom,3.45,112.0,80.0,V112-3.45 MW Offshore,2018-11
4904,Rampion,Vestas,50.6808,-0.3333,United Kingdom,3.45,112.0,80.0,V112-3.45 MW Offshore,2018-11
4905,Rampion,Vestas,50.6877,-0.3352,United Kingdom,3.45,112.0,80.0,V112-3.45 MW Offshore,2018-11
4906,Rampion,Vestas,50.6672,-0.1942,United Kingdom,3.45,112.0,80.0,V112-3.45 MW Offshore,2018-11
4907,Rampion,Vestas,50.6826,-0.3438,United Kingdom,3.45,112.0,80.0,V112-3.45 MW Offshore,2018-11
4908,Rampion,Vestas,50.6799,-0.2945,United Kingdom,3.45,112.0,80.0,V112-3.45 MW Offshore,2018-11
4909,Rampion,Vestas,50.6554,-0.335,United Kingdom,3.45,112.0,80.0,V112-3.45 MW Offshore,2018-11
4910,Rampion,Vestas,50.6487,-0.3327,United Kingdom,3.45,112.0,80.0,V112-3.45 MW Offshore,2018-11
4911,Rampion,Vestas,50.6778,-0.3516,United Kingdom,3.45,112.0,80.0,V112-3.45 MW Offshore,2018-11
4912,Rampion,Vestas,50.6709,-0.3494,United Kingdom,3.45,112.0,80.0,V112-3.45 MW Offshore,2018-11
4913,Rampion,Vestas,50.6641,-0.3472,United Kingdom,3.45,112.0,80.0,V112-3.45 MW Offshore,2018-11
4914,Rampion,Vestas,50.6692,-0.339,United Kingdom,3.45,112.0,80.0,V112-3.45 MW Offshore,2018-11
4915,Rampion,Vestas,50.6506,-0.3426,United Kingdom,3.45,112.0,80.0,V112-3.45 MW Offshore,2018-11
4916,Rampion,Vestas,50.6737,-0.1965,United Kingdom,3.45,112.0,80.0,V112-3.45 MW Offshore,2018-11
4917,Rampion,Vestas,50.6565,-0.3064,United Kingdom,3.45,112.0,80.0,V112-3.45 MW Offshore,2018-11
4918,Rampion,Vestas,50.6721,-0.2535,United Kingdom,3.45,112.0,80.0,V112-3.45 MW Offshore,2018-11
4919,Rampion,Vestas,50.6699,-0.2435,United Kingdom,3.45,112.0,80.0,V112-3.45 MW Offshore,2018-11
4920,Rampion,Vestas,50.677,-0.2453,United Kingdom,3.45,112.0,80.0,V112-3.45 MW Offshore,2018-11
4921,Rampion,Vestas,50.6839,-0.2473,United Kingdom,3.45,112.0,80.0,V112-3.45 MW Offshore,2018-11
4922,Rampion,Vestas,50.6901,-0.2502,United Kingdom,3.45,112.0,80.0,V112-3.45 MW Offshore,2018-11
4923,Rampion,Vestas,50.697,-0.2521,United Kingdom,3.45,112.0,80.0,V112-3.45 MW Offshore,2018-11
4924,Rampion,Vestas,50.6809,-0.1984,United Kingdom,3.45,112.0,80.0,V112-3.45 MW Offshore,2018-11
4925,Rampion,Vestas,50.702,-0.2437,United Kingdom,3.45,112.0,80.0,V112-3.45 MW Offshore,2018-11
4926,Rampion,Vestas,50.6815,-0.2378,United Kingdom,3.45,112.0,80.0,V112-3.45 MW Offshore,2018-11
4927,Rampion,Vestas,50.6749,-0.2353,United Kingdom,3.45,112.0,80.0,V112-3.45 MW Offshore,2018-11
4928,Rampion,Vestas,50.6615,-0.2307,United Kingdom,3.45,112.0,80.0,V112-3.45 MW Offshore,2018-11
4929,Rampion,Vestas,50.6527,-0.2183,United Kingdom,3.45,112.0,80.0,V112-3.45 MW Offshore,2018-11
4930,Rampion,Vestas,50.6429,-0.3018,United Kingdom,3.45,112.0,80.0,V112-3.45 MW Offshore,2018-11
4931,Rampion,Vestas,50.6623,-0.3371,United Kingdom,3.45,112.0,80.0,V112-3.45 MW Offshore,2018-11
4932,Rampion,Vestas,50.695,-0.2419,United Kingdom,3.45,112.0,80.0,V112-3.45 MW Offshore,2018-11
4933,Rampion,Vestas,50.6478,-0.2938,United Kingdom,3.45,112.0,80.0,V112-3.45 MW Offshore,2018-11
4934,Renland,Vestas,56.6655,8.2188,Denmark,2.0,80.0,80.0,V80-2.0 MW,2003-01
4935,Renland,Siemens,56.6532,8.2255,Denmark,2.3,93.0,80.0,SWT-2.3-93,2003-01
4936,Renland,Siemens,56.6605,8.2215,Denmark,2.3,93.0,80.0,SWT-2.3-93,2003-01
4937,Renland,Vestas,56.6704,8.2162,Denmark,2.0,80.0,80.0,V80-2.0 MW,2003-01
4938,Renland,Vestas,56.6679,8.2175,Denmark,2.0,80.0,80.0,V80-2.0 MW,2003-01
4939,Renland,Siemens,56.6556,8.2241,Denmark,2.3,93.0,80.0,SWT-2.3-93,2003-01
4940,Renland,Siemens,56.6581,8.2228,Denmark,2.3,93.0,80.0,SWT-2.3-93,2003-01
4941,Renland,Vestas,56.663,8.2202,Denmark,2.0,80.0,80.0,V80-2.0 MW,2003-01
4942,Rentel,Siemens Gamesa,51.603,2.9249,Belgium,7.0,154.0,106.0,SWT-7.0-154,2018-12
4943,Rentel,Siemens Gamesa,51.5985,2.9134,Belgium,7.0,154.0,106.0,SWT-7.0-154,2018-12
4944,Rentel,Siemens Gamesa,51.5948,2.9212,Belgium,7.0,154.0,106.0,SWT-7.0-154,2018-12
4945,Rentel,Siemens Gamesa,51.5907,2.9274,Belgium,7.0,154.0,106.0,SWT-7.0-154,2018-12
4946,Rentel,Siemens Gamesa,51.577,2.9135,Belgium,7.0,154.0,106.0,SWT-7.0-154,2018-12
4947,Rentel,Siemens Gamesa,51.5747,2.9551,Belgium,7.0,154.0,106.0,SWT-7.0-154,2018-12
4948,Rentel,Siemens Gamesa,51.5693,2.9469,Belgium,7.0,154.0,106.0,SWT-7.0-154,2018-12
4949,Rentel,Siemens Gamesa,51.5778,2.9313,Belgium,7.0,154.0,106.0,SWT-7.0-154,2018-12
4950,Rentel,Siemens Gamesa,51.5822,2.9236,Belgium,7.0,154.0,106.0,SWT-7.0-154,2018-12
4951,Rentel,Siemens Gamesa,51.5985,2.9337,Belgium,7.0,154.0,106.0,SWT-7.0-154,2018-12
4952,Rentel,Siemens Gamesa,51.5907,2.9076,Belgium,7.0,154.0,106.0,SWT-7.0-154,2018-12
4953,Rentel,Siemens Gamesa,51.5908,2.8907,Belgium,7.0,154.0,106.0,SWT-7.0-154,2018-12
4954,Rentel,Siemens Gamesa,51.595,2.8998,Belgium,7.0,154.0,106.0,SWT-7.0-154,2018-12
4955,Rentel,Siemens Gamesa,51.5814,2.9049,Belgium,7.0,154.0,106.0,SWT-7.0-154,2018-12
4956,Rentel,Siemens Gamesa,51.5862,2.8974,Belgium,7.0,154.0,106.0,SWT-7.0-154,2018-12
4957,Rentel,Siemens Gamesa,51.5735,2.9391,Belgium,7.0,154.0,106.0,SWT-7.0-154,2018-12
4958,Rentel,Siemens Gamesa,51.5788,2.9483,Belgium,7.0,154.0,106.0,SWT-7.0-154,2018-12
4959,Rentel,Siemens Gamesa,51.5852,2.9754,Belgium,7.0,154.0,106.0,SWT-7.0-154,2018-12
4960,Rentel,Siemens Gamesa,51.5891,2.9492,Belgium,7.0,154.0,106.0,SWT-7.0-154,2018-12
4961,Rentel,Siemens Gamesa,51.564,2.9385,Belgium,7.0,154.0,106.0,SWT-7.0-154,2018-12
4962,Rentel,Siemens Gamesa,51.5939,2.9411,Belgium,7.0,154.0,106.0,SWT-7.0-154,2018-12
4963,Rentel,Siemens Gamesa,51.618,2.9554,Belgium,7.0,154.0,106.0,SWT-7.0-154,2018-12
4964,Rentel,Siemens Gamesa,51.6141,2.9617,Belgium,7.0,154.0,106.0,SWT-7.0-154,2018-12
4965,Rentel,Siemens Gamesa,51.6108,2.9686,Belgium,7.0,154.0,106.0,SWT-7.0-154,2018-12
4966,Rentel,Siemens Gamesa,51.607,2.975,Belgium,7.0,154.0,106.0,SWT-7.0-154,2018-12
4967,Rentel,Siemens Gamesa,51.6032,2.9815,Belgium,7.0,154.0,106.0,SWT-7.0-154,2018-12
4968,Rentel,Siemens Gamesa,51.5988,2.9869,Belgium,7.0,154.0,106.0,SWT-7.0-154,2018-12
4969,Rentel,Siemens Gamesa,51.5953,2.9944,Belgium,7.0,154.0,106.0,SWT-7.0-154,2018-12
4970,Rentel,Siemens Gamesa,51.5683,2.9297,Belgium,7.0,154.0,106.0,SWT-7.0-154,2018-12
4971,Rentel,Siemens Gamesa,51.5886,2.9874,Belgium,7.0,154.0,106.0,SWT-7.0-154,2018-12
4972,Rentel,Siemens Gamesa,51.5976,2.9735,Belgium,7.0,154.0,106.0,SWT-7.0-154,2018-12
4973,Rentel,Siemens Gamesa,51.6095,2.9527,Belgium,7.0,154.0,106.0,SWT-7.0-154,2018-12
4974,Rentel,Siemens Gamesa,51.613,2.9458,Belgium,7.0,154.0,106.0,SWT-7.0-154,2018-12
4975,Rentel,Siemens Gamesa,51.6074,2.936,Belgium,7.0,154.0,106.0,SWT-7.0-154,2018-12
4976,Rentel,Siemens Gamesa,51.5984,2.9515,Belgium,7.0,154.0,106.0,SWT-7.0-154,2018-12
4977,Rentel,Siemens Gamesa,51.5895,2.9673,Belgium,7.0,154.0,106.0,SWT-7.0-154,2018-12
4978,Rentel,Siemens Gamesa,51.5803,2.9647,Belgium,7.0,154.0,106.0,SWT-7.0-154,2018-12
4979,Rentel,Siemens Gamesa,51.5847,2.9569,Belgium,7.0,154.0,106.0,SWT-7.0-154,2018-12
4980,Rentel,Siemens Gamesa,51.5927,2.9803,Belgium,7.0,154.0,106.0,SWT-7.0-154,2018-12
4981,Rentel,Siemens Gamesa,51.5913,3.001,Belgium,7.0,154.0,106.0,SWT-7.0-154,2018-12
4982,Rentel,Siemens Gamesa,51.5865,2.9162,Belgium,7.0,154.0,106.0,SWT-7.0-154,2018-12
4983,Rentel,Siemens Gamesa,51.5722,2.921,Belgium,7.0,154.0,106.0,SWT-7.0-154,2018-12
4984,Rhyl Flats,Siemens,53.3701,-3.6452,United Kingdom,3.6,107.0,80.0,SWT-3.6-107,2009-12
4985,Rhyl Flats,Siemens,53.3875,-3.6789,United Kingdom,3.6,107.0,80.0,SWT-3.6-107,2009-12
4986,Rhyl Flats,Siemens,53.381,-3.6506,United Kingdom,3.6,107.0,80.0,SWT-3.6-107,2009-12
4987,Rhyl Flats,Siemens,53.3731,-3.6153,United Kingdom,3.6,107.0,80.0,SWT-3.6-107,2009-12
4988,Rhyl Flats,Siemens,53.3913,-3.6529,United Kingdom,3.6,107.0,80.0,SWT-3.6-107,2009-12
4989,Rhyl Flats,Siemens,53.3802,-3.6905,United Kingdom,3.6,107.0,80.0,SWT-3.6-107,2009-12
4990,Rhyl Flats,Siemens,53.389,-3.686,United Kingdom,3.6,107.0,80.0,SWT-3.6-107,2009-12
4991,Rhyl Flats,Siemens,53.3849,-3.6242,United Kingdom,3.6,107.0,80.0,SWT-3.6-107,2009-12
4992,Rhyl Flats,Siemens,53.3865,-3.6314,United Kingdom,3.6,107.0,80.0,SWT-3.6-107,2009-12
4993,Rhyl Flats,Siemens,53.3881,-3.6387,United Kingdom,3.6,107.0,80.0,SWT-3.6-107,2009-12
4994,Rhyl Flats,Siemens,53.3897,-3.6459,United Kingdom,3.6,107.0,80.0,SWT-3.6-107,2009-12
4995,Rhyl Flats,Siemens,53.3747,-3.6224,United Kingdom,3.6,107.0,80.0,SWT-3.6-107,2009-12
4996,Rhyl Flats,Siemens,53.3763,-3.6295,United Kingdom,3.6,107.0,80.0,SWT-3.6-107,2009-12
4997,Rhyl Flats,Siemens,53.3779,-3.6365,United Kingdom,3.6,107.0,80.0,SWT-3.6-107,2009-12
4998,Rhyl Flats,Siemens,53.3795,-3.6436,United Kingdom,3.6,107.0,80.0,SWT-3.6-107,2009-12
4999,Rhyl Flats,Siemens,53.3687,-3.6393,United Kingdom,3.6,107.0,80.0,SWT-3.6-107,2009-12
5000,Rhyl Flats,Siemens,53.3715,-3.6517,United Kingdom,3.6,107.0,80.0,SWT-3.6-107,2009-12
5001,Rhyl Flats,Siemens,53.373,-3.6582,United Kingdom,3.6,107.0,80.0,SWT-3.6-107,2009-12
5002,Rhyl Flats,Siemens,53.3744,-3.6646,United Kingdom,3.6,107.0,80.0,SWT-3.6-107,2009-12
5003,Rhyl Flats,Siemens,53.3759,-3.6711,United Kingdom,3.6,107.0,80.0,SWT-3.6-107,2009-12
5004,Rhyl Flats,Siemens,53.3773,-3.6776,United Kingdom,3.6,107.0,80.0,SWT-3.6-107,2009-12
5005,Rhyl Flats,Siemens,53.3788,-3.6841,United Kingdom,3.6,107.0,80.0,SWT-3.6-107,2009-12
5006,Rhyl Flats,Siemens,53.3842,-3.6648,United Kingdom,3.6,107.0,80.0,SWT-3.6-107,2009-12
5007,Rhyl Flats,Siemens,53.3858,-3.6719,United Kingdom,3.6,107.0,80.0,SWT-3.6-107,2009-12
5008,Rhyl Flats,Siemens,53.3816,-3.6099,United Kingdom,3.6,107.0,80.0,SWT-3.6-107,2009-12
5009,Riffgat,Siemens,53.6854,6.4653,Germany,3.6,120.0,90.0,SWT-3.6-120,2014-03
5010,Riffgat,Siemens,53.6843,6.4571,Germany,3.6,120.0,90.0,SWT-3.6-120,2014-03
5011,Riffgat,Siemens,53.6948,6.453,Germany,3.6,120.0,90.0,SWT-3.6-120,2014-03
5012,Riffgat,Siemens,53.6866,6.4735,Germany,3.6,120.0,90.0,SWT-3.6-120,2014-03
5013,Riffgat,Siemens,53.7028,6.51,Germany,3.6,120.0,90.0,SWT-3.6-120,2014-03
5014,Riffgat,Siemens,53.6994,6.4856,Germany,3.6,120.0,90.0,SWT-3.6-120,2014-03
5015,Riffgat,Siemens,53.7005,6.4937,Germany,3.6,120.0,90.0,SWT-3.6-120,2014-03
5016,Riffgat,Siemens,53.7017,6.5019,Germany,3.6,120.0,90.0,SWT-3.6-120,2014-03
5017,Riffgat,Siemens,53.6831,6.449,Germany,3.6,120.0,90.0,SWT-3.6-120,2014-03
5018,Riffgat,Siemens,53.6918,6.4714,Germany,3.6,120.0,90.0,SWT-3.6-120,2014-03
5019,Riffgat,Siemens,53.6971,6.4693,Germany,3.6,120.0,90.0,SWT-3.6-120,2014-03
5020,Riffgat,Siemens,53.6982,6.4774,Germany,3.6,120.0,90.0,SWT-3.6-120,2014-03
5021,Riffgat,Siemens,53.6964,6.504,Germany,3.6,120.0,90.0,SWT-3.6-120,2014-03
5022,Riffgat,Siemens,53.6959,6.4611,Germany,3.6,120.0,90.0,SWT-3.6-120,2014-03
5023,Riffgat,Siemens,53.6953,6.4958,Germany,3.6,120.0,90.0,SWT-3.6-120,2014-03
5024,Riffgat,Siemens,53.6941,6.4877,Germany,3.6,120.0,90.0,SWT-3.6-120,2014-03
5025,Riffgat,Siemens,53.682,6.4408,Germany,3.6,120.0,90.0,SWT-3.6-120,2014-03
5026,Riffgat,Siemens,53.693,6.4795,Germany,3.6,120.0,90.0,SWT-3.6-120,2014-03
5027,Riffgat,Siemens,53.6936,6.4448,Germany,3.6,120.0,90.0,SWT-3.6-120,2014-03
5028,Riffgat,Siemens,53.6873,6.4388,Germany,3.6,120.0,90.0,SWT-3.6-120,2014-03
5029,Riffgat,Siemens,53.6877,6.4816,Germany,3.6,120.0,90.0,SWT-3.6-120,2014-03
5030,Riffgat,Siemens,53.6884,6.4469,Germany,3.6,120.0,90.0,SWT-3.6-120,2014-03
5031,Riffgat,Siemens,53.6895,6.4551,Germany,3.6,120.0,90.0,SWT-3.6-120,2014-03
5032,Riffgat,Siemens,53.69,6.4979,Germany,3.6,120.0,90.0,SWT-3.6-120,2014-03
5033,Riffgat,Siemens,53.6889,6.4898,Germany,3.6,120.0,90.0,SWT-3.6-120,2014-03
5034,Riffgat,Siemens,53.6912,6.5061,Germany,3.6,120.0,90.0,SWT-3.6-120,2014-03
5035,Riffgat,Siemens,53.6976,6.5121,Germany,3.6,120.0,90.0,SWT-3.6-120,2014-03
5036,Riffgat,Siemens,53.6925,6.4367,Germany,3.6,120.0,90.0,SWT-3.6-120,2014-03
5037,Riffgat,Siemens,53.6923,6.5142,Germany,3.6,120.0,90.0,SWT-3.6-120,2014-03
5038,Riffgat,Siemens,53.6907,6.4632,Germany,3.6,120.0,90.0,SWT-3.6-120,2014-03
5039,Robin Rigg West,Vestas,54.7589,-3.7401,United Kingdom,3.0,90.0,80.0,V90-3.0 MW Offshore,2010-09
5040,Robin Rigg West,Vestas,54.7557,-3.7266,United Kingdom,3.0,90.0,80.0,V90-3.0 MW Offshore,2010-09
5041,Robin Rigg West,Vestas,54.7551,-3.7431,United Kingdom,3.0,90.0,80.0,V90-3.0 MW Offshore,2010-09
5042,Robin Rigg West,Vestas,54.7578,-3.7174,United Kingdom,3.0,90.0,80.0,V90-3.0 MW Offshore,2010-09
5043,Robin Rigg West,Vestas,54.7578,-3.7333,United Kingdom,3.0,90.0,80.0,V90-3.0 MW Offshore,2010-09
5044,Robin Rigg West,Vestas,54.7601,-3.7083,United Kingdom,3.0,90.0,80.0,V90-3.0 MW Offshore,2010-09
5045,Robin Rigg West,Vestas,54.7595,-3.7242,United Kingdom,3.0,90.0,80.0,V90-3.0 MW Offshore,2010-09
5046,Robin Rigg West,Vestas,54.7528,-3.6978,United Kingdom,3.0,90.0,80.0,V90-3.0 MW Offshore,2010-09
5047,Robin Rigg West,Vestas,54.7612,-3.7311,United Kingdom,3.0,90.0,80.0,V90-3.0 MW Offshore,2010-09
5048,Robin Rigg West,Vestas,54.7635,-3.7216,United Kingdom,3.0,90.0,80.0,V90-3.0 MW Offshore,2010-09
5049,Robin Rigg West,Vestas,54.7626,-3.7368,United Kingdom,3.0,90.0,80.0,V90-3.0 MW Offshore,2010-09
5050,Robin Rigg West,Vestas,54.7534,-3.7364,United Kingdom,3.0,90.0,80.0,V90-3.0 MW Offshore,2010-09
5051,Robin Rigg West,Vestas,54.7475,-3.6939,United Kingdom,3.0,90.0,80.0,V90-3.0 MW Offshore,2010-09
5052,Robin Rigg West,Vestas,54.7546,-3.7043,United Kingdom,3.0,90.0,80.0,V90-3.0 MW Offshore,2010-09
5053,Robin Rigg West,Vestas,54.7617,-3.7145,United Kingdom,3.0,90.0,80.0,V90-3.0 MW Offshore,2010-09
5054,Robin Rigg West,Vestas,54.7541,-3.72,United Kingdom,3.0,90.0,80.0,V90-3.0 MW Offshore,2010-09
5055,Robin Rigg West,Vestas,54.7607,-3.6926,United Kingdom,3.0,90.0,80.0,V90-3.0 MW Offshore,2010-09
5056,Robin Rigg West,Vestas,54.7673,-3.7188,United Kingdom,3.0,90.0,80.0,V90-3.0 MW Offshore,2010-09
5057,Robin Rigg West,Vestas,54.7624,-3.6839,United Kingdom,3.0,90.0,80.0,V90-3.0 MW Offshore,2010-09
5058,Robin Rigg West,Vestas,54.764,-3.7057,United Kingdom,3.0,90.0,80.0,V90-3.0 MW Offshore,2010-09
5059,Robin Rigg West,Vestas,54.7645,-3.6899,United Kingdom,3.0,90.0,80.0,V90-3.0 MW Offshore,2010-09
5060,Robin Rigg West,Vestas,54.7659,-3.6963,United Kingdom,3.0,90.0,80.0,V90-3.0 MW Offshore,2010-09
5061,Robin Rigg West,Vestas,54.7676,-3.7031,United Kingdom,3.0,90.0,80.0,V90-3.0 MW Offshore,2010-09
5062,Robin Rigg West,Vestas,54.7656,-3.7121,United Kingdom,3.0,90.0,80.0,V90-3.0 MW Offshore,2010-09
5063,Robin Rigg West,Vestas,54.7394,-3.715,United Kingdom,3.0,90.0,80.0,V90-3.0 MW Offshore,2010-09
5064,Robin Rigg West,Vestas,54.7436,-3.7348,United Kingdom,3.0,90.0,80.0,V90-3.0 MW Offshore,2010-09
5065,Robin Rigg West,Vestas,54.7421,-3.7282,United Kingdom,3.0,90.0,80.0,V90-3.0 MW Offshore,2010-09
5066,Robin Rigg West,Vestas,54.7353,-3.7177,United Kingdom,3.0,90.0,80.0,V90-3.0 MW Offshore,2010-09
5067,Robin Rigg West,Vestas,54.7408,-3.7215,United Kingdom,3.0,90.0,80.0,V90-3.0 MW Offshore,2010-09
5068,Robin Rigg West,Vestas,54.7404,-3.6988,United Kingdom,3.0,90.0,80.0,V90-3.0 MW Offshore,2010-09
5069,Robin Rigg West,Vestas,54.7585,-3.7016,United Kingdom,3.0,90.0,80.0,V90-3.0 MW Offshore,2010-09
5070,Robin Rigg West,Vestas,54.7383,-3.7309,United Kingdom,3.0,90.0,80.0,V90-3.0 MW Offshore,2010-09
5071,Robin Rigg West,Vestas,54.7379,-3.7083,United Kingdom,3.0,90.0,80.0,V90-3.0 MW Offshore,2010-09
5072,Robin Rigg West,Vestas,54.7368,-3.7242,United Kingdom,3.0,90.0,80.0,V90-3.0 MW Offshore,2010-09
5073,Robin Rigg West,Vestas,54.7365,-3.7021,United Kingdom,3.0,90.0,80.0,V90-3.0 MW Offshore,2010-09
5074,Robin Rigg West,Vestas,54.7622,-3.6988,United Kingdom,3.0,90.0,80.0,V90-3.0 MW Offshore,2010-09
5075,Robin Rigg West,Vestas,54.7434,-3.7122,United Kingdom,3.0,90.0,80.0,V90-3.0 MW Offshore,2010-09
5076,Robin Rigg West,Vestas,54.7418,-3.7055,United Kingdom,3.0,90.0,80.0,V90-3.0 MW Offshore,2010-09
5077,Robin Rigg West,Vestas,54.7552,-3.6886,United Kingdom,3.0,90.0,80.0,V90-3.0 MW Offshore,2010-09
5078,Robin Rigg West,Vestas,54.7569,-3.6954,United Kingdom,3.0,90.0,80.0,V90-3.0 MW Offshore,2010-09
5079,Robin Rigg West,Vestas,54.7525,-3.7136,United Kingdom,3.0,90.0,80.0,V90-3.0 MW Offshore,2010-09
5080,Robin Rigg West,Vestas,54.7518,-3.7292,United Kingdom,3.0,90.0,80.0,V90-3.0 MW Offshore,2010-09
5081,Robin Rigg West,Vestas,54.7503,-3.7225,United Kingdom,3.0,90.0,80.0,V90-3.0 MW Offshore,2010-09
5082,Robin Rigg West,Vestas,54.7497,-3.7389,United Kingdom,3.0,90.0,80.0,V90-3.0 MW Offshore,2010-09
5083,Robin Rigg West,Vestas,54.7491,-3.7004,United Kingdom,3.0,90.0,80.0,V90-3.0 MW Offshore,2010-09
5084,Robin Rigg West,Vestas,54.7487,-3.7163,United Kingdom,3.0,90.0,80.0,V90-3.0 MW Offshore,2010-09
5085,Robin Rigg West,Vestas,54.7479,-3.7319,United Kingdom,3.0,90.0,80.0,V90-3.0 MW Offshore,2010-09
5086,Robin Rigg West,Vestas,54.7472,-3.7095,United Kingdom,3.0,90.0,80.0,V90-3.0 MW Offshore,2010-09
5087,Robin Rigg West,Vestas,54.7508,-3.7067,United Kingdom,3.0,90.0,80.0,V90-3.0 MW Offshore,2010-09
5088,Robin Rigg West,Vestas,54.7456,-3.703,United Kingdom,3.0,90.0,80.0,V90-3.0 MW Offshore,2010-09
5089,Robin Rigg West,Vestas,54.745,-3.7188,United Kingdom,3.0,90.0,80.0,V90-3.0 MW Offshore,2010-09
5090,Robin Rigg West,Vestas,54.744,-3.6963,United Kingdom,3.0,90.0,80.0,V90-3.0 MW Offshore,2010-09
5091,Robin Rigg West,Vestas,54.7652,-3.7283,United Kingdom,3.0,90.0,80.0,V90-3.0 MW Offshore,2010-09
5092,Robin Rigg West,Vestas,54.7563,-3.711,United Kingdom,3.0,90.0,80.0,V90-3.0 MW Offshore,2010-09
5093,Robin Rigg West,Vestas,54.759,-3.6862,United Kingdom,3.0,90.0,80.0,V90-3.0 MW Offshore,2010-09
5094,Robin Rigg West,Vestas,54.7699,-3.6935,United Kingdom,3.0,90.0,80.0,V90-3.0 MW Offshore,2010-09
5095,Robin Rigg West,Vestas,54.7513,-3.6914,United Kingdom,3.0,90.0,80.0,V90-3.0 MW Offshore,2010-09
5096,Robin Rigg West,Vestas,54.7464,-3.7255,United Kingdom,3.0,90.0,80.0,V90-3.0 MW Offshore,2010-09
5097,Rodsand II,Siemens,54.5433,11.5278,Denmark,2.3,93.0,68.5,SWT-2.3-93,2010-10
5098,Rodsand II,Siemens,54.543,11.5609,Denmark,2.3,93.0,68.5,SWT-2.3-93,2010-10
5099,Rodsand II,Siemens,54.5265,11.617,Denmark,2.3,93.0,68.5,SWT-2.3-93,2010-10
5100,Rodsand II,Siemens,54.5272,11.6083,Denmark,2.3,93.0,68.5,SWT-2.3-93,2010-10
5101,Rodsand II,Siemens,54.5285,11.5977,Denmark,2.3,93.0,68.5,SWT-2.3-93,2010-10
5102,Rodsand II,Siemens,54.5301,11.5872,Denmark,2.3,93.0,68.5,SWT-2.3-93,2010-10
5103,Rodsand II,Siemens,54.5357,11.5569,Denmark,2.3,93.0,68.5,SWT-2.3-93,2010-10
5104,Rodsand II,Siemens,54.5381,11.5469,Denmark,2.3,93.0,68.5,SWT-2.3-93,2010-10
5105,Rodsand II,Siemens,54.5336,11.5671,Denmark,2.3,93.0,68.5,SWT-2.3-93,2010-10
5106,Rodsand II,Siemens,54.5353,11.6184,Denmark,2.3,93.0,68.5,SWT-2.3-93,2010-10
5107,Rodsand II,Siemens,54.536,11.6094,Denmark,2.3,93.0,68.5,SWT-2.3-93,2010-10
5108,Rodsand II,Siemens,54.5371,11.5989,Denmark,2.3,93.0,68.5,SWT-2.3-93,2010-10
5109,Rodsand II,Siemens,54.5404,11.5376,Denmark,2.3,93.0,68.5,SWT-2.3-93,2010-10
5110,Rodsand II,Siemens,54.5317,11.577,Denmark,2.3,93.0,68.5,SWT-2.3-93,2010-10
5111,Rodsand II,Siemens,54.5448,11.609,Denmark,2.3,93.0,68.5,SWT-2.3-93,2010-10
5112,Rodsand II,Siemens,54.5466,11.5911,Denmark,2.3,93.0,68.5,SWT-2.3-93,2010-10
5113,Rodsand II,Siemens,54.552,11.556,Denmark,2.3,93.0,68.5,SWT-2.3-93,2010-10
5114,Rodsand II,Siemens,54.5519,11.5242,Denmark,2.3,93.0,68.5,SWT-2.3-93,2010-10
5115,Rodsand II,Siemens,54.5443,11.6179,Denmark,2.3,93.0,68.5,SWT-2.3-93,2010-10
5116,Rodsand II,Siemens,54.5495,11.5333,Denmark,2.3,93.0,68.5,SWT-2.3-93,2010-10
5117,Rodsand II,Siemens,54.5491,11.5094,Denmark,2.3,93.0,68.5,SWT-2.3-93,2010-10
5118,Rodsand II,Siemens,54.5488,11.5738,Denmark,2.3,93.0,68.5,SWT-2.3-93,2010-10
5119,Rodsand II,Siemens,54.5476,11.5824,Denmark,2.3,93.0,68.5,SWT-2.3-93,2010-10
5120,Rodsand II,Siemens,54.547,11.5427,Denmark,2.3,93.0,68.5,SWT-2.3-93,2010-10
5121,Rodsand II,Siemens,54.5502,11.5657,Denmark,2.3,93.0,68.5,SWT-2.3-93,2010-10
5122,Rodsand II,Siemens,54.5456,11.6001,Denmark,2.3,93.0,68.5,SWT-2.3-93,2010-10
5123,Rodsand II,Siemens,54.5461,11.5183,Denmark,2.3,93.0,68.5,SWT-2.3-93,2010-10
5124,Rodsand II,Siemens,54.5451,11.5514,Denmark,2.3,93.0,68.5,SWT-2.3-93,2010-10
5125,Rodsand II,Siemens,54.5738,11.4798,Denmark,2.3,93.0,68.5,SWT-2.3-93,2010-10
5126,Rodsand II,Siemens,54.5383,11.5891,Denmark,2.3,93.0,68.5,SWT-2.3-93,2010-10
5127,Rodsand II,Siemens,54.5524,11.5003,Denmark,2.3,93.0,68.5,SWT-2.3-93,2010-10
5128,Rodsand II,Siemens,54.5397,11.5797,Denmark,2.3,93.0,68.5,SWT-2.3-93,2010-10
5129,Rodsand II,Siemens,54.5697,11.5115,Denmark,2.3,93.0,68.5,SWT-2.3-93,2010-10
5130,Rodsand II,Siemens,54.5412,11.5704,Denmark,2.3,93.0,68.5,SWT-2.3-93,2010-10
5131,Rodsand II,Siemens,54.5802,11.4786,Denmark,2.3,93.0,68.5,SWT-2.3-93,2010-10
5132,Rodsand II,Siemens,54.5806,11.4937,Denmark,2.3,93.0,68.5,SWT-2.3-93,2010-10
5133,Rodsand II,Siemens,54.5832,11.4855,Denmark,2.3,93.0,68.5,SWT-2.3-93,2010-10
5134,Rodsand II,Siemens,54.5631,11.595,Denmark,2.3,93.0,68.5,SWT-2.3-93,2010-10
5135,Rodsand II,Siemens,54.5626,11.6024,Denmark,2.3,93.0,68.5,SWT-2.3-93,2010-10
5136,Rodsand II,Siemens,54.5625,11.5134,Denmark,2.3,93.0,68.5,SWT-2.3-93,2010-10
5137,Rodsand II,Siemens,54.5623,11.617,Denmark,2.3,93.0,68.5,SWT-2.3-93,2010-10
5138,Rodsand II,Siemens,54.5621,11.5429,Denmark,2.3,93.0,68.5,SWT-2.3-93,2010-10
5139,Rodsand II,Siemens,54.5605,11.4979,Denmark,2.3,93.0,68.5,SWT-2.3-93,2010-10
5140,Rodsand II,Siemens,54.5601,11.5529,Denmark,2.3,93.0,68.5,SWT-2.3-93,2010-10
5141,Rodsand II,Siemens,54.5599,11.522,Denmark,2.3,93.0,68.5,SWT-2.3-93,2010-10
5142,Rodsand II,Siemens,54.5593,11.4829,Denmark,2.3,93.0,68.5,SWT-2.3-93,2010-10
5143,Rodsand II,Siemens,54.5589,11.5605,Denmark,2.3,93.0,68.5,SWT-2.3-93,2010-10
5144,Rodsand II,Siemens,54.5577,11.5302,Denmark,2.3,93.0,68.5,SWT-2.3-93,2010-10
5145,Rodsand II,Siemens,54.5576,11.5689,Denmark,2.3,93.0,68.5,SWT-2.3-93,2010-10
5146,Rodsand II,Siemens,54.5575,11.5068,Denmark,2.3,93.0,68.5,SWT-2.3-93,2010-10
5147,Rodsand II,Siemens,54.5565,11.577,Denmark,2.3,93.0,68.5,SWT-2.3-93,2010-10
5148,Rodsand II,Siemens,54.5559,11.4911,Denmark,2.3,93.0,68.5,SWT-2.3-93,2010-10
5149,Rodsand II,Siemens,54.5557,11.5389,Denmark,2.3,93.0,68.5,SWT-2.3-93,2010-10
5150,Rodsand II,Siemens,54.5742,11.4648,Denmark,2.3,93.0,68.5,SWT-2.3-93,2010-10
5151,Rodsand II,Siemens,54.5548,11.593,Denmark,2.3,93.0,68.5,SWT-2.3-93,2010-10
5152,Rodsand II,Siemens,54.5545,11.5157,Denmark,2.3,93.0,68.5,SWT-2.3-93,2010-10
5153,Rodsand II,Siemens,54.5784,11.5014,Denmark,2.3,93.0,68.5,SWT-2.3-93,2010-10
5154,Rodsand II,Siemens,54.5772,11.4868,Denmark,2.3,93.0,68.5,SWT-2.3-93,2010-10
5155,Rodsand II,Siemens,54.5535,11.5478,Denmark,2.3,93.0,68.5,SWT-2.3-93,2010-10
5156,Rodsand II,Siemens,54.5772,11.4717,Denmark,2.3,93.0,68.5,SWT-2.3-93,2010-10
5157,Rodsand II,Siemens,54.5762,11.5104,Denmark,2.3,93.0,68.5,SWT-2.3-93,2010-10
5158,Rodsand II,Siemens,54.5623,11.6096,Denmark,2.3,93.0,68.5,SWT-2.3-93,2010-10
5159,Rodsand II,Siemens,54.572,11.5036,Denmark,2.3,93.0,68.5,SWT-2.3-93,2010-10
5160,Rodsand II,Siemens,54.5533,11.6174,Denmark,2.3,93.0,68.5,SWT-2.3-93,2010-10
5161,Rodsand II,Siemens,54.5556,11.5851,Denmark,2.3,93.0,68.5,SWT-2.3-93,2010-10
5162,Rodsand II,Siemens,54.5535,11.6093,Denmark,2.3,93.0,68.5,SWT-2.3-93,2010-10
5163,Rodsand II,Siemens,54.5669,11.4811,Denmark,2.3,93.0,68.5,SWT-2.3-93,2010-10
5164,Rodsand II,Siemens,54.5745,11.4951,Denmark,2.3,93.0,68.5,SWT-2.3-93,2010-10
5165,Rodsand II,Siemens,54.5725,11.5265,Denmark,2.3,93.0,68.5,SWT-2.3-93,2010-10
5166,Rodsand II,Siemens,54.5635,11.5878,Denmark,2.3,93.0,68.5,SWT-2.3-93,2010-10
5167,Rodsand II,Siemens,54.5635,11.5361,Denmark,2.3,93.0,68.5,SWT-2.3-93,2010-10
5168,Rodsand II,Siemens,54.5635,11.4898,Denmark,2.3,93.0,68.5,SWT-2.3-93,2010-10
5169,Rodsand II,Siemens,54.5641,11.5804,Denmark,2.3,93.0,68.5,SWT-2.3-93,2010-10
5170,Rodsand II,Siemens,54.5649,11.5729,Denmark,2.3,93.0,68.5,SWT-2.3-93,2010-10
5171,Rodsand II,Siemens,54.5651,11.5047,Denmark,2.3,93.0,68.5,SWT-2.3-93,2010-10
5172,Rodsand II,Siemens,54.5744,11.5183,Denmark,2.3,93.0,68.5,SWT-2.3-93,2010-10
5173,Rodsand II,Siemens,54.5631,11.4742,Denmark,2.3,93.0,68.5,SWT-2.3-93,2010-10
5174,Rodsand II,Siemens,54.5667,11.558,Denmark,2.3,93.0,68.5,SWT-2.3-93,2010-10
5175,Rodsand II,Siemens,54.5659,11.5651,Denmark,2.3,93.0,68.5,SWT-2.3-93,2010-10
5176,Rodsand II,Siemens,54.5707,11.5346,Denmark,2.3,93.0,68.5,SWT-2.3-93,2010-10
5177,Rodsand II,Siemens,54.5707,11.4881,Denmark,2.3,93.0,68.5,SWT-2.3-93,2010-10
5178,Rodsand II,Siemens,54.5653,11.5283,Denmark,2.3,93.0,68.5,SWT-2.3-93,2010-10
5179,Rodsand II,Siemens,54.5693,11.5421,Denmark,2.3,93.0,68.5,SWT-2.3-93,2010-10
5180,Rodsand II,Siemens,54.5704,11.4729,Denmark,2.3,93.0,68.5,SWT-2.3-93,2010-10
5181,Rodsand II,Siemens,54.5712,11.4579,Denmark,2.3,93.0,68.5,SWT-2.3-93,2010-10
5182,Rodsand II,Siemens,54.5677,11.4967,Denmark,2.3,93.0,68.5,SWT-2.3-93,2010-10
5183,Rodsand II,Siemens,54.5675,11.5199,Denmark,2.3,93.0,68.5,SWT-2.3-93,2010-10
5184,Rodsand II,Siemens,54.5541,11.6012,Denmark,2.3,93.0,68.5,SWT-2.3-93,2010-10
5185,Rodsand II,Siemens,54.567,11.466,Denmark,2.3,93.0,68.5,SWT-2.3-93,2010-10
5186,Rodsand II,Siemens,54.568,11.55,Denmark,2.3,93.0,68.5,SWT-2.3-93,2010-10
5187,Saint-Brieuc,Siemens Gamesa,48.8234,-2.5712,France,8.0,167.0,120.0,SG 8.0-167 DD,2024-05
5188,Saint-Brieuc,Siemens Gamesa,48.8326,-2.5578,France,8.0,167.0,120.0,SG 8.0-167 DD,2024-05
5189,Saint-Brieuc,Siemens Gamesa,48.8582,-2.5201,France,8.0,167.0,120.0,SG 8.0-167 DD,2024-05
5190,Saint-Brieuc,Siemens Gamesa,48.8512,-2.5093,France,8.0,167.0,120.0,SG 8.0-167 DD,2024-05
5191,Saint-Brieuc,Siemens Gamesa,48.8446,-2.499,France,8.0,167.0,120.0,SG 8.0-167 DD,2024-05
5192,Saint-Brieuc,Siemens Gamesa,48.8385,-2.4894,France,8.0,167.0,120.0,SG 8.0-167 DD,2024-05
5193,Saint-Brieuc,Siemens Gamesa,48.836,-2.5117,France,8.0,167.0,120.0,SG 8.0-167 DD,2024-05
5194,Saint-Brieuc,Siemens Gamesa,48.9077,-2.5705,France,8.0,167.0,120.0,SG 8.0-167 DD,2024-05
5195,Saint-Brieuc,Siemens Gamesa,48.8427,-2.5224,France,8.0,167.0,120.0,SG 8.0-167 DD,2024-05
5196,Saint-Brieuc,Siemens Gamesa,48.8185,-2.5374,France,8.0,167.0,120.0,SG 8.0-167 DD,2024-05
5197,Saint-Brieuc,Siemens Gamesa,48.8115,-2.5273,France,8.0,167.0,120.0,SG 8.0-167 DD,2024-05
5198,Saint-Brieuc,Siemens Gamesa,48.8051,-2.5166,France,8.0,167.0,120.0,SG 8.0-167 DD,2024-05
5199,Saint-Brieuc,Siemens Gamesa,48.7981,-2.5059,France,8.0,167.0,120.0,SG 8.0-167 DD,2024-05
5200,Saint-Brieuc,Siemens Gamesa,48.8254,-2.5481,France,8.0,167.0,120.0,SG 8.0-167 DD,2024-05
5201,Saint-Brieuc,Siemens Gamesa,48.8163,-2.479,France,8.0,167.0,120.0,SG 8.0-167 DD,2024-05
5202,Saint-Brieuc,Siemens Gamesa,48.8337,-2.5346,France,8.0,167.0,120.0,SG 8.0-167 DD,2024-05
5203,Saint-Brieuc,Siemens Gamesa,48.8291,-2.5012,France,8.0,167.0,120.0,SG 8.0-167 DD,2024-05
5204,Saint-Brieuc,Siemens Gamesa,48.8171,-2.56,France,8.0,167.0,120.0,SG 8.0-167 DD,2024-05
5205,Saint-Brieuc,Siemens Gamesa,48.8001,-2.4824,France,8.0,167.0,120.0,SG 8.0-167 DD,2024-05
5206,Saint-Brieuc,Siemens Gamesa,48.8068,-2.4931,France,8.0,167.0,120.0,SG 8.0-167 DD,2024-05
5207,Saint-Brieuc,Siemens Gamesa,48.8963,-2.5256,France,8.0,167.0,120.0,SG 8.0-167 DD,2024-05
5208,Saint-Brieuc,Siemens Gamesa,48.8853,-2.562,France,8.0,167.0,120.0,SG 8.0-167 DD,2024-05
5209,Saint-Brieuc,Siemens Gamesa,48.8785,-2.5517,France,8.0,167.0,120.0,SG 8.0-167 DD,2024-05
5210,Saint-Brieuc,Siemens Gamesa,48.8656,-2.5298,France,8.0,167.0,120.0,SG 8.0-167 DD,2024-05
5211,Saint-Brieuc,Siemens Gamesa,48.8903,-2.5959,France,8.0,167.0,120.0,SG 8.0-167 DD,2024-05
5212,Saint-Brieuc,Siemens Gamesa,48.8891,-2.5154,France,8.0,167.0,120.0,SG 8.0-167 DD,2024-05
5213,Saint-Brieuc,Siemens Gamesa,48.8834,-2.5854,France,8.0,167.0,120.0,SG 8.0-167 DD,2024-05
5214,Saint-Brieuc,Siemens Gamesa,48.8767,-2.575,France,8.0,167.0,120.0,SG 8.0-167 DD,2024-05
5215,Saint-Brieuc,Siemens Gamesa,48.8935,-2.55,France,8.0,167.0,120.0,SG 8.0-167 DD,2024-05
5216,Saint-Brieuc,Siemens Gamesa,48.87,-2.5643,France,8.0,167.0,120.0,SG 8.0-167 DD,2024-05
5217,Saint-Brieuc,Siemens Gamesa,48.8388,-2.5689,France,8.0,167.0,120.0,SG 8.0-167 DD,2024-05
5218,Saint-Brieuc,Siemens Gamesa,48.8747,-2.5982,France,8.0,167.0,120.0,SG 8.0-167 DD,2024-05
5219,Saint-Brieuc,Siemens Gamesa,48.868,-2.5877,France,8.0,167.0,120.0,SG 8.0-167 DD,2024-05
5220,Saint-Brieuc,Siemens Gamesa,48.8613,-2.5773,France,8.0,167.0,120.0,SG 8.0-167 DD,2024-05
5221,Saint-Brieuc,Siemens Gamesa,48.8543,-2.5669,France,8.0,167.0,120.0,SG 8.0-167 DD,2024-05
5222,Saint-Brieuc,Siemens Gamesa,48.8476,-2.5561,France,8.0,167.0,120.0,SG 8.0-167 DD,2024-05
5223,Saint-Brieuc,Siemens Gamesa,48.8409,-2.5458,France,8.0,167.0,120.0,SG 8.0-167 DD,2024-05
5224,Saint-Brieuc,Siemens Gamesa,48.8922,-2.5728,France,8.0,167.0,120.0,SG 8.0-167 DD,2024-05
5225,Saint-Brieuc,Siemens Gamesa,48.8631,-2.5539,France,8.0,167.0,120.0,SG 8.0-167 DD,2024-05
5226,Saint-Brieuc,Siemens Gamesa,48.9144,-2.5808,France,8.0,167.0,120.0,SG 8.0-167 DD,2024-05
5227,Saint-Brieuc,Siemens Gamesa,48.8563,-2.5435,France,8.0,167.0,120.0,SG 8.0-167 DD,2024-05
5228,Saint-Brieuc,Siemens Gamesa,48.8741,-2.5177,France,8.0,167.0,120.0,SG 8.0-167 DD,2024-05
5229,Saint-Brieuc,Siemens Gamesa,48.8224,-2.4909,France,8.0,167.0,120.0,SG 8.0-167 DD,2024-05
5230,Saint-Brieuc,Siemens Gamesa,48.9028,-2.5363,France,8.0,167.0,120.0,SG 8.0-167 DD,2024-05
5231,Saint-Brieuc,Siemens Gamesa,48.9095,-2.547,France,8.0,167.0,120.0,SG 8.0-167 DD,2024-05
5232,Saint-Brieuc,Siemens Gamesa,48.9164,-2.5574,France,8.0,167.0,120.0,SG 8.0-167 DD,2024-05
5233,Saint-Brieuc,Siemens Gamesa,48.8458,-2.5796,France,8.0,167.0,120.0,SG 8.0-167 DD,2024-05
5234,Saint-Brieuc,Siemens Gamesa,48.8087,-2.4697,France,8.0,167.0,120.0,SG 8.0-167 DD,2024-05
5235,Saint-Brieuc,Siemens Gamesa,48.8532,-2.5889,France,8.0,167.0,120.0,SG 8.0-167 DD,2024-05
5236,Saint-Brieuc,Siemens Gamesa,48.8105,-2.5493,France,8.0,167.0,120.0,SG 8.0-167 DD,2024-05
5237,Saint-Brieuc,Siemens Gamesa,48.8136,-2.5036,France,8.0,167.0,120.0,SG 8.0-167 DD,2024-05
5238,Saint-Brieuc,Siemens Gamesa,48.9231,-2.5679,France,8.0,167.0,120.0,SG 8.0-167 DD,2024-05
5239,Saint-Brieuc,Siemens Gamesa,48.8273,-2.5247,France,8.0,167.0,120.0,SG 8.0-167 DD,2024-05
5240,Saint-Brieuc,Siemens Gamesa,48.802,-2.4593,France,8.0,167.0,120.0,SG 8.0-167 DD,2024-05
5241,Saint-Brieuc,Siemens Gamesa,48.9007,-2.5597,France,8.0,167.0,120.0,SG 8.0-167 DD,2024-05
5242,Saint-Brieuc,Siemens Gamesa,48.8875,-2.5382,France,8.0,167.0,120.0,SG 8.0-167 DD,2024-05
5243,Saint-Brieuc,Siemens Gamesa,48.8723,-2.5405,France,8.0,167.0,120.0,SG 8.0-167 DD,2024-05
5244,Saint-Brieuc,Siemens Gamesa,48.8968,-2.6069,France,8.0,167.0,120.0,SG 8.0-167 DD,2024-05
5245,Saint-Brieuc,Siemens Gamesa,48.8988,-2.5831,France,8.0,167.0,120.0,SG 8.0-167 DD,2024-05
5246,Saint-Brieuc,Siemens Gamesa,48.9061,-2.5931,France,8.0,167.0,120.0,SG 8.0-167 DD,2024-05
5247,Saint-Brieuc,Siemens Gamesa,48.8203,-2.5143,France,8.0,167.0,120.0,SG 8.0-167 DD,2024-05
5248,Saint-Brieuc,Siemens Gamesa,48.8807,-2.5275,France,8.0,167.0,120.0,SG 8.0-167 DD,2024-05
5249,Saint-Nazaire,GE Energy,47.1557,-2.6819,France,6.0,150.0,100.0,Haliade 150-6MW,2022-11
5250,Saint-Nazaire,GE Energy,47.1574,-2.555,France,6.0,150.0,100.0,Haliade 150-6MW,2022-11
5251,Saint-Nazaire,GE Energy,47.1545,-2.5391,France,6.0,150.0,100.0,Haliade 150-6MW,2022-11
5252,Saint-Nazaire,GE Energy,47.1275,-2.5884,France,6.0,150.0,100.0,Haliade 150-6MW,2022-11
5253,Saint-Nazaire,GE Energy,47.1392,-2.6003,France,6.0,150.0,100.0,Haliade 150-6MW,2022-11
5254,Saint-Nazaire,GE Energy,47.1441,-2.5313,France,6.0,150.0,100.0,Haliade 150-6MW,2022-11
5255,Saint-Nazaire,GE Energy,47.1602,-2.5704,France,6.0,150.0,100.0,Haliade 150-6MW,2022-11
5256,Saint-Nazaire,GE Energy,47.1409,-2.5145,France,6.0,150.0,100.0,Haliade 150-6MW,2022-11
5257,Saint-Nazaire,GE Energy,47.1471,-2.5478,France,6.0,150.0,100.0,Haliade 150-6MW,2022-11
5258,Saint-Nazaire,GE Energy,47.1548,-2.6283,France,6.0,150.0,100.0,Haliade 150-6MW,2022-11
5259,Saint-Nazaire,GE Energy,47.1361,-2.5851,France,6.0,150.0,100.0,Haliade 150-6MW,2022-11
5260,Saint-Nazaire,GE Energy,47.1531,-2.5811,France,6.0,150.0,100.0,Haliade 150-6MW,2022-11
5261,Saint-Nazaire,GE Energy,47.1417,-2.6141,France,6.0,150.0,100.0,Haliade 150-6MW,2022-11
5262,Saint-Nazaire,GE Energy,47.1517,-2.525,France,6.0,150.0,100.0,Haliade 150-6MW,2022-11
5263,Saint-Nazaire,GE Energy,47.1508,-2.6116,France,6.0,150.0,100.0,Haliade 150-6MW,2022-11
5264,Saint-Nazaire,GE Energy,47.1502,-2.5646,France,6.0,150.0,100.0,Haliade 150-6MW,2022-11
5265,Saint-Nazaire,GE Energy,47.1573,-2.598,France,6.0,150.0,100.0,Haliade 150-6MW,2022-11
5266,Saint-Nazaire,GE Energy,47.1503,-2.6551,France,6.0,150.0,100.0,Haliade 150-6MW,2022-11
5267,Saint-Nazaire,GE Energy,47.1499,-2.5124,France,6.0,150.0,100.0,Haliade 150-6MW,2022-11
5268,Saint-Nazaire,GE Energy,47.1487,-2.5001,France,6.0,150.0,100.0,Haliade 150-6MW,2022-11
5269,Saint-Nazaire,GE Energy,47.1476,-2.6415,France,6.0,150.0,100.0,Haliade 150-6MW,2022-11
5270,Saint-Nazaire,GE Energy,47.1447,-2.6279,France,6.0,150.0,100.0,Haliade 150-6MW,2022-11
5271,Saint-Nazaire,GE Energy,47.1582,-2.6945,France,6.0,150.0,100.0,Haliade 150-6MW,2022-11
5272,Saint-Nazaire,GE Energy,47.1577,-2.5082,France,6.0,150.0,100.0,Haliade 150-6MW,2022-11
5273,Saint-Nazaire,GE Energy,47.134,-2.5273,France,6.0,150.0,100.0,Haliade 150-6MW,2022-11
5274,Saint-Nazaire,GE Energy,47.153,-2.6688,France,6.0,150.0,100.0,Haliade 150-6MW,2022-11
5275,Saint-Nazaire,GE Energy,47.1372,-2.5441,France,6.0,150.0,100.0,Haliade 150-6MW,2022-11
5276,Saint-Nazaire,GE Energy,47.1428,-2.5745,France,6.0,150.0,100.0,Haliade 150-6MW,2022-11
5277,Saint-Nazaire,GE Energy,47.1888,-2.6759,France,6.0,150.0,100.0,Haliade 150-6MW,2022-11
5278,Saint-Nazaire,GE Energy,47.1619,-2.6598,France,6.0,150.0,100.0,Haliade 150-6MW,2022-11
5279,Saint-Nazaire,GE Energy,47.1631,-2.5853,France,6.0,150.0,100.0,Haliade 150-6MW,2022-11
5280,Saint-Nazaire,GE Energy,47.1635,-2.5439,France,6.0,150.0,100.0,Haliade 150-6MW,2022-11
5281,Saint-Nazaire,GE Energy,47.165,-2.5154,France,6.0,150.0,100.0,Haliade 150-6MW,2022-11
5282,Saint-Nazaire,GE Energy,47.1655,-2.6305,France,6.0,150.0,100.0,Haliade 150-6MW,2022-11
5283,Saint-Nazaire,GE Energy,47.1664,-2.5598,France,6.0,150.0,100.0,Haliade 150-6MW,2022-11
5284,Saint-Nazaire,GE Energy,47.1731,-2.6597,France,6.0,150.0,100.0,Haliade 150-6MW,2022-11
5285,Saint-Nazaire,GE Energy,47.1688,-2.5319,France,6.0,150.0,100.0,Haliade 150-6MW,2022-11
5286,Saint-Nazaire,GE Energy,47.1766,-2.6741,France,6.0,150.0,100.0,Haliade 150-6MW,2022-11
5287,Saint-Nazaire,GE Energy,47.1787,-2.5712,France,6.0,150.0,100.0,Haliade 150-6MW,2022-11
5288,Saint-Nazaire,GE Energy,47.1399,-2.5578,France,6.0,150.0,100.0,Haliade 150-6MW,2022-11
5289,Saint-Nazaire,GE Energy,47.1797,-2.6867,France,6.0,150.0,100.0,Haliade 150-6MW,2022-11
5290,Saint-Nazaire,GE Energy,47.1841,-2.6408,France,6.0,150.0,100.0,Haliade 150-6MW,2022-11
5291,Saint-Nazaire,GE Energy,47.1855,-2.6642,France,6.0,150.0,100.0,Haliade 150-6MW,2022-11
5292,Saint-Nazaire,GE Energy,47.1657,-2.6755,France,6.0,150.0,100.0,Haliade 150-6MW,2022-11
5293,Saint-Nazaire,GE Energy,47.1924,-2.6877,France,6.0,150.0,100.0,Haliade 150-6MW,2022-11
5294,Saint-Nazaire,GE Energy,47.1927,-2.6475,France,6.0,150.0,100.0,Haliade 150-6MW,2022-11
5295,Saint-Nazaire,GE Energy,47.1952,-2.6638,France,6.0,150.0,100.0,Haliade 150-6MW,2022-11
5296,Saint-Nazaire,GE Energy,47.1982,-2.6775,France,6.0,150.0,100.0,Haliade 150-6MW,2022-11
5297,Saint-Nazaire,GE Energy,47.2008,-2.6543,France,6.0,150.0,100.0,Haliade 150-6MW,2022-11
5298,Saint-Nazaire,GE Energy,47.202,-2.6905,France,6.0,150.0,100.0,Haliade 150-6MW,2022-11
5299,Saint-Nazaire,GE Energy,47.2059,-2.6727,France,6.0,150.0,100.0,Haliade 150-6MW,2022-11
5300,Saint-Nazaire,GE Energy,47.1824,-2.6525,France,6.0,150.0,100.0,Haliade 150-6MW,2022-11
5301,Saint-Nazaire,GE Energy,47.1767,-2.6329,France,6.0,150.0,100.0,Haliade 150-6MW,2022-11
5302,Saint-Nazaire,GE Energy,47.1736,-2.6212,France,6.0,150.0,100.0,Haliade 150-6MW,2022-11
5303,Saint-Nazaire,GE Energy,47.1723,-2.5462,France,6.0,150.0,100.0,Haliade 150-6MW,2022-11
5304,Saint-Nazaire,GE Energy,47.1464,-2.5923,France,6.0,150.0,100.0,Haliade 150-6MW,2022-11
5305,Saint-Nazaire,GE Energy,47.1276,-2.5396,France,6.0,150.0,100.0,Haliade 150-6MW,2022-11
5306,Saint-Nazaire,GE Energy,47.1327,-2.5673,France,6.0,150.0,100.0,Haliade 150-6MW,2022-11
5307,Saint-Nazaire,GE Energy,47.1409,-2.6626,France,6.0,150.0,100.0,Haliade 150-6MW,2022-11
5308,Saint-Nazaire,GE Energy,47.1206,-2.5528,France,6.0,150.0,100.0,Haliade 150-6MW,2022-11
5309,Saint-Nazaire,GE Energy,47.123,-2.5642,France,6.0,150.0,100.0,Haliade 150-6MW,2022-11
5310,Saint-Nazaire,GE Energy,47.1253,-2.5763,France,6.0,150.0,100.0,Haliade 150-6MW,2022-11
5311,Saint-Nazaire,GE Energy,47.1297,-2.6009,France,6.0,150.0,100.0,Haliade 150-6MW,2022-11
5312,Saint-Nazaire,GE Energy,47.1319,-2.6132,France,6.0,150.0,100.0,Haliade 150-6MW,2022-11
5313,Saint-Nazaire,GE Energy,47.1341,-2.6257,France,6.0,150.0,100.0,Haliade 150-6MW,2022-11
5314,Saint-Nazaire,GE Energy,47.1364,-2.6381,France,6.0,150.0,100.0,Haliade 150-6MW,2022-11
5315,Saint-Nazaire,GE Energy,47.1386,-2.6504,France,6.0,150.0,100.0,Haliade 150-6MW,2022-11
5316,Saint-Nazaire,GE Energy,47.1431,-2.6748,France,6.0,150.0,100.0,Haliade 150-6MW,2022-11
5317,Saint-Nazaire,GE Energy,47.1452,-2.6872,France,6.0,150.0,100.0,Haliade 150-6MW,2022-11
5318,Saint-Nazaire,GE Energy,47.1473,-2.6987,France,6.0,150.0,100.0,Haliade 150-6MW,2022-11
5319,Saint-Nazaire,GE Energy,47.1584,-2.6442,France,6.0,150.0,100.0,Haliade 150-6MW,2022-11
5320,Saint-Nazaire,GE Energy,47.1615,-2.6147,France,6.0,150.0,100.0,Haliade 150-6MW,2022-11
5321,Saint-Nazaire,GE Energy,47.1608,-2.5272,France,6.0,150.0,100.0,Haliade 150-6MW,2022-11
5322,Saint-Nazaire,GE Energy,47.1669,-2.5972,France,6.0,150.0,100.0,Haliade 150-6MW,2022-11
5323,Saint-Nazaire,GE Energy,47.1694,-2.6452,France,6.0,150.0,100.0,Haliade 150-6MW,2022-11
5324,Saint-Nazaire,GE Energy,47.1694,-2.6907,France,6.0,150.0,100.0,Haliade 150-6MW,2022-11
5325,Saint-Nazaire,GE Energy,47.1701,-2.6089,France,6.0,150.0,100.0,Haliade 150-6MW,2022-11
5326,Saint-Nazaire,GE Energy,47.1704,-2.5754,France,6.0,150.0,100.0,Haliade 150-6MW,2022-11
5327,Saint-Nazaire,GE Energy,47.1757,-2.559,France,6.0,150.0,100.0,Haliade 150-6MW,2022-11
5328,Saint-Nazaire,GE Energy,47.2088,-2.6603,France,6.0,150.0,100.0,Haliade 150-6MW,2022-11
5329,Samsa,Siemens,55.7353,10.5847,Denmark,2.3,93.0,69.0,SWT-2.3-93,2003-02
5330,Samsa,Bonus,55.7191,10.5847,Denmark,2.3,82.0,69.0,B82/2300,2003-02
5331,Samsa,Bonus,55.7245,10.5847,Denmark,2.3,82.0,69.0,B82/2300,2003-02
5332,Samsa,Bonus,55.7164,10.5847,Denmark,2.3,82.0,69.0,B82/2300,2003-02
5333,Samsa,Bonus,55.7326,10.5847,Denmark,2.3,82.0,69.0,B82/2300,2003-02
5334,Samsa,Bonus,55.7299,10.5847,Denmark,2.3,82.0,69.0,B82/2300,2003-02
5335,Samsa,Bonus,55.7272,10.5847,Denmark,2.3,82.0,69.0,B82/2300,2003-02
5336,Samsa,Bonus,55.711,10.5847,Denmark,2.3,82.0,69.0,B82/2300,2003-02
5337,Samsa,Bonus,55.7137,10.5847,Denmark,2.3,82.0,69.0,B82/2300,2003-02
5338,Samsa,Bonus,55.7218,10.5847,Denmark,2.3,82.0,69.0,B82/2300,2003-02
5339,Sandbank,Siemens,55.1867,6.8674,Germany,4.0,130.0,95.0,SWT-4.0-130,2017-01
5340,Sandbank,Siemens,55.1956,6.8643,Germany,4.0,130.0,95.0,SWT-4.0-130,2017-01
5341,Sandbank,Siemens,55.1935,6.8481,Germany,4.0,130.0,95.0,SWT-4.0-130,2017-01
5342,Sandbank,Siemens,55.1622,6.8926,Germany,4.0,130.0,95.0,SWT-4.0-130,2017-01
5343,Sandbank,Siemens,55.2025,6.8453,Germany,4.0,130.0,95.0,SWT-4.0-130,2017-01
5344,Sandbank,Siemens,55.1604,6.8778,Germany,4.0,130.0,95.0,SWT-4.0-130,2017-01
5345,Sandbank,Siemens,55.1848,6.8521,Germany,4.0,130.0,95.0,SWT-4.0-130,2017-01
5346,Sandbank,Siemens,55.1534,6.8962,Germany,4.0,130.0,95.0,SWT-4.0-130,2017-01
5347,Sandbank,Siemens,55.1918,6.8334,Germany,4.0,130.0,95.0,SWT-4.0-130,2017-01
5348,Sandbank,Siemens,55.1831,6.8366,Germany,4.0,130.0,95.0,SWT-4.0-130,2017-01
5349,Sandbank,Siemens,55.2006,6.8301,Germany,4.0,130.0,95.0,SWT-4.0-130,2017-01
5350,Sandbank,Siemens,55.176,6.8558,Germany,4.0,130.0,95.0,SWT-4.0-130,2017-01
5351,Sandbank,Siemens,55.1779,6.8706,Germany,4.0,130.0,95.0,SWT-4.0-130,2017-01
5352,Sandbank,Siemens,55.171,6.8892,Germany,4.0,130.0,95.0,SWT-4.0-130,2017-01
5353,Sandbank,Siemens,55.1692,6.8738,Germany,4.0,130.0,95.0,SWT-4.0-130,2017-01
5354,Sandbank,Siemens,55.1232,6.875,Germany,4.0,130.0,95.0,SWT-4.0-130,2017-01
5355,Sandbank,Siemens,55.1564,6.8466,Germany,4.0,130.0,95.0,SWT-4.0-130,2017-01
5356,Sandbank,Siemens,55.1583,6.862,Germany,4.0,130.0,95.0,SWT-4.0-130,2017-01
5357,Sandbank,Siemens,55.2131,6.8578,Germany,4.0,130.0,95.0,SWT-4.0-130,2017-01
5358,Sandbank,Siemens,55.1339,6.887,Germany,4.0,130.0,95.0,SWT-4.0-130,2017-01
5359,Sandbank,Siemens,55.1671,6.8592,Germany,4.0,130.0,95.0,SWT-4.0-130,2017-01
5360,Sandbank,Siemens,55.174,6.84,Germany,4.0,130.0,95.0,SWT-4.0-130,2017-01
5361,Sandbank,Siemens,55.1495,6.8653,Germany,4.0,130.0,95.0,SWT-4.0-130,2017-01
5362,Sandbank,Siemens,55.2818,6.8162,Germany,4.0,130.0,95.0,SWT-4.0-130,2017-01
5363,Sandbank,Siemens,55.1268,6.9065,Germany,4.0,130.0,95.0,SWT-4.0-130,2017-01
5364,Sandbank,Siemens,55.1213,6.8598,Germany,4.0,130.0,95.0,SWT-4.0-130,2017-01
5365,Sandbank,Siemens,55.1184,6.9095,Germany,4.0,130.0,95.0,SWT-4.0-130,2017-01
5366,Sandbank,Siemens,55.1142,6.8786,Germany,4.0,130.0,95.0,SWT-4.0-130,2017-01
5367,Sandbank,Siemens,55.273,6.8192,Germany,4.0,130.0,95.0,SWT-4.0-130,2017-01
5368,Sandbank,Siemens,55.1301,6.8565,Germany,4.0,130.0,95.0,SWT-4.0-130,2017-01
5369,Sandbank,Siemens,55.2659,6.8378,Germany,4.0,130.0,95.0,SWT-4.0-130,2017-01
5370,Sandbank,Siemens,55.2642,6.8224,Germany,4.0,130.0,95.0,SWT-4.0-130,2017-01
5371,Sandbank,Siemens,55.2377,6.8324,Germany,4.0,130.0,95.0,SWT-4.0-130,2017-01
5372,Sandbank,Siemens,55.2393,6.8483,Germany,4.0,130.0,95.0,SWT-4.0-130,2017-01
5373,Sandbank,Siemens,55.2307,6.851,Germany,4.0,130.0,95.0,SWT-4.0-130,2017-01
5374,Sandbank,Siemens,55.2445,6.8136,Germany,4.0,130.0,95.0,SWT-4.0-130,2017-01
5375,Sandbank,Siemens,55.2288,6.8357,Germany,4.0,130.0,95.0,SWT-4.0-130,2017-01
5376,Sandbank,Siemens,55.227,6.8202,Germany,4.0,130.0,95.0,SWT-4.0-130,2017-01
5377,Sandbank,Siemens,55.2465,6.8287,Germany,4.0,130.0,95.0,SWT-4.0-130,2017-01
5378,Sandbank,Siemens,55.22,6.8391,Germany,4.0,130.0,95.0,SWT-4.0-130,2017-01
5379,Sandbank,Siemens,55.2484,6.8449,Germany,4.0,130.0,95.0,SWT-4.0-130,2017-01
5380,Sandbank,Siemens,55.2572,6.8408,Germany,4.0,130.0,95.0,SWT-4.0-130,2017-01
5381,Sandbank,Siemens,55.2551,6.8255,Germany,4.0,130.0,95.0,SWT-4.0-130,2017-01
5382,Sandbank,Siemens,55.2534,6.8103,Germany,4.0,130.0,95.0,SWT-4.0-130,2017-01
5383,Sandbank,Siemens,55.2624,6.8069,Germany,4.0,130.0,95.0,SWT-4.0-130,2017-01
5384,Sandbank,Siemens,55.2361,6.8168,Germany,4.0,130.0,95.0,SWT-4.0-130,2017-01
5385,Sandbank,Siemens,55.2798,6.8004,Germany,4.0,130.0,95.0,SWT-4.0-130,2017-01
5386,Sandbank,Siemens,55.1252,6.8904,Germany,4.0,130.0,95.0,SWT-4.0-130,2017-01
5387,Sandbank,Siemens,55.2905,6.813,Germany,4.0,130.0,95.0,SWT-4.0-130,2017-01
5388,Sandbank,Siemens,55.2924,6.8282,Germany,4.0,130.0,95.0,SWT-4.0-130,2017-01
5389,Sandbank,Siemens,55.1798,6.8863,Germany,4.0,130.0,95.0,SWT-4.0-130,2017-01
5390,Sandbank,Siemens,55.1164,6.894,Germany,4.0,130.0,95.0,SWT-4.0-130,2017-01
5391,Sandbank,Siemens,55.132,6.8716,Germany,4.0,130.0,95.0,SWT-4.0-130,2017-01
5392,Sandbank,Siemens,55.1514,6.8808,Germany,4.0,130.0,95.0,SWT-4.0-130,2017-01
5393,Sandbank,Siemens,55.1358,6.9031,Germany,4.0,130.0,95.0,SWT-4.0-130,2017-01
5394,Sandbank,Siemens,55.1445,6.8996,Germany,4.0,130.0,95.0,SWT-4.0-130,2017-01
5395,Sandbank,Siemens,55.1427,6.8836,Germany,4.0,130.0,95.0,SWT-4.0-130,2017-01
5396,Sandbank,Siemens,55.1407,6.8688,Germany,4.0,130.0,95.0,SWT-4.0-130,2017-01
5397,Sandbank,Siemens,55.1388,6.8532,Germany,4.0,130.0,95.0,SWT-4.0-130,2017-01
5398,Sandbank,Siemens,55.1478,6.8499,Germany,4.0,130.0,95.0,SWT-4.0-130,2017-01
5399,Sandbank,Siemens,55.2045,6.8607,Germany,4.0,130.0,95.0,SWT-4.0-130,2017-01
5400,Sandbank,Siemens,55.1657,6.8432,Germany,4.0,130.0,95.0,SWT-4.0-130,2017-01
5401,Sandbank,Siemens,55.2092,6.8269,Germany,4.0,130.0,95.0,SWT-4.0-130,2017-01
5402,Sandbank,Siemens,55.2746,6.8348,Germany,4.0,130.0,95.0,SWT-4.0-130,2017-01
5403,Sandbank,Siemens,55.2709,6.8037,Germany,4.0,130.0,95.0,SWT-4.0-130,2017-01
5404,Sandbank,Siemens,55.2837,6.8312,Germany,4.0,130.0,95.0,SWT-4.0-130,2017-01
5405,Sandbank,Siemens,55.2854,6.8468,Germany,4.0,130.0,95.0,SWT-4.0-130,2017-01
5406,Sandbank,Siemens,55.2677,6.8534,Germany,4.0,130.0,95.0,SWT-4.0-130,2017-01
5407,Sandbank,Siemens,55.2767,6.85,Germany,4.0,130.0,95.0,SWT-4.0-130,2017-01
5408,Sandbank,Siemens,55.2589,6.8568,Germany,4.0,130.0,95.0,SWT-4.0-130,2017-01
5409,Sandbank,Siemens,55.2183,6.8235,Germany,4.0,130.0,95.0,SWT-4.0-130,2017-01
5410,Sandbank,Siemens,55.2941,6.8439,Germany,4.0,130.0,95.0,SWT-4.0-130,2017-01
5411,Scroby Sands,Vestas,52.6559,1.7799,United Kingdom,2.0,80.0,60.0,V80-2.0 MW,2004-12
5412,Scroby Sands,Vestas,52.6392,1.7795,United Kingdom,2.0,80.0,60.0,V80-2.0 MW,2004-12
5413,Scroby Sands,Vestas,52.6492,1.7973,United Kingdom,2.0,80.0,60.0,V80-2.0 MW,2004-12
5414,Scroby Sands,Vestas,52.6592,1.7862,United Kingdom,2.0,80.0,60.0,V80-2.0 MW,2004-12
5415,Scroby Sands,Vestas,52.6292,1.7845,United Kingdom,2.0,80.0,60.0,V80-2.0 MW,2004-12
5416,Scroby Sands,Vestas,52.6292,1.777,United Kingdom,2.0,80.0,60.0,V80-2.0 MW,2004-12
5417,Scroby Sands,Vestas,52.6326,1.7778,United Kingdom,2.0,80.0,60.0,V80-2.0 MW,2004-12
5418,Scroby Sands,Vestas,52.6324,1.7933,United Kingdom,2.0,80.0,60.0,V80-2.0 MW,2004-12
5419,Scroby Sands,Vestas,52.6358,1.786,United Kingdom,2.0,80.0,60.0,V80-2.0 MW,2004-12
5420,Scroby Sands,Vestas,52.6357,1.7935,United Kingdom,2.0,80.0,60.0,V80-2.0 MW,2004-12
5421,Scroby Sands,Vestas,52.6392,1.787,United Kingdom,2.0,80.0,60.0,V80-2.0 MW,2004-12
5422,Scroby Sands,Vestas,52.639,1.7944,United Kingdom,2.0,80.0,60.0,V80-2.0 MW,2004-12
5423,Scroby Sands,Vestas,52.6424,1.7953,United Kingdom,2.0,80.0,60.0,V80-2.0 MW,2004-12
5424,Scroby Sands,Vestas,52.6425,1.7804,United Kingdom,2.0,80.0,60.0,V80-2.0 MW,2004-12
5425,Scroby Sands,Vestas,52.6492,1.7821,United Kingdom,2.0,80.0,60.0,V80-2.0 MW,2004-12
5426,Scroby Sands,Vestas,52.6424,1.7871,United Kingdom,2.0,80.0,60.0,V80-2.0 MW,2004-12
5427,Scroby Sands,Vestas,52.6358,1.7787,United Kingdom,2.0,80.0,60.0,V80-2.0 MW,2004-12
5428,Scroby Sands,Vestas,52.6459,1.7813,United Kingdom,2.0,80.0,60.0,V80-2.0 MW,2004-12
5429,Scroby Sands,Vestas,52.6463,1.7874,United Kingdom,2.0,80.0,60.0,V80-2.0 MW,2004-12
5430,Scroby Sands,Vestas,52.6593,1.7789,United Kingdom,2.0,80.0,60.0,V80-2.0 MW,2004-12
5431,Scroby Sands,Vestas,52.6592,1.7936,United Kingdom,2.0,80.0,60.0,V80-2.0 MW,2004-12
5432,Scroby Sands,Vestas,52.6558,1.7989,United Kingdom,2.0,80.0,60.0,V80-2.0 MW,2004-12
5433,Scroby Sands,Vestas,52.6558,1.7929,United Kingdom,2.0,80.0,60.0,V80-2.0 MW,2004-12
5434,Scroby Sands,Vestas,52.6559,1.7864,United Kingdom,2.0,80.0,60.0,V80-2.0 MW,2004-12
5435,Scroby Sands,Vestas,52.6592,1.7998,United Kingdom,2.0,80.0,60.0,V80-2.0 MW,2004-12
5436,Scroby Sands,Vestas,52.6526,1.781,United Kingdom,2.0,80.0,60.0,V80-2.0 MW,2004-12
5437,Scroby Sands,Vestas,52.6525,1.79,United Kingdom,2.0,80.0,60.0,V80-2.0 MW,2004-12
5438,Scroby Sands,Vestas,52.6524,1.7965,United Kingdom,2.0,80.0,60.0,V80-2.0 MW,2004-12
5439,Scroby Sands,Vestas,52.6459,1.795,United Kingdom,2.0,80.0,60.0,V80-2.0 MW,2004-12
5440,SeaStar,Siemens Gamesa,51.6122,2.8231,Belgium,8.0,167.0,109.0,SG 8.0-167 DD,2020-12
5441,SeaStar,Siemens Gamesa,51.6307,2.8818,Belgium,8.0,167.0,109.0,SG 8.0-167 DD,2020-12
5442,SeaStar,Siemens Gamesa,51.6082,2.8413,Belgium,8.0,167.0,109.0,SG 8.0-167 DD,2020-12
5443,SeaStar,Siemens Gamesa,51.6355,2.8405,Belgium,8.0,167.0,109.0,SG 8.0-167 DD,2020-12
5444,SeaStar,Siemens Gamesa,51.6455,2.853,Belgium,8.0,167.0,109.0,SG 8.0-167 DD,2020-12
5445,SeaStar,Siemens Gamesa,51.6183,2.8425,Belgium,8.0,167.0,109.0,SG 8.0-167 DD,2020-12
5446,SeaStar,Siemens Gamesa,51.6341,2.8741,Belgium,8.0,167.0,109.0,SG 8.0-167 DD,2020-12
5447,SeaStar,Siemens Gamesa,51.6255,2.8279,Belgium,8.0,167.0,109.0,SG 8.0-167 DD,2020-12
5448,SeaStar,Siemens Gamesa,51.6225,2.8717,Belgium,8.0,167.0,109.0,SG 8.0-167 DD,2020-12
5449,SeaStar,Siemens Gamesa,51.6246,2.8626,Belgium,8.0,167.0,109.0,SG 8.0-167 DD,2020-12
5450,SeaStar,Siemens Gamesa,51.6282,2.8552,Belgium,8.0,167.0,109.0,SG 8.0-167 DD,2020-12
5451,SeaStar,Siemens Gamesa,51.6319,2.8479,Belgium,8.0,167.0,109.0,SG 8.0-167 DD,2020-12
5452,SeaStar,Siemens Gamesa,51.6379,2.8671,Belgium,8.0,167.0,109.0,SG 8.0-167 DD,2020-12
5453,SeaStar,Siemens Gamesa,51.6529,2.8986,Belgium,8.0,167.0,109.0,SG 8.0-167 DD,2020-12
5454,SeaStar,Siemens Gamesa,51.6396,2.8934,Belgium,8.0,167.0,109.0,SG 8.0-167 DD,2020-12
5455,SeaStar,Siemens Gamesa,51.6434,2.886,Belgium,8.0,167.0,109.0,SG 8.0-167 DD,2020-12
5456,SeaStar,Siemens Gamesa,51.622,2.8352,Belgium,8.0,167.0,109.0,SG 8.0-167 DD,2020-12
5457,SeaStar,Siemens Gamesa,51.6516,2.8721,Belgium,8.0,167.0,109.0,SG 8.0-167 DD,2020-12
5458,SeaStar,Siemens Gamesa,51.6476,2.8793,Belgium,8.0,167.0,109.0,SG 8.0-167 DD,2020-12
5459,SeaStar,Siemens Gamesa,51.6645,2.8792,Belgium,8.0,167.0,109.0,SG 8.0-167 DD,2020-12
5460,SeaStar,Siemens Gamesa,51.6162,2.8635,Belgium,8.0,167.0,109.0,SG 8.0-167 DD,2020-12
5461,SeaStar,Siemens Gamesa,51.6118,2.8534,Belgium,8.0,167.0,109.0,SG 8.0-167 DD,2020-12
5462,SeaStar,Siemens Gamesa,51.6087,2.8307,Belgium,8.0,167.0,109.0,SG 8.0-167 DD,2020-12
5463,SeaStar,Siemens Gamesa,51.6152,2.8163,Belgium,8.0,167.0,109.0,SG 8.0-167 DD,2020-12
5464,SeaStar,Siemens Gamesa,51.6187,2.854,Belgium,8.0,167.0,109.0,SG 8.0-167 DD,2020-12
5465,SeaStar,Siemens Gamesa,51.6609,2.8854,Belgium,8.0,167.0,109.0,SG 8.0-167 DD,2020-12
5466,SeaStar,Siemens Gamesa,51.6568,2.8918,Belgium,8.0,167.0,109.0,SG 8.0-167 DD,2020-12
5467,SeaStar,Siemens Gamesa,51.655,2.8661,Belgium,8.0,167.0,109.0,SG 8.0-167 DD,2020-12
5468,SeaStar,Siemens Gamesa,51.6417,2.86,Belgium,8.0,167.0,109.0,SG 8.0-167 DD,2020-12
5469,SeaStar,Siemens Gamesa,51.649,2.9052,Belgium,8.0,167.0,109.0,SG 8.0-167 DD,2020-12
5470,Seagreen,Vestas,56.6121,-1.6001,United Kingdom,10.0,164.0,120.0,V164-10.0 MW,2023-10
5471,Seagreen,Vestas,56.5199,-1.8444,United Kingdom,10.0,164.0,120.0,V164-10.0 MW,2023-10
5472,Seagreen,Vestas,56.6557,-1.7311,United Kingdom,10.0,164.0,120.0,V164-10.0 MW,2023-10
5473,Seagreen,Vestas,56.5659,-1.5417,United Kingdom,10.0,164.0,120.0,V164-10.0 MW,2023-10
5474,Seagreen,Vestas,56.5391,-1.5415,United Kingdom,10.0,164.0,120.0,V164-10.0 MW,2023-10
5475,Seagreen,Vestas,56.6498,-1.673,United Kingdom,10.0,164.0,120.0,V164-10.0 MW,2023-10
5476,Seagreen,Vestas,56.6378,-1.9198,United Kingdom,10.0,164.0,120.0,V164-10.0 MW,2023-10
5477,Seagreen,Vestas,56.5805,-1.5852,United Kingdom,10.0,164.0,120.0,V164-10.0 MW,2023-10
5478,Seagreen,Vestas,56.6594,-1.7021,United Kingdom,10.0,164.0,120.0,V164-10.0 MW,2023-10
5479,Seagreen,Vestas,56.5943,-1.585,United Kingdom,10.0,164.0,120.0,V164-10.0 MW,2023-10
5480,Seagreen,Vestas,56.5864,-1.6432,United Kingdom,10.0,164.0,120.0,V164-10.0 MW,2023-10
5481,Seagreen,Vestas,56.5322,-1.8012,United Kingdom,10.0,164.0,120.0,V164-10.0 MW,2023-10
5482,Seagreen,Vestas,56.6262,-1.8029,United Kingdom,10.0,164.0,120.0,V164-10.0 MW,2023-10
5483,Seagreen,Vestas,56.6572,-1.6153,United Kingdom,10.0,164.0,120.0,V164-10.0 MW,2023-10
5484,Seagreen,Vestas,56.6154,-1.7304,United Kingdom,10.0,164.0,120.0,V164-10.0 MW,2023-10
5485,Seagreen,Vestas,56.5365,-1.6136,United Kingdom,10.0,164.0,120.0,V164-10.0 MW,2023-10
5486,Seagreen,Vestas,56.6229,-1.6726,United Kingdom,10.0,164.0,120.0,V164-10.0 MW,2023-10
5487,Seagreen,Vestas,56.5869,-1.8015,United Kingdom,10.0,164.0,120.0,V164-10.0 MW,2023-10
5488,Seagreen,Vestas,56.5596,-1.6428,United Kingdom,10.0,164.0,120.0,V164-10.0 MW,2023-10
5489,Seagreen,Vestas,56.6152,-1.8892,United Kingdom,10.0,164.0,120.0,V164-10.0 MW,2023-10
5490,Seagreen,Vestas,56.551,-1.6572,United Kingdom,10.0,164.0,120.0,V164-10.0 MW,2023-10
5491,Seagreen,Vestas,56.6374,-1.7162,United Kingdom,10.0,164.0,120.0,V164-10.0 MW,2023-10
5492,Seagreen,Vestas,56.5525,-1.5416,United Kingdom,10.0,164.0,120.0,V164-10.0 MW,2023-10
5493,Seagreen,Vestas,56.6195,-1.814,United Kingdom,10.0,164.0,120.0,V164-10.0 MW,2023-10
5494,Seagreen,Vestas,56.5317,-1.5992,United Kingdom,10.0,164.0,120.0,V164-10.0 MW,2023-10
5495,Seagreen,Vestas,56.5264,-1.7435,United Kingdom,10.0,164.0,120.0,V164-10.0 MW,2023-10
5496,Seagreen,Vestas,56.6277,-1.6871,United Kingdom,10.0,164.0,120.0,V164-10.0 MW,2023-10
5497,Seagreen,Vestas,56.624,-1.7161,United Kingdom,10.0,164.0,120.0,V164-10.0 MW,2023-10
5498,Seagreen,Vestas,56.6061,-1.5421,United Kingdom,10.0,164.0,120.0,V164-10.0 MW,2023-10
5499,Seagreen,Vestas,56.6046,-1.7711,United Kingdom,10.0,164.0,120.0,V164-10.0 MW,2023-10
5500,Seagreen,Vestas,56.5956,-1.8314,United Kingdom,10.0,164.0,120.0,V164-10.0 MW,2023-10
5501,Seagreen,Vestas,56.5622,-1.5706,United Kingdom,10.0,164.0,120.0,V164-10.0 MW,2023-10
5502,Seagreen,Vestas,56.5879,-1.6869,United Kingdom,10.0,164.0,120.0,V164-10.0 MW,2023-10
5503,Seagreen,Vestas,56.5976,-1.9181,United Kingdom,10.0,164.0,120.0,V164-10.0 MW,2023-10
5504,Seagreen,Vestas,56.5247,-1.8588,United Kingdom,10.0,164.0,120.0,V164-10.0 MW,2023-10
5505,Seagreen,Vestas,56.6546,-1.6876,United Kingdom,10.0,164.0,120.0,V164-10.0 MW,2023-10
5506,Seagreen,Vestas,56.5745,-1.5275,United Kingdom,10.0,164.0,120.0,V164-10.0 MW,2023-10
5507,Seagreen,Vestas,56.6561,-1.9338,United Kingdom,10.0,164.0,120.0,V164-10.0 MW,2023-10
5508,Seagreen,Vestas,56.6621,-1.6297,United Kingdom,10.0,164.0,120.0,V164-10.0 MW,2023-10
5509,Seagreen,Vestas,56.5376,-1.4986,United Kingdom,10.0,164.0,120.0,V164-10.0 MW,2023-10
5510,Seagreen,Vestas,56.654,-1.8469,United Kingdom,10.0,164.0,120.0,V164-10.0 MW,2023-10
5511,Seagreen,Vestas,56.6307,-1.6144,United Kingdom,10.0,164.0,120.0,V164-10.0 MW,2023-10
5512,Seagreen,Vestas,56.6255,-1.6003,United Kingdom,10.0,164.0,120.0,V164-10.0 MW,2023-10
5513,Seagreen,Vestas,56.6068,-1.7447,United Kingdom,10.0,164.0,120.0,V164-10.0 MW,2023-10
5514,Seagreen,Vestas,56.5171,-1.9165,United Kingdom,10.0,164.0,120.0,V164-10.0 MW,2023-10
5515,Seagreen,Vestas,56.6299,-1.774,United Kingdom,10.0,164.0,120.0,V164-10.0 MW,2023-10
5516,Seagreen,Vestas,56.589,-1.5709,United Kingdom,10.0,164.0,120.0,V164-10.0 MW,2023-10
5517,Seagreen,Vestas,56.6024,-1.9327,United Kingdom,10.0,164.0,120.0,V164-10.0 MW,2023-10
5518,Seagreen,Vestas,56.5353,-1.8187,United Kingdom,10.0,164.0,120.0,V164-10.0 MW,2023-10
5519,Seagreen,Vestas,56.6691,-1.7312,United Kingdom,10.0,164.0,120.0,V164-10.0 MW,2023-10
5520,Seagreen,Vestas,56.5461,-1.6426,United Kingdom,10.0,164.0,120.0,V164-10.0 MW,2023-10
5521,Seagreen,Vestas,56.6186,-1.8607,United Kingdom,10.0,164.0,120.0,V164-10.0 MW,2023-10
5522,Seagreen,Vestas,56.6427,-1.5716,United Kingdom,10.0,164.0,120.0,V164-10.0 MW,2023-10
5523,Seagreen,Vestas,56.5428,-1.5126,United Kingdom,10.0,164.0,120.0,V164-10.0 MW,2023-10
5524,Seagreen,Vestas,56.5305,-1.5558,United Kingdom,10.0,164.0,120.0,V164-10.0 MW,2023-10
5525,Seagreen,Vestas,56.631,-1.8175,United Kingdom,10.0,164.0,120.0,V164-10.0 MW,2023-10
5526,Seagreen,Vestas,56.5979,-1.7587,United Kingdom,10.0,164.0,120.0,V164-10.0 MW,2023-10
5527,Seagreen,Vestas,56.5343,-1.5269,United Kingdom,10.0,164.0,120.0,V164-10.0 MW,2023-10
5528,Seagreen,Vestas,56.5419,-1.8303,United Kingdom,10.0,164.0,120.0,V164-10.0 MW,2023-10
5529,Seagreen,Vestas,56.5495,-1.6141,United Kingdom,10.0,164.0,120.0,V164-10.0 MW,2023-10
5530,Seagreen,Vestas,56.6449,-1.6585,United Kingdom,10.0,164.0,120.0,V164-10.0 MW,2023-10
5531,Seagreen,Vestas,56.5945,-1.7879,United Kingdom,10.0,164.0,120.0,V164-10.0 MW,2023-10
5532,Seagreen,Vestas,56.6111,-1.5559,United Kingdom,10.0,164.0,120.0,V164-10.0 MW,2023-10
5533,Seagreen,Vestas,56.6158,-1.933,United Kingdom,10.0,164.0,120.0,V164-10.0 MW,2023-10
5534,Seagreen,Vestas,56.6669,-1.6443,United Kingdom,10.0,164.0,120.0,V164-10.0 MW,2023-10
5535,Seagreen,Vestas,56.5767,-1.6141,United Kingdom,10.0,164.0,120.0,V164-10.0 MW,2023-10
5536,Seagreen,Vestas,56.5842,-1.5564,United Kingdom,10.0,164.0,120.0,V164-10.0 MW,2023-10
5537,Seagreen,Vestas,56.5741,-1.6865,United Kingdom,10.0,164.0,120.0,V164-10.0 MW,2023-10
5538,Seagreen,Vestas,56.6688,-1.8909,United Kingdom,10.0,164.0,120.0,V164-10.0 MW,2023-10
5539,Seagreen,Vestas,56.646,-1.7019,United Kingdom,10.0,164.0,120.0,V164-10.0 MW,2023-10
5540,Seagreen,Vestas,56.5219,-1.931,United Kingdom,10.0,164.0,120.0,V164-10.0 MW,2023-10
5541,Seagreen,Vestas,56.5339,-1.6857,United Kingdom,10.0,164.0,120.0,V164-10.0 MW,2023-10
5542,Seagreen,Vestas,56.6063,-1.9038,United Kingdom,10.0,164.0,120.0,V164-10.0 MW,2023-10
5543,Seagreen,Vestas,56.5987,-1.5999,United Kingdom,10.0,164.0,120.0,V164-10.0 MW,2023-10
5544,Seagreen,Vestas,56.6422,-1.7309,United Kingdom,10.0,164.0,120.0,V164-10.0 MW,2023-10
5545,Seagreen,Vestas,56.6341,-1.5859,United Kingdom,10.0,164.0,120.0,V164-10.0 MW,2023-10
5546,Seagreen,Vestas,56.561,-1.527,United Kingdom,10.0,164.0,120.0,V164-10.0 MW,2023-10
5547,Seagreen,Vestas,56.6508,-1.7165,United Kingdom,10.0,164.0,120.0,V164-10.0 MW,2023-10
5548,Seagreen,Vestas,56.5271,-1.7863,United Kingdom,10.0,164.0,120.0,V164-10.0 MW,2023-10
5549,Seagreen,Vestas,56.5793,-1.5419,United Kingdom,10.0,164.0,120.0,V164-10.0 MW,2023-10
5550,Seagreen,Vestas,56.5976,-1.5566,United Kingdom,10.0,164.0,120.0,V164-10.0 MW,2023-10
5551,Seagreen,Vestas,56.6048,-1.86,United Kingdom,10.0,164.0,120.0,V164-10.0 MW,2023-10
5552,Seagreen,Vestas,56.5237,-1.8155,United Kingdom,10.0,164.0,120.0,V164-10.0 MW,2023-10
5553,Seagreen,Vestas,56.6643,-1.7168,United Kingdom,10.0,164.0,120.0,V164-10.0 MW,2023-10
5554,Seagreen,Vestas,56.579,-1.701,United Kingdom,10.0,164.0,120.0,V164-10.0 MW,2023-10
5555,Seagreen,Vestas,56.6099,-1.875,United Kingdom,10.0,164.0,120.0,V164-10.0 MW,2023-10
5556,Seagreen,Vestas,56.5213,-1.888,United Kingdom,10.0,164.0,120.0,V164-10.0 MW,2023-10
5557,Seagreen,Vestas,56.5913,-1.6578,United Kingdom,10.0,164.0,120.0,V164-10.0 MW,2023-10
5558,Seagreen,Vestas,56.6717,-1.6589,United Kingdom,10.0,164.0,120.0,V164-10.0 MW,2023-10
5559,Seagreen,Vestas,56.6694,-1.9341,United Kingdom,10.0,164.0,120.0,V164-10.0 MW,2023-10
5560,Seagreen,Vestas,56.6401,-1.6439,United Kingdom,10.0,164.0,120.0,V164-10.0 MW,2023-10
5561,Seagreen,Vestas,56.5644,-1.6573,United Kingdom,10.0,164.0,120.0,V164-10.0 MW,2023-10
5562,Seagreen,Vestas,56.6251,-1.7595,United Kingdom,10.0,164.0,120.0,V164-10.0 MW,2023-10
5563,Seagreen,Vestas,56.5558,-1.6717,United Kingdom,10.0,164.0,120.0,V164-10.0 MW,2023-10
5564,Seagreen,Vestas,56.6352,-1.6293,United Kingdom,10.0,164.0,120.0,V164-10.0 MW,2023-10
5565,Seagreen,Vestas,56.5715,-1.5991,United Kingdom,10.0,164.0,120.0,V164-10.0 MW,2023-10
5566,Seagreen,Vestas,56.6326,-1.7017,United Kingdom,10.0,164.0,120.0,V164-10.0 MW,2023-10
5567,Seagreen,Vestas,56.6369,-1.8755,United Kingdom,10.0,164.0,120.0,V164-10.0 MW,2023-10
5568,Seagreen,Vestas,56.5376,-1.6569,United Kingdom,10.0,164.0,120.0,V164-10.0 MW,2023-10
5569,Seagreen,Vestas,56.5328,-1.6425,United Kingdom,10.0,164.0,120.0,V164-10.0 MW,2023-10
5570,Seagreen,Vestas,56.5451,-1.5993,United Kingdom,10.0,164.0,120.0,V164-10.0 MW,2023-10
5571,Seagreen,Vestas,56.6444,-1.8177,United Kingdom,10.0,164.0,120.0,V164-10.0 MW,2023-10
5572,Seagreen,Vestas,56.6132,-1.6435,United Kingdom,10.0,164.0,120.0,V164-10.0 MW,2023-10
5573,Seagreen,Vestas,56.5548,-1.6284,United Kingdom,10.0,164.0,120.0,V164-10.0 MW,2023-10
5574,Seagreen,Vestas,56.624,-1.5573,United Kingdom,10.0,164.0,120.0,V164-10.0 MW,2023-10
5575,Seagreen,Vestas,56.544,-1.556,United Kingdom,10.0,164.0,120.0,V164-10.0 MW,2023-10
5576,Seagreen,Vestas,56.5763,-1.7732,United Kingdom,10.0,164.0,120.0,V164-10.0 MW,2023-10
5577,Seagreen,Vestas,56.5573,-1.5554,United Kingdom,10.0,164.0,120.0,V164-10.0 MW,2023-10
5578,Seagreen,Vestas,56.6088,-1.6287,United Kingdom,10.0,164.0,120.0,V164-10.0 MW,2023-10
5579,Seagreen,Vestas,56.618,-1.6581,United Kingdom,10.0,164.0,120.0,V164-10.0 MW,2023-10
5580,Seagreen,Vestas,56.5413,-1.6281,United Kingdom,10.0,164.0,120.0,V164-10.0 MW,2023-10
5581,Seagreen,Vestas,56.573,-1.7549,United Kingdom,10.0,164.0,120.0,V164-10.0 MW,2023-10
5582,Seagreen,Vestas,56.6009,-1.6868,United Kingdom,10.0,164.0,120.0,V164-10.0 MW,2023-10
5583,Seagreen,Vestas,56.5562,-1.5128,United Kingdom,10.0,164.0,120.0,V164-10.0 MW,2023-10
5584,Sheringham Shoal,Siemens,53.1006,1.2043,United Kingdom,3.6,107.0,80.0,SWT-3.6-107,2013-04
5585,Sheringham Shoal,Siemens,53.1078,1.1996,United Kingdom,3.6,107.0,80.0,SWT-3.6-107,2013-04
5586,Sheringham Shoal,Siemens,53.149,1.1813,United Kingdom,3.6,107.0,80.0,SWT-3.6-107,2013-04
5587,Sheringham Shoal,Siemens,53.1417,1.186,United Kingdom,3.6,107.0,80.0,SWT-3.6-107,2013-04
5588,Sheringham Shoal,Siemens,53.1345,1.1907,United Kingdom,3.6,107.0,80.0,SWT-3.6-107,2013-04
5589,Sheringham Shoal,Siemens,53.1272,1.1955,United Kingdom,3.6,107.0,80.0,SWT-3.6-107,2013-04
5590,Sheringham Shoal,Siemens,53.1054,1.2096,United Kingdom,3.6,107.0,80.0,SWT-3.6-107,2013-04
5591,Sheringham Shoal,Siemens,53.1127,1.2049,United Kingdom,3.6,107.0,80.0,SWT-3.6-107,2013-04
5592,Sheringham Shoal,Siemens,53.0981,1.2143,United Kingdom,3.6,107.0,80.0,SWT-3.6-107,2013-04
5593,Sheringham Shoal,Siemens,53.1199,1.1747,United Kingdom,3.6,107.0,80.0,SWT-3.6-107,2013-04
5594,Sheringham Shoal,Siemens,53.1126,1.1794,United Kingdom,3.6,107.0,80.0,SWT-3.6-107,2013-04
5595,Sheringham Shoal,Siemens,53.103,1.1942,United Kingdom,3.6,107.0,80.0,SWT-3.6-107,2013-04
5596,Sheringham Shoal,Siemens,53.1199,1.2002,United Kingdom,3.6,107.0,80.0,SWT-3.6-107,2013-04
5597,Sheringham Shoal,Siemens,53.1151,1.1948,United Kingdom,3.6,107.0,80.0,SWT-3.6-107,2013-04
5598,Sheringham Shoal,Siemens,53.1272,1.17,United Kingdom,3.6,107.0,80.0,SWT-3.6-107,2013-04
5599,Sheringham Shoal,Siemens,53.1658,1.0852,United Kingdom,3.6,107.0,80.0,SWT-3.6-107,2013-04
5600,Sheringham Shoal,Siemens,53.1369,1.1807,United Kingdom,3.6,107.0,80.0,SWT-3.6-107,2013-04
5601,Sheringham Shoal,Siemens,53.1514,1.1712,United Kingdom,3.6,107.0,80.0,SWT-3.6-107,2013-04
5602,Sheringham Shoal,Siemens,53.1585,1.0899,United Kingdom,3.6,107.0,80.0,SWT-3.6-107,2013-04
5603,Sheringham Shoal,Siemens,53.1102,1.1895,United Kingdom,3.6,107.0,80.0,SWT-3.6-107,2013-04
5604,Sheringham Shoal,Siemens,53.1175,1.1848,United Kingdom,3.6,107.0,80.0,SWT-3.6-107,2013-04
5605,Sheringham Shoal,Siemens,53.1248,1.18,United Kingdom,3.6,107.0,80.0,SWT-3.6-107,2013-04
5606,Sheringham Shoal,Siemens,53.132,1.1753,United Kingdom,3.6,107.0,80.0,SWT-3.6-107,2013-04
5607,Sheringham Shoal,Siemens,53.1393,1.1706,United Kingdom,3.6,107.0,80.0,SWT-3.6-107,2013-04
5608,Sheringham Shoal,Siemens,53.1465,1.1658,United Kingdom,3.6,107.0,80.0,SWT-3.6-107,2013-04
5609,Sheringham Shoal,Siemens,53.1538,1.1611,United Kingdom,3.6,107.0,80.0,SWT-3.6-107,2013-04
5610,Sheringham Shoal,Siemens,53.1296,1.1854,United Kingdom,3.6,107.0,80.0,SWT-3.6-107,2013-04
5611,Sheringham Shoal,Siemens,53.1054,1.1841,United Kingdom,3.6,107.0,80.0,SWT-3.6-107,2013-04
5612,Sheringham Shoal,Siemens,53.1223,1.1901,United Kingdom,3.6,107.0,80.0,SWT-3.6-107,2013-04
5613,Sheringham Shoal,Siemens,53.1223,1.1391,United Kingdom,3.6,107.0,80.0,SWT-3.6-107,2013-04
5614,Sheringham Shoal,Siemens,53.1441,1.1759,United Kingdom,3.6,107.0,80.0,SWT-3.6-107,2013-04
5615,Sheringham Shoal,Siemens,53.1441,1.1249,United Kingdom,3.6,107.0,80.0,SWT-3.6-107,2013-04
5616,Sheringham Shoal,Siemens,53.1465,1.1403,United Kingdom,3.6,107.0,80.0,SWT-3.6-107,2013-04
5617,Sheringham Shoal,Siemens,53.1223,1.1646,United Kingdom,3.6,107.0,80.0,SWT-3.6-107,2013-04
5618,Sheringham Shoal,Siemens,53.1368,1.1297,United Kingdom,3.6,107.0,80.0,SWT-3.6-107,2013-04
5619,Sheringham Shoal,Siemens,53.115,1.1693,United Kingdom,3.6,107.0,80.0,SWT-3.6-107,2013-04
5620,Sheringham Shoal,Siemens,53.1078,1.1741,United Kingdom,3.6,107.0,80.0,SWT-3.6-107,2013-04
5621,Sheringham Shoal,Siemens,53.1562,1.151,United Kingdom,3.6,107.0,80.0,SWT-3.6-107,2013-04
5622,Sheringham Shoal,Siemens,53.1634,1.1208,United Kingdom,3.6,107.0,80.0,SWT-3.6-107,2013-04
5623,Sheringham Shoal,Siemens,53.149,1.1558,United Kingdom,3.6,107.0,80.0,SWT-3.6-107,2013-04
5624,Sheringham Shoal,Siemens,53.1417,1.1605,United Kingdom,3.6,107.0,80.0,SWT-3.6-107,2013-04
5625,Sheringham Shoal,Siemens,53.1368,1.1552,United Kingdom,3.6,107.0,80.0,SWT-3.6-107,2013-04
5626,Sheringham Shoal,Siemens,53.1441,1.1504,United Kingdom,3.6,107.0,80.0,SWT-3.6-107,2013-04
5627,Sheringham Shoal,Siemens,53.1514,1.1457,United Kingdom,3.6,107.0,80.0,SWT-3.6-107,2013-04
5628,Sheringham Shoal,Siemens,53.1586,1.141,United Kingdom,3.6,107.0,80.0,SWT-3.6-107,2013-04
5629,Sheringham Shoal,Siemens,53.1175,1.1593,United Kingdom,3.6,107.0,80.0,SWT-3.6-107,2013-04
5630,Sheringham Shoal,Siemens,53.1102,1.164,United Kingdom,3.6,107.0,80.0,SWT-3.6-107,2013-04
5631,Sheringham Shoal,Siemens,53.132,1.1498,United Kingdom,3.6,107.0,80.0,SWT-3.6-107,2013-04
5632,Sheringham Shoal,Siemens,53.1126,1.1539,United Kingdom,3.6,107.0,80.0,SWT-3.6-107,2013-04
5633,Sheringham Shoal,Siemens,53.1562,1.1255,United Kingdom,3.6,107.0,80.0,SWT-3.6-107,2013-04
5634,Sheringham Shoal,Siemens,53.1489,1.1303,United Kingdom,3.6,107.0,80.0,SWT-3.6-107,2013-04
5635,Sheringham Shoal,Siemens,53.1416,1.135,United Kingdom,3.6,107.0,80.0,SWT-3.6-107,2013-04
5636,Sheringham Shoal,Siemens,53.1344,1.1397,United Kingdom,3.6,107.0,80.0,SWT-3.6-107,2013-04
5637,Sheringham Shoal,Siemens,53.1199,1.1492,United Kingdom,3.6,107.0,80.0,SWT-3.6-107,2013-04
5638,Sheringham Shoal,Siemens,53.1271,1.1445,United Kingdom,3.6,107.0,80.0,SWT-3.6-107,2013-04
5639,Sheringham Shoal,Siemens,53.161,1.1309,United Kingdom,3.6,107.0,80.0,SWT-3.6-107,2013-04
5640,Sheringham Shoal,Siemens,53.1538,1.1356,United Kingdom,3.6,107.0,80.0,SWT-3.6-107,2013-04
5641,Sheringham Shoal,Siemens,53.1296,1.1599,United Kingdom,3.6,107.0,80.0,SWT-3.6-107,2013-04
5642,Sheringham Shoal,Siemens,53.1247,1.1545,United Kingdom,3.6,107.0,80.0,SWT-3.6-107,2013-04
5643,Sheringham Shoal,Siemens,53.1392,1.1451,United Kingdom,3.6,107.0,80.0,SWT-3.6-107,2013-04
5644,Sheringham Shoal,Siemens,53.173,1.0804,United Kingdom,3.6,107.0,80.0,SWT-3.6-107,2013-04
5645,Sheringham Shoal,Siemens,53.1271,1.119,United Kingdom,3.6,107.0,80.0,SWT-3.6-107,2013-04
5646,Sheringham Shoal,Siemens,53.1198,1.1237,United Kingdom,3.6,107.0,80.0,SWT-3.6-107,2013-04
5647,Sheringham Shoal,Siemens,53.1682,1.1006,United Kingdom,3.6,107.0,80.0,SWT-3.6-107,2013-04
5648,Sheringham Shoal,Siemens,53.161,1.1054,United Kingdom,3.6,107.0,80.0,SWT-3.6-107,2013-04
5649,Sheringham Shoal,Siemens,53.1537,1.1101,United Kingdom,3.6,107.0,80.0,SWT-3.6-107,2013-04
5650,Sheringham Shoal,Siemens,53.1465,1.1148,United Kingdom,3.6,107.0,80.0,SWT-3.6-107,2013-04
5651,Sheringham Shoal,Siemens,53.1343,1.1142,United Kingdom,3.6,107.0,80.0,SWT-3.6-107,2013-04
5652,Sheringham Shoal,Siemens,53.1392,1.1196,United Kingdom,3.6,107.0,80.0,SWT-3.6-107,2013-04
5653,Sheringham Shoal,Siemens,53.1344,1.1652,United Kingdom,3.6,107.0,80.0,SWT-3.6-107,2013-04
5654,Sheringham Shoal,Siemens,53.1247,1.1291,United Kingdom,3.6,107.0,80.0,SWT-3.6-107,2013-04
5655,Sheringham Shoal,Siemens,53.1174,1.1338,United Kingdom,3.6,107.0,80.0,SWT-3.6-107,2013-04
5656,Sheringham Shoal,Siemens,53.1658,1.1107,United Kingdom,3.6,107.0,80.0,SWT-3.6-107,2013-04
5657,Sheringham Shoal,Siemens,53.1586,1.1154,United Kingdom,3.6,107.0,80.0,SWT-3.6-107,2013-04
5658,Sheringham Shoal,Siemens,53.1513,1.1202,United Kingdom,3.6,107.0,80.0,SWT-3.6-107,2013-04
5659,Sheringham Shoal,Siemens,53.1319,1.1243,United Kingdom,3.6,107.0,80.0,SWT-3.6-107,2013-04
5660,Sheringham Shoal,Siemens,53.115,1.1439,United Kingdom,3.6,107.0,80.0,SWT-3.6-107,2013-04
5661,Sheringham Shoal,Siemens,53.1416,1.1095,United Kingdom,3.6,107.0,80.0,SWT-3.6-107,2013-04
5662,Sheringham Shoal,Siemens,53.1561,1.1,United Kingdom,3.6,107.0,80.0,SWT-3.6-107,2013-04
5663,Sheringham Shoal,Siemens,53.1634,1.0953,United Kingdom,3.6,107.0,80.0,SWT-3.6-107,2013-04
5664,Sheringham Shoal,Siemens,53.1706,1.0905,United Kingdom,3.6,107.0,80.0,SWT-3.6-107,2013-04
5665,Sheringham Shoal,Siemens,53.1222,1.1136,United Kingdom,3.6,107.0,80.0,SWT-3.6-107,2013-04
5666,Sheringham Shoal,Siemens,53.1295,1.1089,United Kingdom,3.6,107.0,80.0,SWT-3.6-107,2013-04
5667,Sheringham Shoal,Siemens,53.1367,1.1042,United Kingdom,3.6,107.0,80.0,SWT-3.6-107,2013-04
5668,Sheringham Shoal,Siemens,53.144,1.0994,United Kingdom,3.6,107.0,80.0,SWT-3.6-107,2013-04
5669,Sheringham Shoal,Siemens,53.1295,1.1344,United Kingdom,3.6,107.0,80.0,SWT-3.6-107,2013-04
5670,Sheringham Shoal,Siemens,53.1489,1.1048,United Kingdom,3.6,107.0,80.0,SWT-3.6-107,2013-04
5671,Sheringham Shoal,Siemens,53.1513,1.0947,United Kingdom,3.6,107.0,80.0,SWT-3.6-107,2013-04
5672,Sprogo,Vestas,55.3455,10.9742,Denmark,3.0,90.0,70.0,V90-3.0 MW Offshore,2009-12
5673,Sprogo,Vestas,55.3411,10.9396,Denmark,3.0,90.0,70.0,V90-3.0 MW Offshore,2009-12
5674,Sprogo,Vestas,55.3428,10.9534,Denmark,3.0,90.0,70.0,V90-3.0 MW Offshore,2009-12
5675,Sprogo,Vestas,55.3419,10.9465,Denmark,3.0,90.0,70.0,V90-3.0 MW Offshore,2009-12
5676,Sprogo,Vestas,55.3437,10.9604,Denmark,3.0,90.0,70.0,V90-3.0 MW Offshore,2009-12
5677,Sprogo,Vestas,55.3446,10.9673,Denmark,3.0,90.0,70.0,V90-3.0 MW Offshore,2009-12
5678,Sprogo,Vestas,55.3463,10.9811,Denmark,3.0,90.0,70.0,V90-3.0 MW Offshore,2009-12
5679,Teesside,Siemens,54.6439,-1.0912,United Kingdom,2.3,93.0,80.0,SWT-2.3-93,2014-04
5680,Teesside,Siemens,54.647,-1.0841,United Kingdom,2.3,93.0,80.0,SWT-2.3-93,2014-04
5681,Teesside,Siemens,54.6433,-1.0759,United Kingdom,2.3,93.0,80.0,SWT-2.3-93,2014-04
5682,Teesside,Siemens,54.6452,-1.08,United Kingdom,2.3,93.0,80.0,SWT-2.3-93,2014-04
5683,Teesside,Siemens,54.6507,-1.0923,United Kingdom,2.3,93.0,80.0,SWT-2.3-93,2014-04
5684,Teesside,Siemens,54.649,-1.0883,United Kingdom,2.3,93.0,80.0,SWT-2.3-93,2014-04
5685,Teesside,Siemens,54.6527,-1.0968,United Kingdom,2.3,93.0,80.0,SWT-2.3-93,2014-04
5686,Teesside,Siemens,54.642,-1.087,United Kingdom,2.3,93.0,80.0,SWT-2.3-93,2014-04
5687,Teesside,Siemens,54.6533,-1.1123,United Kingdom,2.3,93.0,80.0,SWT-2.3-93,2014-04
5688,Teesside,Siemens,54.6502,-1.1205,United Kingdom,2.3,93.0,80.0,SWT-2.3-93,2014-04
5689,Teesside,Siemens,54.6483,-1.1159,United Kingdom,2.3,93.0,80.0,SWT-2.3-93,2014-04
5690,Teesside,Siemens,54.6466,-1.1116,United Kingdom,2.3,93.0,80.0,SWT-2.3-93,2014-04
5691,Teesside,Siemens,54.6446,-1.1072,United Kingdom,2.3,93.0,80.0,SWT-2.3-93,2014-04
5692,Teesside,Siemens,54.6409,-1.0987,United Kingdom,2.3,93.0,80.0,SWT-2.3-93,2014-04
5693,Teesside,Siemens,54.639,-1.0945,United Kingdom,2.3,93.0,80.0,SWT-2.3-93,2014-04
5694,Teesside,Siemens,54.6545,-1.1006,United Kingdom,2.3,93.0,80.0,SWT-2.3-93,2014-04
5695,Teesside,Siemens,54.6371,-1.0903,United Kingdom,2.3,93.0,80.0,SWT-2.3-93,2014-04
5696,Teesside,Siemens,54.6383,-1.0788,United Kingdom,2.3,93.0,80.0,SWT-2.3-93,2014-04
5697,Teesside,Siemens,54.6401,-1.0829,United Kingdom,2.3,93.0,80.0,SWT-2.3-93,2014-04
5698,Teesside,Siemens,54.6457,-1.0953,United Kingdom,2.3,93.0,80.0,SWT-2.3-93,2014-04
5699,Teesside,Siemens,54.6476,-1.0994,United Kingdom,2.3,93.0,80.0,SWT-2.3-93,2014-04
5700,Teesside,Siemens,54.6495,-1.1036,United Kingdom,2.3,93.0,80.0,SWT-2.3-93,2014-04
5701,Teesside,Siemens,54.6514,-1.1078,United Kingdom,2.3,93.0,80.0,SWT-2.3-93,2014-04
5702,Teesside,Siemens,54.6353,-1.0862,United Kingdom,2.3,93.0,80.0,SWT-2.3-93,2014-04
5703,Teesside,Siemens,54.6428,-1.1028,United Kingdom,2.3,93.0,80.0,SWT-2.3-93,2014-04
5704,Teesside,Siemens,54.6414,-1.0717,United Kingdom,2.3,93.0,80.0,SWT-2.3-93,2014-04
5705,Teesside,Siemens,54.6396,-1.0676,United Kingdom,2.3,93.0,80.0,SWT-2.3-93,2014-04
5706,TetraSpar Demonstrator - Metcentre,Siemens,59.1506,5.0139,Norway,3.6,120.0,88.0,SWT-3.6-120,2021-12
5707,Thanet,Vestas,51.411,1.6473,United Kingdom,3.0,90.0,70.0,V90-3.0 MW Offshore,2010-09
5708,Thanet,Vestas,51.4551,1.5967,United Kingdom,3.0,90.0,70.0,V90-3.0 MW Offshore,2010-09
5709,Thanet,Vestas,51.4086,1.6378,United Kingdom,3.0,90.0,70.0,V90-3.0 MW Offshore,2010-09
5710,Thanet,Vestas,51.4038,1.6706,United Kingdom,3.0,90.0,70.0,V90-3.0 MW Offshore,2010-09
5711,Thanet,Vestas,51.4045,1.6565,United Kingdom,3.0,90.0,70.0,V90-3.0 MW Offshore,2010-09
5712,Thanet,Vestas,51.4053,1.6418,United Kingdom,3.0,90.0,70.0,V90-3.0 MW Offshore,2010-09
5713,Thanet,Vestas,51.406,1.6282,United Kingdom,3.0,90.0,70.0,V90-3.0 MW Offshore,2010-09
5714,Thanet,Vestas,51.4117,1.6333,United Kingdom,3.0,90.0,70.0,V90-3.0 MW Offshore,2010-09
5715,Thanet,Vestas,51.4063,1.6802,United Kingdom,3.0,90.0,70.0,V90-3.0 MW Offshore,2010-09
5716,Thanet,Vestas,51.4135,1.6569,United Kingdom,3.0,90.0,70.0,V90-3.0 MW Offshore,2010-09
5717,Thanet,Vestas,51.4094,1.6755,United Kingdom,3.0,90.0,70.0,V90-3.0 MW Offshore,2010-09
5718,Thanet,Vestas,51.456,1.6346,United Kingdom,3.0,90.0,70.0,V90-3.0 MW Offshore,2010-09
5719,Thanet,Vestas,51.4093,1.6236,United Kingdom,3.0,90.0,70.0,V90-3.0 MW Offshore,2010-09
5720,Thanet,Vestas,51.4103,1.6614,United Kingdom,3.0,90.0,70.0,V90-3.0 MW Offshore,2010-09
5721,Thanet,Vestas,51.4078,1.6519,United Kingdom,3.0,90.0,70.0,V90-3.0 MW Offshore,2010-09
5722,Thanet,Vestas,51.407,1.6661,United Kingdom,3.0,90.0,70.0,V90-3.0 MW Offshore,2010-09
5723,Thanet,Vestas,51.4535,1.6251,United Kingdom,3.0,90.0,70.0,V90-3.0 MW Offshore,2010-09
5724,Thanet,Vestas,51.4511,1.6154,United Kingdom,3.0,90.0,70.0,V90-3.0 MW Offshore,2010-09
5725,Thanet,Vestas,51.4437,1.5869,United Kingdom,3.0,90.0,70.0,V90-3.0 MW Offshore,2010-09
5726,Thanet,Vestas,51.4504,1.6296,United Kingdom,3.0,90.0,70.0,V90-3.0 MW Offshore,2010-09
5727,Thanet,Vestas,51.4486,1.606,United Kingdom,3.0,90.0,70.0,V90-3.0 MW Offshore,2010-09
5728,Thanet,Vestas,51.4494,1.5919,United Kingdom,3.0,90.0,70.0,V90-3.0 MW Offshore,2010-09
5729,Thanet,Vestas,51.4497,1.6437,United Kingdom,3.0,90.0,70.0,V90-3.0 MW Offshore,2010-09
5730,Thanet,Vestas,51.4528,1.6392,United Kingdom,3.0,90.0,70.0,V90-3.0 MW Offshore,2010-09
5731,Thanet,Vestas,51.4124,1.619,United Kingdom,3.0,90.0,70.0,V90-3.0 MW Offshore,2010-09
5732,Thanet,Vestas,51.4519,1.6013,United Kingdom,3.0,90.0,70.0,V90-3.0 MW Offshore,2010-09
5733,Thanet,Vestas,51.4543,1.6109,United Kingdom,3.0,90.0,70.0,V90-3.0 MW Offshore,2010-09
5734,Thanet,Vestas,51.4472,1.6343,United Kingdom,3.0,90.0,70.0,V90-3.0 MW Offshore,2010-09
5735,Thanet,Vestas,51.4127,1.6709,United Kingdom,3.0,90.0,70.0,V90-3.0 MW Offshore,2010-09
5736,Thanet,Vestas,51.447,1.5822,United Kingdom,3.0,90.0,70.0,V90-3.0 MW Offshore,2010-09
5737,Thanet,Vestas,51.4462,1.5965,United Kingdom,3.0,90.0,70.0,V90-3.0 MW Offshore,2010-09
5738,Thanet,Vestas,51.4457,1.647,United Kingdom,3.0,90.0,70.0,V90-3.0 MW Offshore,2010-09
5739,Thanet,Vestas,51.4455,1.6106,United Kingdom,3.0,90.0,70.0,V90-3.0 MW Offshore,2010-09
5740,Thanet,Vestas,51.4447,1.6247,United Kingdom,3.0,90.0,70.0,V90-3.0 MW Offshore,2010-09
5741,Thanet,Vestas,51.444,1.6389,United Kingdom,3.0,90.0,70.0,V90-3.0 MW Offshore,2010-09
5742,Thanet,Vestas,51.448,1.6201,United Kingdom,3.0,90.0,70.0,V90-3.0 MW Offshore,2010-09
5743,Thanet,Vestas,51.4575,1.6062,United Kingdom,3.0,90.0,70.0,V90-3.0 MW Offshore,2010-09
5744,Thanet,Vestas,51.4279,1.662,United Kingdom,3.0,90.0,70.0,V90-3.0 MW Offshore,2010-09
5745,Thanet,Vestas,51.4433,1.653,United Kingdom,3.0,90.0,70.0,V90-3.0 MW Offshore,2010-09
5746,Thanet,Vestas,51.4287,1.6479,United Kingdom,3.0,90.0,70.0,V90-3.0 MW Offshore,2010-09
5747,Thanet,Vestas,51.4412,1.5773,United Kingdom,3.0,90.0,70.0,V90-3.0 MW Offshore,2010-09
5748,Thanet,Vestas,51.4408,1.6435,United Kingdom,3.0,90.0,70.0,V90-3.0 MW Offshore,2010-09
5749,Thanet,Vestas,51.4401,1.6576,United Kingdom,3.0,90.0,70.0,V90-3.0 MW Offshore,2010-09
5750,Thanet,Vestas,51.4316,1.5913,United Kingdom,3.0,90.0,70.0,V90-3.0 MW Offshore,2010-09
5751,Thanet,Vestas,51.4295,1.6337,United Kingdom,3.0,90.0,70.0,V90-3.0 MW Offshore,2010-09
5752,Thanet,Vestas,51.4302,1.6196,United Kingdom,3.0,90.0,70.0,V90-3.0 MW Offshore,2010-09
5753,Thanet,Vestas,51.4305,1.6715,United Kingdom,3.0,90.0,70.0,V90-3.0 MW Offshore,2010-09
5754,Thanet,Vestas,51.4406,1.5915,United Kingdom,3.0,90.0,70.0,V90-3.0 MW Offshore,2010-09
5755,Thanet,Vestas,51.4309,1.6054,United Kingdom,3.0,90.0,70.0,V90-3.0 MW Offshore,2010-09
5756,Thanet,Vestas,51.4312,1.6573,United Kingdom,3.0,90.0,70.0,V90-3.0 MW Offshore,2010-09
5757,Thanet,Vestas,51.4319,1.6432,United Kingdom,3.0,90.0,70.0,V90-3.0 MW Offshore,2010-09
5758,Thanet,Vestas,51.4327,1.629,United Kingdom,3.0,90.0,70.0,V90-3.0 MW Offshore,2010-09
5759,Thanet,Vestas,51.4415,1.6294,United Kingdom,3.0,90.0,70.0,V90-3.0 MW Offshore,2010-09
5760,Thanet,Vestas,51.4334,1.615,United Kingdom,3.0,90.0,70.0,V90-3.0 MW Offshore,2010-09
5761,Thanet,Vestas,51.4341,1.6009,United Kingdom,3.0,90.0,70.0,V90-3.0 MW Offshore,2010-09
5762,Thanet,Vestas,51.4344,1.6526,United Kingdom,3.0,90.0,70.0,V90-3.0 MW Offshore,2010-09
5763,Thanet,Vestas,51.4348,1.5867,United Kingdom,3.0,90.0,70.0,V90-3.0 MW Offshore,2010-09
5764,Thanet,Vestas,51.4351,1.6385,United Kingdom,3.0,90.0,70.0,V90-3.0 MW Offshore,2010-09
5765,Thanet,Vestas,51.4359,1.6244,United Kingdom,3.0,90.0,70.0,V90-3.0 MW Offshore,2010-09
5766,Thanet,Vestas,51.4366,1.6104,United Kingdom,3.0,90.0,70.0,V90-3.0 MW Offshore,2010-09
5767,Thanet,Vestas,51.4368,1.6623,United Kingdom,3.0,90.0,70.0,V90-3.0 MW Offshore,2010-09
5768,Thanet,Vestas,51.4374,1.5961,United Kingdom,3.0,90.0,70.0,V90-3.0 MW Offshore,2010-09
5769,Thanet,Vestas,51.4375,1.6481,United Kingdom,3.0,90.0,70.0,V90-3.0 MW Offshore,2010-09
5770,Thanet,Vestas,51.4381,1.582,United Kingdom,3.0,90.0,70.0,V90-3.0 MW Offshore,2010-09
5771,Thanet,Vestas,51.4383,1.6339,United Kingdom,3.0,90.0,70.0,V90-3.0 MW Offshore,2010-09
5772,Thanet,Vestas,51.439,1.6198,United Kingdom,3.0,90.0,70.0,V90-3.0 MW Offshore,2010-09
5773,Thanet,Vestas,51.4397,1.6058,United Kingdom,3.0,90.0,70.0,V90-3.0 MW Offshore,2010-09
5774,Thanet,Vestas,51.4336,1.6669,United Kingdom,3.0,90.0,70.0,V90-3.0 MW Offshore,2010-09
5775,Thanet,Vestas,51.4285,1.5959,United Kingdom,3.0,90.0,70.0,V90-3.0 MW Offshore,2010-09
5776,Thanet,Vestas,51.4568,1.6203,United Kingdom,3.0,90.0,70.0,V90-3.0 MW Offshore,2010-09
5777,Thanet,Vestas,51.4141,1.6427,United Kingdom,3.0,90.0,70.0,V90-3.0 MW Offshore,2010-09
5778,Thanet,Vestas,51.4238,1.6288,United Kingdom,3.0,90.0,70.0,V90-3.0 MW Offshore,2010-09
5779,Thanet,Vestas,51.423,1.6429,United Kingdom,3.0,90.0,70.0,V90-3.0 MW Offshore,2010-09
5780,Thanet,Vestas,51.422,1.6052,United Kingdom,3.0,90.0,70.0,V90-3.0 MW Offshore,2010-09
5781,Thanet,Vestas,51.4215,1.6713,United Kingdom,3.0,90.0,70.0,V90-3.0 MW Offshore,2010-09
5782,Thanet,Vestas,51.4157,1.6145,United Kingdom,3.0,90.0,70.0,V90-3.0 MW Offshore,2010-09
5783,Thanet,Vestas,51.4213,1.6193,United Kingdom,3.0,90.0,70.0,V90-3.0 MW Offshore,2010-09
5784,Thanet,Vestas,51.4206,1.6333,United Kingdom,3.0,90.0,70.0,V90-3.0 MW Offshore,2010-09
5785,Thanet,Vestas,51.4198,1.6476,United Kingdom,3.0,90.0,70.0,V90-3.0 MW Offshore,2010-09
5786,Thanet,Vestas,51.4191,1.6617,United Kingdom,3.0,90.0,70.0,V90-3.0 MW Offshore,2010-09
5787,Thanet,Vestas,51.4189,1.6097,United Kingdom,3.0,90.0,70.0,V90-3.0 MW Offshore,2010-09
5788,Thanet,Vestas,51.4184,1.6758,United Kingdom,3.0,90.0,70.0,V90-3.0 MW Offshore,2010-09
5789,Thanet,Vestas,51.4181,1.6239,United Kingdom,3.0,90.0,70.0,V90-3.0 MW Offshore,2010-09
5790,Thanet,Vestas,51.4174,1.6381,United Kingdom,3.0,90.0,70.0,V90-3.0 MW Offshore,2010-09
5791,Thanet,Vestas,51.4166,1.6522,United Kingdom,3.0,90.0,70.0,V90-3.0 MW Offshore,2010-09
5792,Thanet,Vestas,51.4277,1.6101,United Kingdom,3.0,90.0,70.0,V90-3.0 MW Offshore,2010-09
5793,Thanet,Vestas,51.4241,1.6808,United Kingdom,3.0,90.0,70.0,V90-3.0 MW Offshore,2010-09
5794,Thanet,Vestas,51.4248,1.6666,United Kingdom,3.0,90.0,70.0,V90-3.0 MW Offshore,2010-09
5795,Thanet,Vestas,51.4223,1.6571,United Kingdom,3.0,90.0,70.0,V90-3.0 MW Offshore,2010-09
5796,Thanet,Vestas,51.4253,1.6005,United Kingdom,3.0,90.0,70.0,V90-3.0 MW Offshore,2010-09
5797,Thanet,Vestas,51.4255,1.6524,United Kingdom,3.0,90.0,70.0,V90-3.0 MW Offshore,2010-09
5798,Thanet,Vestas,51.4263,1.6383,United Kingdom,3.0,90.0,70.0,V90-3.0 MW Offshore,2010-09
5799,Thanet,Vestas,51.4272,1.6761,United Kingdom,3.0,90.0,70.0,V90-3.0 MW Offshore,2010-09
5800,Thanet,Vestas,51.4148,1.6285,United Kingdom,3.0,90.0,70.0,V90-3.0 MW Offshore,2010-09
5801,Thanet,Vestas,51.427,1.6242,United Kingdom,3.0,90.0,70.0,V90-3.0 MW Offshore,2010-09
5802,Thanet,Vestas,51.4422,1.6152,United Kingdom,3.0,90.0,70.0,V90-3.0 MW Offshore,2010-09
5803,Thanet,Vestas,51.443,1.6011,United Kingdom,3.0,90.0,70.0,V90-3.0 MW Offshore,2010-09
5804,Thanet,Vestas,51.4152,1.6805,United Kingdom,3.0,90.0,70.0,V90-3.0 MW Offshore,2010-09
5805,Thanet,Vestas,51.4158,1.6663,United Kingdom,3.0,90.0,70.0,V90-3.0 MW Offshore,2010-09
5806,Thanet,Vestas,51.4245,1.6147,United Kingdom,3.0,90.0,70.0,V90-3.0 MW Offshore,2010-09
5807,Thornton Bank - phase I,Senvion,51.5427,2.9413,Belgium,5.08,126.0,94.0,5M,2009-05
5808,Thornton Bank - phase I,Senvion,51.5453,2.9355,Belgium,5.08,126.0,94.0,5M,2009-05
5809,Thornton Bank - phase I,Senvion,51.5401,2.9472,Belgium,5.08,126.0,94.0,5M,2009-05
5810,Thornton Bank - phase I,Senvion,51.5376,2.9531,Belgium,5.08,126.0,94.0,5M,2009-05
5811,Thornton Bank - phase I,Senvion,51.5505,2.9237,Belgium,5.08,126.0,94.0,5M,2009-05
5812,Thornton Bank - phase I,Senvion,51.548,2.9296,Belgium,5.08,126.0,94.0,5M,2009-05
5813,Thornton Bank - phase II and III,Senvion,51.5696,2.9702,Belgium,6.15,126.0,94.0,6.2M126,2013-09
5814,Thornton Bank - phase II and III,Senvion,51.5603,3.0046,Belgium,6.15,126.0,94.0,6.2M126,2013-09
5815,Thornton Bank - phase II and III,Senvion,51.5247,2.9398,Belgium,6.15,126.0,94.0,6.2M126,2013-09
5816,Thornton Bank - phase II and III,Senvion,51.5296,2.9504,Belgium,6.15,126.0,94.0,6.2M126,2013-09
5817,Thornton Bank - phase II and III,Senvion,51.5747,2.9968,Belgium,6.15,126.0,94.0,6.2M126,2013-09
5818,Thornton Bank - phase II and III,Senvion,51.5712,3.0032,Belgium,6.15,126.0,94.0,6.2M126,2013-09
5819,Thornton Bank - phase II and III,Senvion,51.5675,3.0097,Belgium,6.15,126.0,94.0,6.2M126,2013-09
5820,Thornton Bank - phase II and III,Senvion,51.5698,2.9877,Belgium,6.15,126.0,94.0,6.2M126,2013-09
5821,Thornton Bank - phase II and III,Senvion,51.5651,2.9961,Belgium,6.15,126.0,94.0,6.2M126,2013-09
5822,Thornton Bank - phase II and III,Senvion,51.5745,2.9792,Belgium,6.15,126.0,94.0,6.2M126,2013-09
5823,Thornton Bank - phase II and III,Senvion,51.5649,2.9786,Belgium,6.15,126.0,94.0,6.2M126,2013-09
5824,Thornton Bank - phase II and III,Senvion,51.5336,2.9423,Belgium,6.15,126.0,94.0,6.2M126,2013-09
5825,Thornton Bank - phase II and III,Senvion,51.5289,2.932,Belgium,6.15,126.0,94.0,6.2M126,2013-09
5826,Thornton Bank - phase II and III,Senvion,51.5548,2.9787,Belgium,6.15,126.0,94.0,6.2M126,2013-09
5827,Thornton Bank - phase II and III,Senvion,51.5338,2.9067,Belgium,6.15,126.0,94.0,6.2M126,2013-09
5828,Thornton Bank - phase II and III,Senvion,51.5343,2.9605,Belgium,6.15,126.0,94.0,6.2M126,2013-09
5829,Thornton Bank - phase II and III,Senvion,51.5467,2.885,Belgium,6.15,126.0,94.0,6.2M126,2013-09
5830,Thornton Bank - phase II and III,Senvion,51.5573,2.9083,Belgium,6.15,126.0,94.0,6.2M126,2013-09
5831,Thornton Bank - phase II and III,Senvion,51.5588,2.9535,Belgium,6.15,126.0,94.0,6.2M126,2013-09
5832,Thornton Bank - phase II and III,Senvion,51.5639,3.0162,Belgium,6.15,126.0,94.0,6.2M126,2013-09
5833,Thornton Bank - phase II and III,Senvion,51.5448,2.9786,Belgium,6.15,126.0,94.0,6.2M126,2013-09
5834,Thornton Bank - phase II and III,Senvion,51.5518,2.9661,Belgium,6.15,126.0,94.0,6.2M126,2013-09
5835,Thornton Bank - phase II and III,Senvion,51.5809,3.0036,Belgium,6.15,126.0,94.0,6.2M126,2013-09
5836,Thornton Bank - phase II and III,Senvion,51.5594,2.9706,Belgium,6.15,126.0,94.0,6.2M126,2013-09
5837,Thornton Bank - phase II and III,Senvion,51.564,2.9623,Belgium,6.15,126.0,94.0,6.2M126,2013-09
5838,Thornton Bank - phase II and III,Senvion,51.5483,2.9723,Belgium,6.15,126.0,94.0,6.2M126,2013-09
5839,Thornton Bank - phase II and III,Senvion,51.5784,2.9902,Belgium,6.15,126.0,94.0,6.2M126,2013-09
5840,Thornton Bank - phase II and III,Senvion,51.5553,2.9599,Belgium,6.15,126.0,94.0,6.2M126,2013-09
5841,Thornton Bank - phase II and III,Senvion,51.5602,2.9871,Belgium,6.15,126.0,94.0,6.2M126,2013-09
5842,Thornton Bank - phase II and III,Senvion,51.5208,2.9282,Belgium,6.15,126.0,94.0,6.2M126,2013-09
5843,Thornton Bank - phase II and III,Senvion,51.5773,3.0101,Belgium,6.15,126.0,94.0,6.2M126,2013-09
5844,Thornton Bank - phase II and III,Senvion,51.5555,2.9954,Belgium,6.15,126.0,94.0,6.2M126,2013-09
5845,Thornton Bank - phase II and III,Senvion,51.5453,2.9184,Belgium,6.15,126.0,94.0,6.2M126,2013-09
5846,Thornton Bank - phase II and III,Senvion,51.5251,2.921,Belgium,6.15,126.0,94.0,6.2M126,2013-09
5847,Thornton Bank - phase II and III,Senvion,51.5375,2.9345,Belgium,6.15,126.0,94.0,6.2M126,2013-09
5848,Thornton Bank - phase II and III,Senvion,51.5331,2.9242,Belgium,6.15,126.0,94.0,6.2M126,2013-09
5849,Thornton Bank - phase II and III,Senvion,51.5502,2.8927,Belgium,6.15,126.0,94.0,6.2M126,2013-09
5850,Thornton Bank - phase II and III,Senvion,51.5414,2.9264,Belgium,6.15,126.0,94.0,6.2M126,2013-09
5851,Thornton Bank - phase II and III,Senvion,51.5373,2.9165,Belgium,6.15,126.0,94.0,6.2M126,2013-09
5852,Thornton Bank - phase II and III,Senvion,51.5295,2.9138,Belgium,6.15,126.0,94.0,6.2M126,2013-09
5853,Thornton Bank - phase II and III,Senvion,51.5416,2.9087,Belgium,6.15,126.0,94.0,6.2M126,2013-09
5854,Thornton Bank - phase II and III,Senvion,51.5381,2.8994,Belgium,6.15,126.0,94.0,6.2M126,2013-09
5855,Thornton Bank - phase II and III,Senvion,51.554,2.9158,Belgium,6.15,126.0,94.0,6.2M126,2013-09
5856,Thornton Bank - phase II and III,Senvion,51.5492,2.9104,Belgium,6.15,126.0,94.0,6.2M126,2013-09
5857,Thornton Bank - phase II and III,Senvion,51.5458,2.9009,Belgium,6.15,126.0,94.0,6.2M126,2013-09
5858,Thornton Bank - phase II and III,Senvion,51.5423,2.8923,Belgium,6.15,126.0,94.0,6.2M126,2013-09
5859,Thornton Bank - phase II and III,Senvion,51.5537,2.901,Belgium,6.15,126.0,94.0,6.2M126,2013-09
5860,Thornton Bank - phase II and III,Senvion,51.5501,2.9869,Belgium,6.15,126.0,94.0,6.2M126,2013-09
5861,Trianel Windpark Borkum 1,Adwen,54.061,6.4448,Germany,5.0,116.0,90.0,M5000-116,2015-09
5862,Trianel Windpark Borkum 1,Adwen,54.0002,6.4482,Germany,5.0,116.0,90.0,M5000-116,2015-09
5863,Trianel Windpark Borkum 1,Adwen,54.0701,6.4579,Germany,5.0,116.0,90.0,M5000-116,2015-09
5864,Trianel Windpark Borkum 1,Adwen,54.0791,6.4573,Germany,5.0,116.0,90.0,M5000-116,2015-09
5865,Trianel Windpark Borkum 1,Adwen,54.0082,6.4478,Germany,5.0,116.0,90.0,M5000-116,2015-09
5866,Trianel Windpark Borkum 1,Adwen,54.07,6.4442,Germany,5.0,116.0,90.0,M5000-116,2015-09
5867,Trianel Windpark Borkum 1,Adwen,54.0164,6.4473,Germany,5.0,116.0,90.0,M5000-116,2015-09
5868,Trianel Windpark Borkum 1,Adwen,54.0879,6.4431,Germany,5.0,116.0,90.0,M5000-116,2015-09
5869,Trianel Windpark Borkum 1,Adwen,54.0788,6.4299,Germany,5.0,116.0,90.0,M5000-116,2015-09
5870,Trianel Windpark Borkum 1,Adwen,54.0877,6.4293,Germany,5.0,116.0,90.0,M5000-116,2015-09
5871,Trianel Windpark Borkum 1,Adwen,54.0613,6.4171,Germany,5.0,116.0,90.0,M5000-116,2015-09
5872,Trianel Windpark Borkum 1,Adwen,54.0701,6.4166,Germany,5.0,116.0,90.0,M5000-116,2015-09
5873,Trianel Windpark Borkum 1,Adwen,54.0788,6.4161,Germany,5.0,116.0,90.0,M5000-116,2015-09
5874,Trianel Windpark Borkum 1,Adwen,54.0612,6.4584,Germany,5.0,116.0,90.0,M5000-116,2015-09
5875,Trianel Windpark Borkum 1,Adwen,54.0393,6.4874,Germany,5.0,116.0,90.0,M5000-116,2015-09
5876,Trianel Windpark Borkum 1,Adwen,54.0789,6.4436,Germany,5.0,116.0,90.0,M5000-116,2015-09
5877,Trianel Windpark Borkum 1,Adwen,54.018,6.4748,Germany,5.0,116.0,90.0,M5000-116,2015-09
5878,Trianel Windpark Borkum 1,Adwen,54.0159,6.4611,Germany,5.0,116.0,90.0,M5000-116,2015-09
5879,Trianel Windpark Borkum 1,Adwen,54.0449,6.4733,Germany,5.0,116.0,90.0,M5000-116,2015-09
5880,Trianel Windpark Borkum 1,Adwen,54.0608,6.4309,Germany,5.0,116.0,90.0,M5000-116,2015-09
5881,Trianel Windpark Borkum 1,Adwen,54.0157,6.4887,Germany,5.0,116.0,90.0,M5000-116,2015-09
5882,Trianel Windpark Borkum 1,Adwen,54.0314,6.4878,Germany,5.0,116.0,90.0,M5000-116,2015-09
5883,Trianel Windpark Borkum 1,Adwen,54.0002,6.4758,Germany,5.0,116.0,90.0,M5000-116,2015-09
5884,Trianel Windpark Borkum 1,Adwen,54.009,6.4753,Germany,5.0,116.0,90.0,M5000-116,2015-09
5885,Trianel Windpark Borkum 1,Adwen,54.0079,6.4891,Germany,5.0,116.0,90.0,M5000-116,2015-09
5886,Trianel Windpark Borkum 1,Adwen,54.027,6.4743,Germany,5.0,116.0,90.0,M5000-116,2015-09
5887,Trianel Windpark Borkum 1,Adwen,54.0553,6.4724,Germany,5.0,116.0,90.0,M5000-116,2015-09
5888,Trianel Windpark Borkum 1,Adwen,54.0635,6.472,Germany,5.0,116.0,90.0,M5000-116,2015-09
5889,Trianel Windpark Borkum 1,Adwen,54.0718,6.4716,Germany,5.0,116.0,90.0,M5000-116,2015-09
5890,Trianel Windpark Borkum 1,Adwen,54.008,6.4615,Germany,5.0,116.0,90.0,M5000-116,2015-09
5891,Trianel Windpark Borkum 1,Adwen,54.0359,6.4738,Germany,5.0,116.0,90.0,M5000-116,2015-09
5892,Trianel Windpark Borkum 1,Adwen,54.0002,6.462,Germany,5.0,116.0,90.0,M5000-116,2015-09
5893,Trianel Windpark Borkum 1,Adwen,54.0236,6.4883,Germany,5.0,116.0,90.0,M5000-116,2015-09
5894,Trianel Windpark Borkum 1,Adwen,54.0318,6.4602,Germany,5.0,116.0,90.0,M5000-116,2015-09
5895,Trianel Windpark Borkum 1,Adwen,54.0238,6.4606,Germany,5.0,116.0,90.0,M5000-116,2015-09
5896,Trianel Windpark Borkum 1,Adwen,54.0698,6.4304,Germany,5.0,116.0,90.0,M5000-116,2015-09
5897,Trianel Windpark Borkum 1,Adwen,54.0002,6.4896,Germany,5.0,116.0,90.0,M5000-116,2015-09
5898,Trianel Windpark Borkum 1,Adwen,54.08,6.4711,Germany,5.0,116.0,90.0,M5000-116,2015-09
5899,Trianel Windpark Borkum 1,Adwen,54.0881,6.4156,Germany,5.0,116.0,90.0,M5000-116,2015-09
5900,Trianel Windpark Borkum 1,Adwen,54.0881,6.4568,Germany,5.0,116.0,90.0,M5000-116,2015-09
5901,Trianel Windpark Borkum 2,Senvion,54.0446,6.4506,Germany,6.15,152.0,104.5,6.2M152,2020-07
5902,Trianel Windpark Borkum 2,Senvion,54.0238,6.4327,Germany,6.15,152.0,104.5,6.2M152,2020-07
5903,Trianel Windpark Borkum 2,Senvion,54.0439,6.4181,Germany,6.15,152.0,104.5,6.2M152,2020-07
5904,Trianel Windpark Borkum 2,Senvion,54.053,6.4357,Germany,6.15,152.0,104.5,6.2M152,2020-07
5905,Trianel Windpark Borkum 2,Senvion,54.0522,6.4524,Germany,6.15,152.0,104.5,6.2M152,2020-07
5906,Trianel Windpark Borkum 2,Senvion,54.0358,6.4186,Germany,6.15,152.0,104.5,6.2M152,2020-07
5907,Trianel Windpark Borkum 2,Senvion,54.0391,6.4401,Germany,6.15,152.0,104.5,6.2M152,2020-07
5908,Trianel Windpark Borkum 2,Senvion,54.0277,6.419,Germany,6.15,152.0,104.5,6.2M152,2020-07
5909,Trianel Windpark Borkum 2,Senvion,54.0335,6.4298,Germany,6.15,152.0,104.5,6.2M152,2020-07
5910,Trianel Windpark Borkum 2,Senvion,54.0299,6.4434,Germany,6.15,152.0,104.5,6.2M152,2020-07
5911,Trianel Windpark Borkum 2,Senvion,54.0813,6.5044,Germany,6.15,152.0,104.5,6.2M152,2020-07
5912,Trianel Windpark Borkum 2,Senvion,54.0521,6.4176,Germany,6.15,152.0,104.5,6.2M152,2020-07
5913,Trianel Windpark Borkum 2,Senvion,54.045,6.4332,Germany,6.15,152.0,104.5,6.2M152,2020-07
5914,Trianel Windpark Borkum 2,Senvion,54.0806,6.4894,Germany,6.15,152.0,104.5,6.2M152,2020-07
5915,Trianel Windpark Borkum 2,Senvion,54.0013,6.4205,Germany,6.15,152.0,104.5,6.2M152,2020-07
5916,Trianel Windpark Borkum 2,Senvion,54.0677,6.5113,Germany,6.15,152.0,104.5,6.2M152,2020-07
5917,Trianel Windpark Borkum 2,Senvion,54.0644,6.4873,Germany,6.15,152.0,104.5,6.2M152,2020-07
5918,Trianel Windpark Borkum 2,Senvion,54.0622,6.5021,Germany,6.15,152.0,104.5,6.2M152,2020-07
5919,Trianel Windpark Borkum 2,Senvion,54.0553,6.5102,Germany,6.15,152.0,104.5,6.2M152,2020-07
5920,Trianel Windpark Borkum 2,Senvion,54.0144,6.4322,Germany,6.15,152.0,104.5,6.2M152,2020-07
5921,Trianel Windpark Borkum 2,Senvion,54.0568,6.4929,Germany,6.15,152.0,104.5,6.2M152,2020-07
5922,Trianel Windpark Borkum 2,Senvion,54.0086,6.4201,Germany,6.15,152.0,104.5,6.2M152,2020-07
5923,Trianel Windpark Borkum 2,Senvion,54.0476,6.4986,Germany,6.15,152.0,104.5,6.2M152,2020-07
5924,Trianel Windpark Borkum 2,Senvion,54.0507,6.4844,Germany,6.15,152.0,104.5,6.2M152,2020-07
5925,Trianel Windpark Borkum 2,Senvion,54.0811,6.5206,Germany,6.15,152.0,104.5,6.2M152,2020-07
5926,Trianel Windpark Borkum 2,Senvion,54.0888,6.5203,Germany,6.15,152.0,104.5,6.2M152,2020-07
5927,Trianel Windpark Borkum 2,Senvion,54.0887,6.509,Germany,6.15,152.0,104.5,6.2M152,2020-07
5928,Trianel Windpark Borkum 2,Senvion,54.0885,6.4977,Germany,6.15,152.0,104.5,6.2M152,2020-07
5929,Trianel Windpark Borkum 2,Senvion,54.0882,6.4752,Germany,6.15,152.0,104.5,6.2M152,2020-07
5930,Trianel Windpark Borkum 2,Senvion,54.017,6.4197,Germany,6.15,152.0,104.5,6.2M152,2020-07
5931,Trianel Windpark Borkum 2,Senvion,54.073,6.521,Germany,6.15,152.0,104.5,6.2M152,2020-07
5932,Trianel Windpark Borkum 2,Senvion,54.0884,6.4861,Germany,6.15,152.0,104.5,6.2M152,2020-07
5933,Triton Knoll,Vestas,53.4621,0.9358,United Kingdom,9.5,164.0,105.0,V164-9.5 MW,2022-04
5934,Triton Knoll,Vestas,53.4389,0.845,United Kingdom,9.5,164.0,105.0,V164-9.5 MW,2022-04
5935,Triton Knoll,Vestas,53.5314,0.8665,United Kingdom,9.5,164.0,105.0,V164-9.5 MW,2022-04
5936,Triton Knoll,Vestas,53.5085,0.8895,United Kingdom,9.5,164.0,105.0,V164-9.5 MW,2022-04
5937,Triton Knoll,Vestas,53.5007,0.8972,United Kingdom,9.5,164.0,105.0,V164-9.5 MW,2022-04
5938,Triton Knoll,Vestas,53.491,0.8785,United Kingdom,9.5,164.0,105.0,V164-9.5 MW,2022-04
5939,Triton Knoll,Vestas,53.5023,0.8096,United Kingdom,9.5,164.0,105.0,V164-9.5 MW,2022-04
5940,Triton Knoll,Vestas,53.5065,0.863,United Kingdom,9.5,164.0,105.0,V164-9.5 MW,2022-04
5941,Triton Knoll,Vestas,53.5122,0.8288,United Kingdom,9.5,164.0,105.0,V164-9.5 MW,2022-04
5942,Triton Knoll,Vestas,53.4968,0.844,United Kingdom,9.5,164.0,105.0,V164-9.5 MW,2022-04
5943,Triton Knoll,Vestas,53.4813,0.8596,United Kingdom,9.5,164.0,105.0,V164-9.5 MW,2022-04
5944,Triton Knoll,Vestas,53.4873,0.8253,United Kingdom,9.5,164.0,105.0,V164-9.5 MW,2022-04
5945,Triton Knoll,Vestas,53.4115,0.9288,United Kingdom,9.5,164.0,105.0,V164-9.5 MW,2022-04
5946,Triton Knoll,Vestas,53.4983,0.8705,United Kingdom,9.5,164.0,105.0,V164-9.5 MW,2022-04
5947,Triton Knoll,Vestas,53.4107,0.9659,United Kingdom,9.5,164.0,105.0,V164-9.5 MW,2022-04
5948,Triton Knoll,Vestas,53.439,0.9588,United Kingdom,9.5,164.0,105.0,V164-9.5 MW,2022-04
5949,Triton Knoll,Vestas,53.4222,0.8975,United Kingdom,9.5,164.0,105.0,V164-9.5 MW,2022-04
5950,Triton Knoll,Vestas,53.4152,0.9184,United Kingdom,9.5,164.0,105.0,V164-9.5 MW,2022-04
5951,Triton Knoll,Vestas,53.4184,0.9078,United Kingdom,9.5,164.0,105.0,V164-9.5 MW,2022-04
5952,Triton Knoll,Vestas,53.4355,0.8555,United Kingdom,9.5,164.0,105.0,V164-9.5 MW,2022-04
5953,Triton Knoll,Vestas,53.4158,0.982,United Kingdom,9.5,164.0,105.0,V164-9.5 MW,2022-04
5954,Triton Knoll,Vestas,53.4321,0.8663,United Kingdom,9.5,164.0,105.0,V164-9.5 MW,2022-04
5955,Triton Knoll,Vestas,53.431,0.9665,United Kingdom,9.5,164.0,105.0,V164-9.5 MW,2022-04
5956,Triton Knoll,Vestas,53.4462,0.9513,United Kingdom,9.5,164.0,105.0,V164-9.5 MW,2022-04
5957,Triton Knoll,Vestas,53.4369,0.9323,United Kingdom,9.5,164.0,105.0,V164-9.5 MW,2022-04
5958,Triton Knoll,Vestas,53.4293,0.94,United Kingdom,9.5,164.0,105.0,V164-9.5 MW,2022-04
5959,Triton Knoll,Vestas,53.4212,0.9478,United Kingdom,9.5,164.0,105.0,V164-9.5 MW,2022-04
5960,Triton Knoll,Vestas,53.4288,0.8765,United Kingdom,9.5,164.0,105.0,V164-9.5 MW,2022-04
5961,Triton Knoll,Vestas,53.4235,0.9743,United Kingdom,9.5,164.0,105.0,V164-9.5 MW,2022-04
5962,Triton Knoll,Vestas,53.5043,0.7224,United Kingdom,9.5,164.0,105.0,V164-9.5 MW,2022-04
5963,Triton Knoll,Vestas,53.4094,0.953,United Kingdom,9.5,164.0,105.0,V164-9.5 MW,2022-04
5964,Triton Knoll,Vestas,53.5064,0.749,United Kingdom,9.5,164.0,105.0,V164-9.5 MW,2022-04
5965,Triton Knoll,Vestas,53.53,0.7895,United Kingdom,9.5,164.0,105.0,V164-9.5 MW,2022-04
5966,Triton Knoll,Vestas,53.4911,0.7647,United Kingdom,9.5,164.0,105.0,V164-9.5 MW,2022-04
5967,Triton Knoll,Vestas,53.4984,0.7568,United Kingdom,9.5,164.0,105.0,V164-9.5 MW,2022-04
5968,Triton Knoll,Vestas,53.4718,0.8407,United Kingdom,9.5,164.0,105.0,V164-9.5 MW,2022-04
5969,Triton Knoll,Vestas,53.4524,0.9167,United Kingdom,9.5,164.0,105.0,V164-9.5 MW,2022-04
5970,Triton Knoll,Vestas,53.4449,0.9245,United Kingdom,9.5,164.0,105.0,V164-9.5 MW,2022-04
5971,Triton Knoll,Vestas,53.4426,0.8979,United Kingdom,9.5,164.0,105.0,V164-9.5 MW,2022-04
5972,Triton Knoll,Vestas,53.4352,0.9058,United Kingdom,9.5,164.0,105.0,V164-9.5 MW,2022-04
5973,Triton Knoll,Vestas,53.4486,0.8636,United Kingdom,9.5,164.0,105.0,V164-9.5 MW,2022-04
5974,Triton Knoll,Vestas,53.4993,0.7064,United Kingdom,9.5,164.0,105.0,V164-9.5 MW,2022-04
5975,Triton Knoll,Vestas,53.4756,0.8936,United Kingdom,9.5,164.0,105.0,V164-9.5 MW,2022-04
5976,Triton Knoll,Vestas,53.4585,0.8823,United Kingdom,9.5,164.0,105.0,V164-9.5 MW,2022-04
5977,Triton Knoll,Vestas,53.4626,0.7716,United Kingdom,9.5,164.0,105.0,V164-9.5 MW,2022-04
5978,Triton Knoll,Vestas,53.4775,0.8066,United Kingdom,9.5,164.0,105.0,V164-9.5 MW,2022-04
5979,Triton Knoll,Vestas,53.4828,0.7083,United Kingdom,9.5,164.0,105.0,V164-9.5 MW,2022-04
5980,Triton Knoll,Vestas,53.4797,0.7188,United Kingdom,9.5,164.0,105.0,V164-9.5 MW,2022-04
5981,Triton Knoll,Vestas,53.4763,0.7298,United Kingdom,9.5,164.0,105.0,V164-9.5 MW,2022-04
5982,Triton Knoll,Vestas,53.4726,0.74,United Kingdom,9.5,164.0,105.0,V164-9.5 MW,2022-04
5983,Triton Knoll,Vestas,53.4659,0.7613,United Kingdom,9.5,164.0,105.0,V164-9.5 MW,2022-04
5984,Triton Knoll,Vestas,53.4692,0.7508,United Kingdom,9.5,164.0,105.0,V164-9.5 MW,2022-04
5985,Triton Knoll,Vestas,53.4594,0.7819,United Kingdom,9.5,164.0,105.0,V164-9.5 MW,2022-04
5986,Triton Knoll,Vestas,53.4559,0.7924,United Kingdom,9.5,164.0,105.0,V164-9.5 MW,2022-04
5987,Triton Knoll,Vestas,53.4523,0.8029,United Kingdom,9.5,164.0,105.0,V164-9.5 MW,2022-04
5988,Triton Knoll,Vestas,53.4496,0.8136,United Kingdom,9.5,164.0,105.0,V164-9.5 MW,2022-04
5989,Triton Knoll,Vestas,53.4622,0.8219,United Kingdom,9.5,164.0,105.0,V164-9.5 MW,2022-04
5990,Triton Knoll,Vestas,53.47,0.8141,United Kingdom,9.5,164.0,105.0,V164-9.5 MW,2022-04
5991,Triton Knoll,Vestas,53.4866,0.6981,United Kingdom,9.5,164.0,105.0,V164-9.5 MW,2022-04
5992,Triton Knoll,Vestas,53.4603,0.9094,United Kingdom,9.5,164.0,105.0,V164-9.5 MW,2022-04
5993,Triton Knoll,Vestas,53.4659,0.875,United Kingdom,9.5,164.0,105.0,V164-9.5 MW,2022-04
5994,Triton Knoll,Vestas,53.4929,0.7911,United Kingdom,9.5,164.0,105.0,V164-9.5 MW,2022-04
5995,Triton Knoll,Vestas,53.4697,0.9278,United Kingdom,9.5,164.0,105.0,V164-9.5 MW,2022-04
5996,Triton Knoll,Vestas,53.5307,0.8028,United Kingdom,9.5,164.0,105.0,V164-9.5 MW,2022-04
5997,Triton Knoll,Vestas,53.5289,0.7763,United Kingdom,9.5,164.0,105.0,V164-9.5 MW,2022-04
5998,Triton Knoll,Vestas,53.5281,0.7629,United Kingdom,9.5,164.0,105.0,V164-9.5 MW,2022-04
5999,Triton Knoll,Vestas,53.5269,0.7498,United Kingdom,9.5,164.0,105.0,V164-9.5 MW,2022-04
6000,Triton Knoll,Vestas,53.5258,0.7362,United Kingdom,9.5,164.0,105.0,V164-9.5 MW,2022-04
6001,Triton Knoll,Vestas,53.4426,0.8344,United Kingdom,9.5,164.0,105.0,V164-9.5 MW,2022-04
6002,Triton Knoll,Vestas,53.5124,0.7148,United Kingdom,9.5,164.0,105.0,V164-9.5 MW,2022-04
6003,Triton Knoll,Vestas,53.5319,0.816,United Kingdom,9.5,164.0,105.0,V164-9.5 MW,2022-04
6004,Triton Knoll,Vestas,53.5161,0.768,United Kingdom,9.5,164.0,105.0,V164-9.5 MW,2022-04
6005,Triton Knoll,Vestas,53.5198,0.821,United Kingdom,9.5,164.0,105.0,V164-9.5 MW,2022-04
6006,Triton Knoll,Vestas,53.4757,0.7799,United Kingdom,9.5,164.0,105.0,V164-9.5 MW,2022-04
6007,Triton Knoll,Vestas,53.5252,0.723,United Kingdom,9.5,164.0,105.0,V164-9.5 MW,2022-04
6008,Triton Knoll,Vestas,53.4968,0.73,United Kingdom,9.5,164.0,105.0,V164-9.5 MW,2022-04
6009,Triton Knoll,Vestas,53.4678,0.9015,United Kingdom,9.5,164.0,105.0,V164-9.5 MW,2022-04
6010,Triton Knoll,Vestas,53.4851,0.9126,United Kingdom,9.5,164.0,105.0,V164-9.5 MW,2022-04
6011,Triton Knoll,Vestas,53.4548,0.9432,United Kingdom,9.5,164.0,105.0,V164-9.5 MW,2022-04
6012,Triton Knoll,Vestas,53.5181,0.7943,United Kingdom,9.5,164.0,105.0,V164-9.5 MW,2022-04
6013,Triton Knoll,Vestas,53.5328,0.8294,United Kingdom,9.5,164.0,105.0,V164-9.5 MW,2022-04
6014,Triton Knoll,Vestas,53.5139,0.7413,United Kingdom,9.5,164.0,105.0,V164-9.5 MW,2022-04
6015,Triton Knoll,Vestas,53.5349,0.8562,United Kingdom,9.5,164.0,105.0,V164-9.5 MW,2022-04
6016,Triton Knoll,Vestas,53.5216,0.8474,United Kingdom,9.5,164.0,105.0,V164-9.5 MW,2022-04
6017,Triton Knoll,Vestas,53.4893,0.7376,United Kingdom,9.5,164.0,105.0,V164-9.5 MW,2022-04
6018,Triton Knoll,Vestas,53.5236,0.8739,United Kingdom,9.5,164.0,105.0,V164-9.5 MW,2022-04
6019,Triton Knoll,Vestas,53.5161,0.8819,United Kingdom,9.5,164.0,105.0,V164-9.5 MW,2022-04
6020,Triton Knoll,Vestas,53.4834,0.772,United Kingdom,9.5,164.0,105.0,V164-9.5 MW,2022-04
6021,Triton Knoll,Vestas,53.4772,0.9208,United Kingdom,9.5,164.0,105.0,V164-9.5 MW,2022-04
6022,Triton Knoll,Vestas,53.5338,0.8429,United Kingdom,9.5,164.0,105.0,V164-9.5 MW,2022-04
6023,Tunm Knob,Vestas,55.9667,10.3585,Denmark,0.5,39.0,45.0,V39-500kW,1995-05
6024,Tunm Knob,Vestas,55.9703,10.3586,Denmark,0.5,39.0,45.0,V39-500kW,1995-05
6025,Tunm Knob,Vestas,55.9692,10.3521,Denmark,0.5,39.0,45.0,V39-500kW,1995-05
6026,Tunm Knob,Vestas,55.9674,10.3521,Denmark,0.5,39.0,45.0,V39-500kW,1995-05
6027,Tunm Knob,Vestas,55.9656,10.3521,Denmark,0.5,39.0,45.0,V39-500kW,1995-05
6028,Tunm Knob,Vestas,55.971,10.3522,Denmark,0.5,39.0,45.0,V39-500kW,1995-05
6029,Tunm Knob,Vestas,55.9721,10.3586,Denmark,0.5,39.0,45.0,V39-500kW,1995-05
6030,Tunm Knob,Vestas,55.9685,10.3585,Denmark,0.5,39.0,45.0,V39-500kW,1995-05
6031,Tunm Knob,Vestas,55.9728,10.3522,Denmark,0.5,39.0,45.0,V39-500kW,1995-05
6032,Tunm Knob,Vestas,55.9649,10.3584,Denmark,0.5,39.0,45.0,V39-500kW,1995-05
6033,UNITECH Zefyros by Hywind Technology,Siemens,59.1403,5.0296,Norway,2.3,82.4,65.0,SWT-2.3-82,2009-12
6034,Veja Mate,Siemens,54.3415,5.8914,Germany,6.0,154.0,103.0,SWT-6.0-154,2017-05
6035,Veja Mate,Siemens,54.3216,5.8399,Germany,6.0,154.0,103.0,SWT-6.0-154,2017-05
6036,Veja Mate,Siemens,54.3621,5.8765,Germany,6.0,154.0,103.0,SWT-6.0-154,2017-05
6037,Veja Mate,Siemens,54.3386,5.8401,Germany,6.0,154.0,103.0,SWT-6.0-154,2017-05
6038,Veja Mate,Siemens,54.3298,5.8397,Germany,6.0,154.0,103.0,SWT-6.0-154,2017-05
6039,Veja Mate,Siemens,54.3183,5.891,Germany,6.0,154.0,103.0,SWT-6.0-154,2017-05
6040,Veja Mate,Siemens,54.326,5.891,Germany,6.0,154.0,103.0,SWT-6.0-154,2017-05
6041,Veja Mate,Siemens,54.3491,5.8911,Germany,6.0,154.0,103.0,SWT-6.0-154,2017-05
6042,Veja Mate,Siemens,54.3439,5.8567,Germany,6.0,154.0,103.0,SWT-6.0-154,2017-05
6043,Veja Mate,Siemens,54.3501,5.8725,Germany,6.0,154.0,103.0,SWT-6.0-154,2017-05
6044,Veja Mate,Siemens,54.3338,5.8911,Germany,6.0,154.0,103.0,SWT-6.0-154,2017-05
6045,Veja Mate,Siemens,54.3335,5.8724,Germany,6.0,154.0,103.0,SWT-6.0-154,2017-05
6046,Veja Mate,Siemens,54.326,5.8724,Germany,6.0,154.0,103.0,SWT-6.0-154,2017-05
6047,Veja Mate,Siemens,54.3182,5.8566,Germany,6.0,154.0,103.0,SWT-6.0-154,2017-05
6048,Veja Mate,Siemens,54.3259,5.8569,Germany,6.0,154.0,103.0,SWT-6.0-154,2017-05
6049,Veja Mate,Siemens,54.3352,5.8567,Germany,6.0,154.0,103.0,SWT-6.0-154,2017-05
6050,Veja Mate,Siemens,54.3413,5.8729,Germany,6.0,154.0,103.0,SWT-6.0-154,2017-05
6051,Veja Mate,Siemens,54.2891,5.84,Germany,6.0,154.0,103.0,SWT-6.0-154,2017-05
6052,Veja Mate,Siemens,54.357,5.8909,Germany,6.0,154.0,103.0,SWT-6.0-154,2017-05
6053,Veja Mate,Siemens,54.2749,5.8278,Germany,6.0,154.0,103.0,SWT-6.0-154,2017-05
6054,Veja Mate,Siemens,54.3622,5.9096,Germany,6.0,154.0,103.0,SWT-6.0-154,2017-05
6055,Veja Mate,Siemens,54.3035,5.9246,Germany,6.0,154.0,103.0,SWT-6.0-154,2017-05
6056,Veja Mate,Siemens,54.3183,5.91,Germany,6.0,154.0,103.0,SWT-6.0-154,2017-05
6057,Veja Mate,Siemens,54.326,5.9099,Germany,6.0,154.0,103.0,SWT-6.0-154,2017-05
6058,Veja Mate,Siemens,54.3333,5.9097,Germany,6.0,154.0,103.0,SWT-6.0-154,2017-05
6059,Veja Mate,Siemens,54.3405,5.9096,Germany,6.0,154.0,103.0,SWT-6.0-154,2017-05
6060,Veja Mate,Siemens,54.3549,5.9094,Germany,6.0,154.0,103.0,SWT-6.0-154,2017-05
6061,Veja Mate,Siemens,54.3777,5.9143,Germany,6.0,154.0,103.0,SWT-6.0-154,2017-05
6062,Veja Mate,Siemens,54.3724,5.9019,Germany,6.0,154.0,103.0,SWT-6.0-154,2017-05
6063,Veja Mate,Siemens,54.3673,5.8891,Germany,6.0,154.0,103.0,SWT-6.0-154,2017-05
6064,Veja Mate,Siemens,54.3567,5.864,Germany,6.0,154.0,103.0,SWT-6.0-154,2017-05
6065,Veja Mate,Siemens,54.3466,5.8404,Germany,6.0,154.0,103.0,SWT-6.0-154,2017-05
6066,Veja Mate,Siemens,54.3347,5.8288,Germany,6.0,154.0,103.0,SWT-6.0-154,2017-05
6067,Veja Mate,Siemens,54.3215,5.8286,Germany,6.0,154.0,103.0,SWT-6.0-154,2017-05
6068,Veja Mate,Siemens,54.3084,5.8285,Germany,6.0,154.0,103.0,SWT-6.0-154,2017-05
6069,Veja Mate,Siemens,54.2947,5.8282,Germany,6.0,154.0,103.0,SWT-6.0-154,2017-05
6070,Veja Mate,Siemens,54.3029,5.8912,Germany,6.0,154.0,103.0,SWT-6.0-154,2017-05
6071,Veja Mate,Siemens,54.2953,5.8911,Germany,6.0,154.0,103.0,SWT-6.0-154,2017-05
6072,Veja Mate,Siemens,54.2873,5.8911,Germany,6.0,154.0,103.0,SWT-6.0-154,2017-05
6073,Veja Mate,Siemens,54.2749,5.8392,Germany,6.0,154.0,103.0,SWT-6.0-154,2017-05
6074,Veja Mate,Siemens,54.3133,5.8401,Germany,6.0,154.0,103.0,SWT-6.0-154,2017-05
6075,Veja Mate,Siemens,54.3107,5.8909,Germany,6.0,154.0,103.0,SWT-6.0-154,2017-05
6076,Veja Mate,Siemens,54.3103,5.8725,Germany,6.0,154.0,103.0,SWT-6.0-154,2017-05
6077,Veja Mate,Siemens,54.3105,5.8563,Germany,6.0,154.0,103.0,SWT-6.0-154,2017-05
6078,Veja Mate,Siemens,54.295,5.8724,Germany,6.0,154.0,103.0,SWT-6.0-154,2017-05
6079,Veja Mate,Siemens,54.3041,5.9099,Germany,6.0,154.0,103.0,SWT-6.0-154,2017-05
6080,Veja Mate,Siemens,54.3113,5.9099,Germany,6.0,154.0,103.0,SWT-6.0-154,2017-05
6081,Veja Mate,Siemens,54.3416,5.829,Germany,6.0,154.0,103.0,SWT-6.0-154,2017-05
6082,Veja Mate,Siemens,54.3516,5.8518,Germany,6.0,154.0,103.0,SWT-6.0-154,2017-05
6083,Veja Mate,Siemens,54.2748,5.8749,Germany,6.0,154.0,103.0,SWT-6.0-154,2017-05
6084,Veja Mate,Siemens,54.3829,5.9268,Germany,6.0,154.0,103.0,SWT-6.0-154,2017-05
6085,Veja Mate,Siemens,54.2967,5.9102,Germany,6.0,154.0,103.0,SWT-6.0-154,2017-05
6086,Veja Mate,Siemens,54.2894,5.9102,Germany,6.0,154.0,103.0,SWT-6.0-154,2017-05
6087,Veja Mate,Siemens,54.2812,5.9101,Germany,6.0,154.0,103.0,SWT-6.0-154,2017-05
6088,Veja Mate,Siemens,54.275,5.9101,Germany,6.0,154.0,103.0,SWT-6.0-154,2017-05
6089,Veja Mate,Siemens,54.2814,5.873,Germany,6.0,154.0,103.0,SWT-6.0-154,2017-05
6090,Veja Mate,Siemens,54.2749,5.8865,Germany,6.0,154.0,103.0,SWT-6.0-154,2017-05
6091,Veja Mate,Siemens,54.2749,5.8983,Germany,6.0,154.0,103.0,SWT-6.0-154,2017-05
6092,Veja Mate,Siemens,54.2749,5.8627,Germany,6.0,154.0,103.0,SWT-6.0-154,2017-05
6093,Veja Mate,Siemens,54.3476,5.9094,Germany,6.0,154.0,103.0,SWT-6.0-154,2017-05
6094,Veja Mate,Siemens,54.2814,5.8276,Germany,6.0,154.0,103.0,SWT-6.0-154,2017-05
6095,Veja Mate,Siemens,54.3048,5.8402,Germany,6.0,154.0,103.0,SWT-6.0-154,2017-05
6096,Veja Mate,Siemens,54.2748,5.8511,Germany,6.0,154.0,103.0,SWT-6.0-154,2017-05
6097,Veja Mate,Siemens,54.2951,5.8562,Germany,6.0,154.0,103.0,SWT-6.0-154,2017-05
6098,Veja Mate,Siemens,54.3029,5.8725,Germany,6.0,154.0,103.0,SWT-6.0-154,2017-05
6099,Veja Mate,Siemens,54.2814,5.8491,Germany,6.0,154.0,103.0,SWT-6.0-154,2017-05
6100,Veja Mate,Siemens,54.3028,5.8566,Germany,6.0,154.0,103.0,SWT-6.0-154,2017-05
6101,Vesterhav Nord,Siemens Gamesa,56.6184,8.0253,Denmark,8.0,167.0,109.0,SG 8.0-167 DD,2024-03
6102,Vesterhav Nord,Siemens Gamesa,56.5674,8.0261,Denmark,8.0,167.0,109.0,SG 8.0-167 DD,2024-03
6103,Vesterhav Nord,Siemens Gamesa,56.5801,8.0259,Denmark,8.0,167.0,109.0,SG 8.0-167 DD,2024-03
6104,Vesterhav Nord,Siemens Gamesa,56.5418,8.0264,Denmark,8.0,167.0,109.0,SG 8.0-167 DD,2024-03
6105,Vesterhav Nord,Siemens Gamesa,56.6503,8.025,Denmark,8.0,167.0,109.0,SG 8.0-167 DD,2024-03
6106,Vesterhav Nord,Siemens Gamesa,56.6376,8.0252,Denmark,8.0,167.0,109.0,SG 8.0-167 DD,2024-03
6107,Vesterhav Nord,Siemens Gamesa,56.6312,8.0252,Denmark,8.0,167.0,109.0,SG 8.0-167 DD,2024-03
6108,Vesterhav Nord,Siemens Gamesa,56.6248,8.0251,Denmark,8.0,167.0,109.0,SG 8.0-167 DD,2024-03
6109,Vesterhav Nord,Siemens Gamesa,56.6121,8.0253,Denmark,8.0,167.0,109.0,SG 8.0-167 DD,2024-03
6110,Vesterhav Nord,Siemens Gamesa,56.6057,8.0253,Denmark,8.0,167.0,109.0,SG 8.0-167 DD,2024-03
6111,Vesterhav Nord,Siemens Gamesa,56.5992,8.0255,Denmark,8.0,167.0,109.0,SG 8.0-167 DD,2024-03
6112,Vesterhav Nord,Siemens Gamesa,56.6439,8.0249,Denmark,8.0,167.0,109.0,SG 8.0-167 DD,2024-03
6113,Vesterhav Nord,Siemens Gamesa,56.5546,8.0262,Denmark,8.0,167.0,109.0,SG 8.0-167 DD,2024-03
6114,Vesterhav Nord,Siemens Gamesa,56.5482,8.0263,Denmark,8.0,167.0,109.0,SG 8.0-167 DD,2024-03
6115,Vesterhav Nord,Siemens Gamesa,56.5354,8.0265,Denmark,8.0,167.0,109.0,SG 8.0-167 DD,2024-03
6116,Vesterhav Nord,Siemens Gamesa,56.5291,8.0265,Denmark,8.0,167.0,109.0,SG 8.0-167 DD,2024-03
6117,Vesterhav Nord,Siemens Gamesa,56.5929,8.0257,Denmark,8.0,167.0,109.0,SG 8.0-167 DD,2024-03
6118,Vesterhav Nord,Siemens Gamesa,56.6567,8.0249,Denmark,8.0,167.0,109.0,SG 8.0-167 DD,2024-03
6119,Vesterhav Nord,Siemens Gamesa,56.5865,8.0257,Denmark,8.0,167.0,109.0,SG 8.0-167 DD,2024-03
6120,Vesterhav Nord,Siemens Gamesa,56.5737,8.026,Denmark,8.0,167.0,109.0,SG 8.0-167 DD,2024-03
6121,Vesterhav Nord,Siemens Gamesa,56.561,8.0261,Denmark,8.0,167.0,109.0,SG 8.0-167 DD,2024-03
6122,Vesterhav Syd,Siemens Gamesa,56.1248,7.9533,Denmark,8.0,167.0,109.0,SG 8.0-167 DD,2024-03
6123,Vesterhav Syd,Siemens Gamesa,56.0264,7.9537,Denmark,8.0,167.0,109.0,SG 8.0-167 DD,2024-03
6124,Vesterhav Syd,Siemens Gamesa,56.1372,7.9531,Denmark,8.0,167.0,109.0,SG 8.0-167 DD,2024-03
6125,Vesterhav Syd,Siemens Gamesa,56.131,7.9532,Denmark,8.0,167.0,109.0,SG 8.0-167 DD,2024-03
6126,Vesterhav Syd,Siemens Gamesa,56.1126,7.9533,Denmark,8.0,167.0,109.0,SG 8.0-167 DD,2024-03
6127,Vesterhav Syd,Siemens Gamesa,56.1187,7.9533,Denmark,8.0,167.0,109.0,SG 8.0-167 DD,2024-03
6128,Vesterhav Syd,Siemens Gamesa,56.1064,7.9534,Denmark,8.0,167.0,109.0,SG 8.0-167 DD,2024-03
6129,Vesterhav Syd,Siemens Gamesa,56.0326,7.9537,Denmark,8.0,167.0,109.0,SG 8.0-167 DD,2024-03
6130,Vesterhav Syd,Siemens Gamesa,56.1002,7.9535,Denmark,8.0,167.0,109.0,SG 8.0-167 DD,2024-03
6131,Vesterhav Syd,Siemens Gamesa,56.0941,7.9535,Denmark,8.0,167.0,109.0,SG 8.0-167 DD,2024-03
6132,Vesterhav Syd,Siemens Gamesa,56.0202,7.9538,Denmark,8.0,167.0,109.0,SG 8.0-167 DD,2024-03
6133,Vesterhav Syd,Siemens Gamesa,56.0818,7.9535,Denmark,8.0,167.0,109.0,SG 8.0-167 DD,2024-03
6134,Vesterhav Syd,Siemens Gamesa,56.088,7.9534,Denmark,8.0,167.0,109.0,SG 8.0-167 DD,2024-03
6135,Vesterhav Syd,Siemens Gamesa,56.0756,7.9535,Denmark,8.0,167.0,109.0,SG 8.0-167 DD,2024-03
6136,Vesterhav Syd,Siemens Gamesa,56.0447,7.9534,Denmark,8.0,167.0,109.0,SG 8.0-167 DD,2024-03
6137,Vesterhav Syd,Siemens Gamesa,56.051,7.9535,Denmark,8.0,167.0,109.0,SG 8.0-167 DD,2024-03
6138,Vesterhav Syd,Siemens Gamesa,56.0572,7.9534,Denmark,8.0,167.0,109.0,SG 8.0-167 DD,2024-03
6139,Vesterhav Syd,Siemens Gamesa,56.0633,7.9535,Denmark,8.0,167.0,109.0,SG 8.0-167 DD,2024-03
6140,Vesterhav Syd,Siemens Gamesa,56.0695,7.9535,Denmark,8.0,167.0,109.0,SG 8.0-167 DD,2024-03
6141,Vesterhav Syd,Siemens Gamesa,56.0387,7.9537,Denmark,8.0,167.0,109.0,SG 8.0-167 DD,2024-03
6142,Walney 1,Siemens,54.0612,-3.5074,United Kingdom,3.6,107.0,80.0,SWT-3.6-107,2011-07
6143,Walney 1,Siemens,54.0673,-3.5384,United Kingdom,3.6,107.0,80.0,SWT-3.6-107,2011-07
6144,Walney 1,Siemens,54.0656,-3.5159,United Kingdom,3.6,107.0,80.0,SWT-3.6-107,2011-07
6145,Walney 1,Siemens,54.0629,-3.5298,United Kingdom,3.6,107.0,80.0,SWT-3.6-107,2011-07
6146,Walney 1,Siemens,54.0601,-3.5437,United Kingdom,3.6,107.0,80.0,SWT-3.6-107,2011-07
6147,Walney 1,Siemens,54.0522,-3.4903,United Kingdom,3.6,107.0,80.0,SWT-3.6-107,2011-07
6148,Walney 1,Siemens,54.0557,-3.5351,United Kingdom,3.6,107.0,80.0,SWT-3.6-107,2011-07
6149,Walney 1,Siemens,54.0539,-3.5127,United Kingdom,3.6,107.0,80.0,SWT-3.6-107,2011-07
6150,Walney 1,Siemens,54.0529,-3.549,United Kingdom,3.6,107.0,80.0,SWT-3.6-107,2011-07
6151,Walney 1,Siemens,54.0511,-3.5264,United Kingdom,3.6,107.0,80.0,SWT-3.6-107,2011-07
6152,Walney 1,Siemens,54.0567,-3.4987,United Kingdom,3.6,107.0,80.0,SWT-3.6-107,2011-07
6153,Walney 1,Siemens,54.0745,-3.5331,United Kingdom,3.6,107.0,80.0,SWT-3.6-107,2011-07
6154,Walney 1,Siemens,54.0456,-3.5543,United Kingdom,3.6,107.0,80.0,SWT-3.6-107,2011-07
6155,Walney 1,Siemens,54.07,-3.5246,United Kingdom,3.6,107.0,80.0,SWT-3.6-107,2011-07
6156,Walney 1,Siemens,54.0322,-3.5285,United Kingdom,3.6,107.0,80.0,SWT-3.6-107,2011-07
6157,Walney 1,Siemens,54.0484,-3.5403,United Kingdom,3.6,107.0,80.0,SWT-3.6-107,2011-07
6158,Walney 1,Siemens,54.0161,-3.5166,United Kingdom,3.6,107.0,80.0,SWT-3.6-107,2011-07
6159,Walney 1,Siemens,54.0205,-3.5252,United Kingdom,3.6,107.0,80.0,SWT-3.6-107,2011-07
6160,Walney 1,Siemens,54.0216,-3.4887,United Kingdom,3.6,107.0,80.0,SWT-3.6-107,2011-07
6161,Walney 1,Siemens,54.0233,-3.5112,United Kingdom,3.6,107.0,80.0,SWT-3.6-107,2011-07
6162,Walney 1,Siemens,54.0243,-3.475,United Kingdom,3.6,107.0,80.0,SWT-3.6-107,2011-07
6163,Walney 1,Siemens,54.0422,-3.5093,United Kingdom,3.6,107.0,80.0,SWT-3.6-107,2011-07
6164,Walney 1,Siemens,54.025,-3.5337,United Kingdom,3.6,107.0,80.0,SWT-3.6-107,2011-07
6165,Walney 1,Siemens,54.0271,-3.461,United Kingdom,3.6,107.0,80.0,SWT-3.6-107,2011-07
6166,Walney 1,Siemens,54.0278,-3.52,United Kingdom,3.6,107.0,80.0,SWT-3.6-107,2011-07
6167,Walney 1,Siemens,54.0288,-3.4837,United Kingdom,3.6,107.0,80.0,SWT-3.6-107,2011-07
6168,Walney 1,Siemens,54.0294,-3.5423,United Kingdom,3.6,107.0,80.0,SWT-3.6-107,2011-07
6169,Walney 1,Siemens,54.0299,-3.4473,United Kingdom,3.6,107.0,80.0,SWT-3.6-107,2011-07
6170,Walney 1,Siemens,54.0305,-3.5059,United Kingdom,3.6,107.0,80.0,SWT-3.6-107,2011-07
6171,Walney 1,Siemens,54.0315,-3.4696,United Kingdom,3.6,107.0,80.0,SWT-3.6-107,2011-07
6172,Walney 1,Siemens,54.0261,-3.4974,United Kingdom,3.6,107.0,80.0,SWT-3.6-107,2011-07
6173,Walney 1,Siemens,54.0377,-3.5008,United Kingdom,3.6,107.0,80.0,SWT-3.6-107,2011-07
6174,Walney 1,Siemens,54.0188,-3.5027,United Kingdom,3.6,107.0,80.0,SWT-3.6-107,2011-07
6175,Walney 1,Siemens,54.0384,-3.5595,United Kingdom,3.6,107.0,80.0,SWT-3.6-107,2011-07
6176,Walney 1,Siemens,54.0495,-3.5042,United Kingdom,3.6,107.0,80.0,SWT-3.6-107,2011-07
6177,Walney 1,Siemens,54.045,-3.4954,United Kingdom,3.6,107.0,80.0,SWT-3.6-107,2011-07
6178,Walney 1,Siemens,54.0366,-3.537,United Kingdom,3.6,107.0,80.0,SWT-3.6-107,2011-07
6179,Walney 1,Siemens,54.0339,-3.5509,United Kingdom,3.6,107.0,80.0,SWT-3.6-107,2011-07
6180,Walney 1,Siemens,54.035,-3.5147,United Kingdom,3.6,107.0,80.0,SWT-3.6-107,2011-07
6181,Walney 1,Siemens,54.0358,-3.4782,United Kingdom,3.6,107.0,80.0,SWT-3.6-107,2011-07
6182,Walney 1,Siemens,54.0477,-3.4816,United Kingdom,3.6,107.0,80.0,SWT-3.6-107,2011-07
6183,Walney 1,Siemens,54.0467,-3.518,United Kingdom,3.6,107.0,80.0,SWT-3.6-107,2011-07
6184,Walney 1,Siemens,54.0344,-3.4559,United Kingdom,3.6,107.0,80.0,SWT-3.6-107,2011-07
6185,Walney 1,Siemens,54.0333,-3.4922,United Kingdom,3.6,107.0,80.0,SWT-3.6-107,2011-07
6186,Walney 1,Siemens,54.0433,-3.4731,United Kingdom,3.6,107.0,80.0,SWT-3.6-107,2011-07
6187,Walney 1,Siemens,54.0584,-3.5212,United Kingdom,3.6,107.0,80.0,SWT-3.6-107,2011-07
6188,Walney 1,Siemens,54.0412,-3.5455,United Kingdom,3.6,107.0,80.0,SWT-3.6-107,2011-07
6189,Walney 1,Siemens,54.0405,-3.4869,United Kingdom,3.6,107.0,80.0,SWT-3.6-107,2011-07
6190,Walney 1,Siemens,54.0395,-3.5231,United Kingdom,3.6,107.0,80.0,SWT-3.6-107,2011-07
6191,Walney 1,Siemens,54.0387,-3.4644,United Kingdom,3.6,107.0,80.0,SWT-3.6-107,2011-07
6192,Walney 1,Siemens,54.0439,-3.5317,United Kingdom,3.6,107.0,80.0,SWT-3.6-107,2011-07
6193,Walney 2,Siemens,54.0798,-3.592,United Kingdom,3.6,120.0,80.0,SWT-3.6-120,2012-06
6194,Walney 2,Siemens,54.1158,-3.613,United Kingdom,3.6,120.0,80.0,SWT-3.6-120,2012-06
6195,Walney 2,Siemens,54.0963,-3.635,United Kingdom,3.6,120.0,80.0,SWT-3.6-120,2012-06
6196,Walney 2,Siemens,54.0531,-3.6021,United Kingdom,3.6,120.0,80.0,SWT-3.6-120,2012-06
6197,Walney 2,Siemens,54.0899,-3.5851,United Kingdom,3.6,120.0,80.0,SWT-3.6-120,2012-06
6198,Walney 2,Siemens,54.0694,-3.5884,United Kingdom,3.6,120.0,80.0,SWT-3.6-120,2012-06
6199,Walney 2,Siemens,54.1008,-3.6263,United Kingdom,3.6,120.0,80.0,SWT-3.6-120,2012-06
6200,Walney 2,Siemens,54.0418,-3.5689,United Kingdom,3.6,120.0,80.0,SWT-3.6-120,2012-06
6201,Walney 2,Siemens,54.0929,-3.5685,United Kingdom,3.6,120.0,80.0,SWT-3.6-120,2012-06
6202,Walney 2,Siemens,54.0762,-3.5563,United Kingdom,3.6,120.0,80.0,SWT-3.6-120,2012-06
6203,Walney 2,Siemens,54.0836,-3.6019,United Kingdom,3.6,120.0,80.0,SWT-3.6-120,2012-06
6204,Walney 2,Siemens,54.0766,-3.6136,United Kingdom,3.6,120.0,80.0,SWT-3.6-120,2012-06
6205,Walney 2,Siemens,54.1003,-3.6447,United Kingdom,3.6,120.0,80.0,SWT-3.6-120,2012-06
6206,Walney 2,Siemens,54.1167,-3.6417,United Kingdom,3.6,120.0,80.0,SWT-3.6-120,2012-06
6207,Walney 2,Siemens,54.0718,-3.5471,United Kingdom,3.6,120.0,80.0,SWT-3.6-120,2012-06
6208,Walney 2,Siemens,54.0616,-3.5677,United Kingdom,3.6,120.0,80.0,SWT-3.6-120,2012-06
6209,Walney 2,Siemens,54.0958,-3.6536,United Kingdom,3.6,120.0,80.0,SWT-3.6-120,2012-06
6210,Walney 2,Siemens,54.1254,-3.6314,United Kingdom,3.6,120.0,80.0,SWT-3.6-120,2012-06
6211,Walney 2,Siemens,54.0596,-3.5834,United Kingdom,3.6,120.0,80.0,SWT-3.6-120,2012-06
6212,Walney 2,Siemens,54.0878,-3.6524,United Kingdom,3.6,120.0,80.0,SWT-3.6-120,2012-06
6213,Walney 2,Siemens,54.0501,-3.5629,United Kingdom,3.6,120.0,80.0,SWT-3.6-120,2012-06
6214,Walney 2,Siemens,54.1038,-3.6546,United Kingdom,3.6,120.0,80.0,SWT-3.6-120,2012-06
6215,Walney 2,Siemens,54.0684,-3.5624,United Kingdom,3.6,120.0,80.0,SWT-3.6-120,2012-06
6216,Walney 2,Siemens,54.0498,-3.5906,United Kingdom,3.6,120.0,80.0,SWT-3.6-120,2012-06
6217,Walney 2,Siemens,54.0791,-3.5418,United Kingdom,3.6,120.0,80.0,SWT-3.6-120,2012-06
6218,Walney 2,Siemens,54.073,-3.601,United Kingdom,3.6,120.0,80.0,SWT-3.6-120,2012-06
6219,Walney 2,Siemens,54.092,-3.6436,United Kingdom,3.6,120.0,80.0,SWT-3.6-120,2012-06
6220,Walney 2,Siemens,54.076,-3.5821,United Kingdom,3.6,120.0,80.0,SWT-3.6-120,2012-06
6221,Walney 2,Siemens,54.0721,-3.5722,United Kingdom,3.6,120.0,80.0,SWT-3.6-120,2012-06
6222,Walney 2,Siemens,54.1113,-3.604,United Kingdom,3.6,120.0,80.0,SWT-3.6-120,2012-06
6223,Walney 2,Siemens,54.0599,-3.6386,United Kingdom,3.6,120.0,80.0,SWT-3.6-120,2012-06
6224,Walney 2,Siemens,54.0806,-3.5656,United Kingdom,3.6,120.0,80.0,SWT-3.6-120,2012-06
6225,Walney 2,Siemens,54.0836,-3.5507,United Kingdom,3.6,120.0,80.0,SWT-3.6-120,2012-06
6226,Walney 2,Siemens,54.0648,-3.6465,United Kingdom,3.6,120.0,80.0,SWT-3.6-120,2012-06
6227,Walney 2,Siemens,54.0582,-3.6261,United Kingdom,3.6,120.0,80.0,SWT-3.6-120,2012-06
6228,Walney 2,Siemens,54.0574,-3.5577,United Kingdom,3.6,120.0,80.0,SWT-3.6-120,2012-06
6229,Walney 2,Siemens,54.1102,-3.6482,United Kingdom,3.6,120.0,80.0,SWT-3.6-120,2012-06
6230,Walney 2,Siemens,54.066,-3.6224,United Kingdom,3.6,120.0,80.0,SWT-3.6-120,2012-06
6231,Walney 2,Siemens,54.1099,-3.6276,United Kingdom,3.6,120.0,80.0,SWT-3.6-120,2012-06
6232,Walney 2,Siemens,54.0975,-3.5774,United Kingdom,3.6,120.0,80.0,SWT-3.6-120,2012-06
6233,Walney 2,Siemens,54.0658,-3.5777,United Kingdom,3.6,120.0,80.0,SWT-3.6-120,2012-06
6234,Walney 2,Siemens,54.0548,-3.573,United Kingdom,3.6,120.0,80.0,SWT-3.6-120,2012-06
6235,Walney 2,Siemens,54.1204,-3.6217,United Kingdom,3.6,120.0,80.0,SWT-3.6-120,2012-06
6236,Walney 2,Siemens,54.0849,-3.5748,United Kingdom,3.6,120.0,80.0,SWT-3.6-120,2012-06
6237,Walney 2,Siemens,54.0559,-3.614,United Kingdom,3.6,120.0,80.0,SWT-3.6-120,2012-06
6238,Walney 2,Siemens,54.0883,-3.5596,United Kingdom,3.6,120.0,80.0,SWT-3.6-120,2012-06
6239,Walney 2,Siemens,54.0646,-3.6088,United Kingdom,3.6,120.0,80.0,SWT-3.6-120,2012-06
6240,Walney 2,Siemens,54.0676,-3.636,United Kingdom,3.6,120.0,80.0,SWT-3.6-120,2012-06
6241,Walney 2,Siemens,54.0461,-3.5795,United Kingdom,3.6,120.0,80.0,SWT-3.6-120,2012-06
6242,Walney 2,Siemens,54.063,-3.5951,United Kingdom,3.6,120.0,80.0,SWT-3.6-120,2012-06
6243,Walney 2,Siemens,54.1052,-3.6176,United Kingdom,3.6,120.0,80.0,SWT-3.6-120,2012-06
6244,Walney Extension 3,Vestas,54.1245,-3.8567,United Kingdom,8.0,164.0,111.0,V164-8.0 MW,2018-09
6245,Walney Extension 3,Vestas,54.1453,-3.8479,United Kingdom,8.0,164.0,111.0,V164-8.0 MW,2018-09
6246,Walney Extension 3,Vestas,54.1384,-3.8753,United Kingdom,8.0,164.0,111.0,V164-8.0 MW,2018-09
6247,Walney Extension 3,Vestas,54.135,-3.9173,United Kingdom,8.0,164.0,111.0,V164-8.0 MW,2018-09
6248,Walney Extension 3,Vestas,54.1168,-3.8251,United Kingdom,8.0,164.0,111.0,V164-8.0 MW,2018-09
6249,Walney Extension 3,Vestas,54.1181,-3.8404,United Kingdom,8.0,164.0,111.0,V164-8.0 MW,2018-09
6250,Walney Extension 3,Vestas,54.1293,-3.8719,United Kingdom,8.0,164.0,111.0,V164-8.0 MW,2018-09
6251,Walney Extension 3,Vestas,54.1146,-3.8889,United Kingdom,8.0,164.0,111.0,V164-8.0 MW,2018-09
6252,Walney Extension 3,Vestas,54.1261,-3.8252,United Kingdom,8.0,164.0,111.0,V164-8.0 MW,2018-09
6253,Walney Extension 3,Vestas,54.1442,-3.7839,United Kingdom,8.0,164.0,111.0,V164-8.0 MW,2018-09
6254,Walney Extension 3,Vestas,54.1092,-3.8303,United Kingdom,8.0,164.0,111.0,V164-8.0 MW,2018-09
6255,Walney Extension 3,Vestas,54.1085,-3.8453,United Kingdom,8.0,164.0,111.0,V164-8.0 MW,2018-09
6256,Walney Extension 3,Vestas,54.0972,-3.8505,United Kingdom,8.0,164.0,111.0,V164-8.0 MW,2018-09
6257,Walney Extension 3,Vestas,54.1053,-3.8597,United Kingdom,8.0,164.0,111.0,V164-8.0 MW,2018-09
6258,Walney Extension 3,Vestas,54.1099,-3.8739,United Kingdom,8.0,164.0,111.0,V164-8.0 MW,2018-09
6259,Walney Extension 3,Vestas,54.1091,-3.9021,United Kingdom,8.0,164.0,111.0,V164-8.0 MW,2018-09
6260,Walney Extension 3,Vestas,54.1251,-3.917,United Kingdom,8.0,164.0,111.0,V164-8.0 MW,2018-09
6261,Walney Extension 3,Vestas,54.1137,-3.9168,United Kingdom,8.0,164.0,111.0,V164-8.0 MW,2018-09
6262,Walney Extension 3,Vestas,54.1151,-3.8573,United Kingdom,8.0,164.0,111.0,V164-8.0 MW,2018-09
6263,Walney Extension 3,Vestas,54.1335,-3.888,United Kingdom,8.0,164.0,111.0,V164-8.0 MW,2018-09
6264,Walney Extension 3,Vestas,54.0991,-3.8696,United Kingdom,8.0,164.0,111.0,V164-8.0 MW,2018-09
6265,Walney Extension 3,Vestas,54.1355,-3.7573,United Kingdom,8.0,164.0,111.0,V164-8.0 MW,2018-09
6266,Walney Extension 3,Vestas,54.1199,-3.9041,United Kingdom,8.0,164.0,111.0,V164-8.0 MW,2018-09
6267,Walney Extension 3,Vestas,54.1487,-3.7979,United Kingdom,8.0,164.0,111.0,V164-8.0 MW,2018-09
6268,Walney Extension 3,Vestas,54.1041,-3.8862,United Kingdom,8.0,164.0,111.0,V164-8.0 MW,2018-09
6269,Walney Extension 3,Vestas,54.1322,-3.9031,United Kingdom,8.0,164.0,111.0,V164-8.0 MW,2018-09
6270,Walney Extension 3,Vestas,54.1284,-3.8413,United Kingdom,8.0,164.0,111.0,V164-8.0 MW,2018-09
6271,Walney Extension 3,Vestas,54.1345,-3.8562,United Kingdom,8.0,164.0,111.0,V164-8.0 MW,2018-09
6272,Walney Extension 3,Vestas,54.1197,-3.8736,United Kingdom,8.0,164.0,111.0,V164-8.0 MW,2018-09
6273,Walney Extension 3,Vestas,54.1247,-3.8898,United Kingdom,8.0,164.0,111.0,V164-8.0 MW,2018-09
6274,Walney Extension 3,Vestas,54.1358,-3.8243,United Kingdom,8.0,164.0,111.0,V164-8.0 MW,2018-09
6275,Walney Extension 3,Vestas,54.1381,-3.8398,United Kingdom,8.0,164.0,111.0,V164-8.0 MW,2018-09
6276,Walney Extension 3,Vestas,54.1318,-3.8086,United Kingdom,8.0,164.0,111.0,V164-8.0 MW,2018-09
6277,Walney Extension 3,Vestas,54.138,-3.7957,United Kingdom,8.0,164.0,111.0,V164-8.0 MW,2018-09
6278,Walney Extension 3,Vestas,54.1424,-3.8114,United Kingdom,8.0,164.0,111.0,V164-8.0 MW,2018-09
6279,Walney Extension 3,Vestas,54.1461,-3.827,United Kingdom,8.0,164.0,111.0,V164-8.0 MW,2018-09
6280,Walney Extension 3,Vestas,54.1526,-3.8387,United Kingdom,8.0,164.0,111.0,V164-8.0 MW,2018-09
6281,Walney Extension 3,Vestas,54.1574,-3.8262,United Kingdom,8.0,164.0,111.0,V164-8.0 MW,2018-09
6282,Walney Extension 3,Vestas,54.1531,-3.812,United Kingdom,8.0,164.0,111.0,V164-8.0 MW,2018-09
6283,Walney Extension 3,Vestas,54.1435,-3.8622,United Kingdom,8.0,164.0,111.0,V164-8.0 MW,2018-09
6284,Walney Extension 4,Siemens Gamesa,54.1311,-3.7415,United Kingdom,7.0,154.0,111.0,SWT-7.0-154,2018-09
6285,Walney Extension 4,Siemens Gamesa,54.0242,-3.6297,United Kingdom,7.0,154.0,111.0,SWT-7.0-154,2018-09
6286,Walney Extension 4,Siemens Gamesa,54.0281,-3.6441,United Kingdom,7.0,154.0,111.0,SWT-7.0-154,2018-09
6287,Walney Extension 4,Siemens Gamesa,54.0078,-3.5776,United Kingdom,7.0,154.0,111.0,SWT-7.0-154,2018-09
6288,Walney Extension 4,Siemens Gamesa,54.1264,-3.7602,United Kingdom,7.0,154.0,111.0,SWT-7.0-154,2018-09
6289,Walney Extension 4,Siemens Gamesa,54.016,-3.6037,United Kingdom,7.0,154.0,111.0,SWT-7.0-154,2018-09
6290,Walney Extension 4,Siemens Gamesa,54.0498,-3.643,United Kingdom,7.0,154.0,111.0,SWT-7.0-154,2018-09
6291,Walney Extension 4,Siemens Gamesa,54.0202,-3.6166,United Kingdom,7.0,154.0,111.0,SWT-7.0-154,2018-09
6292,Walney Extension 4,Siemens Gamesa,54.012,-3.5907,United Kingdom,7.0,154.0,111.0,SWT-7.0-154,2018-09
6293,Walney Extension 4,Siemens Gamesa,54.0462,-3.612,United Kingdom,7.0,154.0,111.0,SWT-7.0-154,2018-09
6294,Walney Extension 4,Siemens Gamesa,54.079,-3.7378,United Kingdom,7.0,154.0,111.0,SWT-7.0-154,2018-09
6295,Walney Extension 4,Siemens Gamesa,54.1071,-3.76,United Kingdom,7.0,154.0,111.0,SWT-7.0-154,2018-09
6296,Walney Extension 4,Siemens Gamesa,54.1004,-3.7718,United Kingdom,7.0,154.0,111.0,SWT-7.0-154,2018-09
6297,Walney Extension 4,Siemens Gamesa,54.0962,-3.7568,United Kingdom,7.0,154.0,111.0,SWT-7.0-154,2018-09
6298,Walney Extension 4,Siemens Gamesa,54.1077,-3.7289,United Kingdom,7.0,154.0,111.0,SWT-7.0-154,2018-09
6299,Walney Extension 4,Siemens Gamesa,54.1024,-3.7437,United Kingdom,7.0,154.0,111.0,SWT-7.0-154,2018-09
6300,Walney Extension 4,Siemens Gamesa,54.0975,-3.7277,United Kingdom,7.0,154.0,111.0,SWT-7.0-154,2018-09
6301,Walney Extension 4,Siemens Gamesa,54.0927,-3.7123,United Kingdom,7.0,154.0,111.0,SWT-7.0-154,2018-09
6302,Walney Extension 4,Siemens Gamesa,54.0829,-3.7134,United Kingdom,7.0,154.0,111.0,SWT-7.0-154,2018-09
6303,Walney Extension 4,Siemens Gamesa,54.0894,-3.7695,United Kingdom,7.0,154.0,111.0,SWT-7.0-154,2018-09
6304,Walney Extension 4,Siemens Gamesa,54.0761,-3.7546,United Kingdom,7.0,154.0,111.0,SWT-7.0-154,2018-09
6305,Walney Extension 4,Siemens Gamesa,54.0742,-3.7121,United Kingdom,7.0,154.0,111.0,SWT-7.0-154,2018-09
6306,Walney Extension 4,Siemens Gamesa,54.0713,-3.7275,United Kingdom,7.0,154.0,111.0,SWT-7.0-154,2018-09
6307,Walney Extension 4,Siemens Gamesa,54.069,-3.7408,United Kingdom,7.0,154.0,111.0,SWT-7.0-154,2018-09
6308,Walney Extension 4,Siemens Gamesa,54.0364,-3.6685,United Kingdom,7.0,154.0,111.0,SWT-7.0-154,2018-09
6309,Walney Extension 4,Siemens Gamesa,54.1168,-3.7626,United Kingdom,7.0,154.0,111.0,SWT-7.0-154,2018-09
6310,Walney Extension 4,Siemens Gamesa,54.0796,-3.7711,United Kingdom,7.0,154.0,111.0,SWT-7.0-154,2018-09
6311,Walney Extension 4,Siemens Gamesa,54.0564,-3.6535,United Kingdom,7.0,154.0,111.0,SWT-7.0-154,2018-09
6312,Walney Extension 4,Siemens Gamesa,54.0675,-3.7569,United Kingdom,7.0,154.0,111.0,SWT-7.0-154,2018-09
6313,Walney Extension 4,Siemens Gamesa,54.0419,-3.5978,United Kingdom,7.0,154.0,111.0,SWT-7.0-154,2018-09
6314,Walney Extension 4,Siemens Gamesa,54.0371,-3.5819,United Kingdom,7.0,154.0,111.0,SWT-7.0-154,2018-09
6315,Walney Extension 4,Siemens Gamesa,54.0492,-3.627,United Kingdom,7.0,154.0,111.0,SWT-7.0-154,2018-09
6316,Walney Extension 4,Siemens Gamesa,54.0259,-3.5577,United Kingdom,7.0,154.0,111.0,SWT-7.0-154,2018-09
6317,Walney Extension 4,Siemens Gamesa,54.0191,-3.5452,United Kingdom,7.0,154.0,111.0,SWT-7.0-154,2018-09
6318,Walney Extension 4,Siemens Gamesa,54.0157,-3.5603,United Kingdom,7.0,154.0,111.0,SWT-7.0-154,2018-09
6319,Walney Extension 4,Siemens Gamesa,54.028,-3.5747,United Kingdom,7.0,154.0,111.0,SWT-7.0-154,2018-09
6320,Walney Extension 4,Siemens Gamesa,54.0179,-3.5753,United Kingdom,7.0,154.0,111.0,SWT-7.0-154,2018-09
6321,Walney Extension 4,Siemens Gamesa,54.032,-3.5933,United Kingdom,7.0,154.0,111.0,SWT-7.0-154,2018-09
6322,Walney Extension 4,Siemens Gamesa,54.0866,-3.7278,United Kingdom,7.0,154.0,111.0,SWT-7.0-154,2018-09
6323,Walney Extension 4,Siemens Gamesa,54.0375,-3.6104,United Kingdom,7.0,154.0,111.0,SWT-7.0-154,2018-09
6324,Walney Extension 4,Siemens Gamesa,54.0222,-3.5899,United Kingdom,7.0,154.0,111.0,SWT-7.0-154,2018-09
6325,Walney Extension 4,Siemens Gamesa,54.0272,-3.6078,United Kingdom,7.0,154.0,111.0,SWT-7.0-154,2018-09
6326,Walney Extension 4,Siemens Gamesa,54.0325,-3.6246,United Kingdom,7.0,154.0,111.0,SWT-7.0-154,2018-09
6327,Walney Extension 4,Siemens Gamesa,54.0388,-3.6339,United Kingdom,7.0,154.0,111.0,SWT-7.0-154,2018-09
6328,Walney Extension 4,Siemens Gamesa,54.0404,-3.6487,United Kingdom,7.0,154.0,111.0,SWT-7.0-154,2018-09
6329,Walney Extension 4,Siemens Gamesa,54.0464,-3.661,United Kingdom,7.0,154.0,111.0,SWT-7.0-154,2018-09
6330,Walney Extension 4,Siemens Gamesa,54.0324,-3.6558,United Kingdom,7.0,154.0,111.0,SWT-7.0-154,2018-09
6331,West of Duddon Sands,Siemens,53.9893,-3.5406,United Kingdom,3.6,120.0,90.0,SWT-3.6-120,2014-10
6332,West of Duddon Sands,Siemens,53.9775,-3.5126,United Kingdom,3.6,120.0,90.0,SWT-3.6-120,2014-10
6333,West of Duddon Sands,Siemens,53.9727,-3.5067,United Kingdom,3.6,120.0,90.0,SWT-3.6-120,2014-10
6334,West of Duddon Sands,Siemens,54.0,-3.5537,United Kingdom,3.6,120.0,90.0,SWT-3.6-120,2014-10
6335,West of Duddon Sands,Siemens,53.9941,-3.5464,United Kingdom,3.6,120.0,90.0,SWT-3.6-120,2014-10
6336,West of Duddon Sands,Siemens,53.9609,-3.4491,United Kingdom,3.6,120.0,90.0,SWT-3.6-120,2014-10
6337,West of Duddon Sands,Siemens,53.9846,-3.5349,United Kingdom,3.6,120.0,90.0,SWT-3.6-120,2014-10
6338,West of Duddon Sands,Siemens,53.9798,-3.5291,United Kingdom,3.6,120.0,90.0,SWT-3.6-120,2014-10
6339,West of Duddon Sands,Siemens,53.9608,-3.506,United Kingdom,3.6,120.0,90.0,SWT-3.6-120,2014-10
6340,West of Duddon Sands,Siemens,53.9703,-3.5176,United Kingdom,3.6,120.0,90.0,SWT-3.6-120,2014-10
6341,West of Duddon Sands,Siemens,53.9656,-3.5118,United Kingdom,3.6,120.0,90.0,SWT-3.6-120,2014-10
6342,West of Duddon Sands,Siemens,53.987,-3.5241,United Kingdom,3.6,120.0,90.0,SWT-3.6-120,2014-10
6343,West of Duddon Sands,Siemens,53.9561,-3.5002,United Kingdom,3.6,120.0,90.0,SWT-3.6-120,2014-10
6344,West of Duddon Sands,Siemens,53.9513,-3.4944,United Kingdom,3.6,120.0,90.0,SWT-3.6-120,2014-10
6345,West of Duddon Sands,Siemens,53.9462,-3.4881,United Kingdom,3.6,120.0,90.0,SWT-3.6-120,2014-10
6346,West of Duddon Sands,Siemens,53.9536,-3.4836,United Kingdom,3.6,120.0,90.0,SWT-3.6-120,2014-10
6347,West of Duddon Sands,Siemens,53.9583,-3.4894,United Kingdom,3.6,120.0,90.0,SWT-3.6-120,2014-10
6348,West of Duddon Sands,Siemens,53.9751,-3.5235,United Kingdom,3.6,120.0,90.0,SWT-3.6-120,2014-10
6349,West of Duddon Sands,Siemens,53.9459,-3.4742,United Kingdom,3.6,120.0,90.0,SWT-3.6-120,2014-10
6350,West of Duddon Sands,Siemens,53.975,-3.4961,United Kingdom,3.6,120.0,90.0,SWT-3.6-120,2014-10
6351,West of Duddon Sands,Siemens,53.9505,-3.4368,United Kingdom,3.6,120.0,90.0,SWT-3.6-120,2014-10
6352,West of Duddon Sands,Siemens,53.9631,-3.4952,United Kingdom,3.6,120.0,90.0,SWT-3.6-120,2014-10
6353,West of Duddon Sands,Siemens,53.9917,-3.5299,United Kingdom,3.6,120.0,90.0,SWT-3.6-120,2014-10
6354,West of Duddon Sands,Siemens,54.0073,-3.5216,United Kingdom,3.6,120.0,90.0,SWT-3.6-120,2014-10
6355,West of Duddon Sands,Siemens,53.9965,-3.5357,United Kingdom,3.6,120.0,90.0,SWT-3.6-120,2014-10
6356,West of Duddon Sands,Siemens,53.9798,-3.5018,United Kingdom,3.6,120.0,90.0,SWT-3.6-120,2014-10
6357,West of Duddon Sands,Siemens,53.9846,-3.5077,United Kingdom,3.6,120.0,90.0,SWT-3.6-120,2014-10
6358,West of Duddon Sands,Siemens,53.9893,-3.5134,United Kingdom,3.6,120.0,90.0,SWT-3.6-120,2014-10
6359,West of Duddon Sands,Siemens,53.9941,-3.5192,United Kingdom,3.6,120.0,90.0,SWT-3.6-120,2014-10
6360,West of Duddon Sands,Siemens,53.9822,-3.5183,United Kingdom,3.6,120.0,90.0,SWT-3.6-120,2014-10
6361,West of Duddon Sands,Siemens,53.9988,-3.525,United Kingdom,3.6,120.0,90.0,SWT-3.6-120,2014-10
6362,West of Duddon Sands,Siemens,54.0024,-3.543,United Kingdom,3.6,120.0,90.0,SWT-3.6-120,2014-10
6363,West of Duddon Sands,Siemens,54.0013,-3.5143,United Kingdom,3.6,120.0,90.0,SWT-3.6-120,2014-10
6364,West of Duddon Sands,Siemens,53.9965,-3.5085,United Kingdom,3.6,120.0,90.0,SWT-3.6-120,2014-10
6365,West of Duddon Sands,Siemens,53.9917,-3.5027,United Kingdom,3.6,120.0,90.0,SWT-3.6-120,2014-10
6366,West of Duddon Sands,Siemens,53.987,-3.4969,United Kingdom,3.6,120.0,90.0,SWT-3.6-120,2014-10
6367,West of Duddon Sands,Siemens,53.9822,-3.4912,United Kingdom,3.6,120.0,90.0,SWT-3.6-120,2014-10
6368,West of Duddon Sands,Siemens,53.9453,-3.4463,United Kingdom,3.6,120.0,90.0,SWT-3.6-120,2014-10
6369,West of Duddon Sands,Siemens,53.945,-3.4304,United Kingdom,3.6,120.0,90.0,SWT-3.6-120,2014-10
6370,West of Duddon Sands,Siemens,54.0048,-3.5322,United Kingdom,3.6,120.0,90.0,SWT-3.6-120,2014-10
6371,West of Duddon Sands,Siemens,53.9679,-3.501,United Kingdom,3.6,120.0,90.0,SWT-3.6-120,2014-10
6372,West of Duddon Sands,Siemens,54.0022,-3.4288,United Kingdom,3.6,120.0,90.0,SWT-3.6-120,2014-10
6373,West of Duddon Sands,Siemens,53.9654,-3.4274,United Kingdom,3.6,120.0,90.0,SWT-3.6-120,2014-10
6374,West of Duddon Sands,Siemens,53.9574,-3.4047,United Kingdom,3.6,120.0,90.0,SWT-3.6-120,2014-10
6375,West of Duddon Sands,Siemens,53.9628,-3.4109,United Kingdom,3.6,120.0,90.0,SWT-3.6-120,2014-10
6376,West of Duddon Sands,Siemens,53.9605,-3.4216,United Kingdom,3.6,120.0,90.0,SWT-3.6-120,2014-10
6377,West of Duddon Sands,Siemens,53.9524,-3.4122,United Kingdom,3.6,120.0,90.0,SWT-3.6-120,2014-10
6378,West of Duddon Sands,Siemens,53.9474,-3.4198,United Kingdom,3.6,120.0,90.0,SWT-3.6-120,2014-10
6379,West of Duddon Sands,Siemens,53.9559,-3.4431,United Kingdom,3.6,120.0,90.0,SWT-3.6-120,2014-10
6380,West of Duddon Sands,Siemens,53.9526,-3.426,United Kingdom,3.6,120.0,90.0,SWT-3.6-120,2014-10
6381,West of Duddon Sands,Siemens,53.9581,-3.4324,United Kingdom,3.6,120.0,90.0,SWT-3.6-120,2014-10
6382,West of Duddon Sands,Siemens,53.9631,-3.4383,United Kingdom,3.6,120.0,90.0,SWT-3.6-120,2014-10
6383,West of Duddon Sands,Siemens,53.9679,-3.4439,United Kingdom,3.6,120.0,90.0,SWT-3.6-120,2014-10
6384,West of Duddon Sands,Siemens,53.9972,-3.4782,United Kingdom,3.6,120.0,90.0,SWT-3.6-120,2014-10
6385,West of Duddon Sands,Siemens,54.002,-3.4838,United Kingdom,3.6,120.0,90.0,SWT-3.6-120,2014-10
6386,West of Duddon Sands,Siemens,54.0068,-3.4894,United Kingdom,3.6,120.0,90.0,SWT-3.6-120,2014-10
6387,West of Duddon Sands,Siemens,54.0105,-3.5075,United Kingdom,3.6,120.0,90.0,SWT-3.6-120,2014-10
6388,West of Duddon Sands,Siemens,53.9796,-3.4167,United Kingdom,3.6,120.0,90.0,SWT-3.6-120,2014-10
6389,West of Duddon Sands,Siemens,54.0044,-3.5004,United Kingdom,3.6,120.0,90.0,SWT-3.6-120,2014-10
6390,West of Duddon Sands,Siemens,53.9752,-3.4659,United Kingdom,3.6,120.0,90.0,SWT-3.6-120,2014-10
6391,West of Duddon Sands,Siemens,53.9997,-3.4673,United Kingdom,3.6,120.0,90.0,SWT-3.6-120,2014-10
6392,West of Duddon Sands,Siemens,54.0045,-3.4729,United Kingdom,3.6,120.0,90.0,SWT-3.6-120,2014-10
6393,West of Duddon Sands,Siemens,54.0093,-3.4786,United Kingdom,3.6,120.0,90.0,SWT-3.6-120,2014-10
6394,West of Duddon Sands,Siemens,53.9676,-3.4165,United Kingdom,3.6,120.0,90.0,SWT-3.6-120,2014-10
6395,West of Duddon Sands,Siemens,54.0178,-3.4747,United Kingdom,3.6,120.0,90.0,SWT-3.6-120,2014-10
6396,West of Duddon Sands,Siemens,54.0118,-3.4676,United Kingdom,3.6,120.0,90.0,SWT-3.6-120,2014-10
6397,West of Duddon Sands,Siemens,54.0069,-3.462,United Kingdom,3.6,120.0,90.0,SWT-3.6-120,2014-10
6398,West of Duddon Sands,Siemens,54.0021,-3.4564,United Kingdom,3.6,120.0,90.0,SWT-3.6-120,2014-10
6399,West of Duddon Sands,Siemens,53.9973,-3.4509,United Kingdom,3.6,120.0,90.0,SWT-3.6-120,2014-10
6400,West of Duddon Sands,Siemens,53.9925,-3.4453,United Kingdom,3.6,120.0,90.0,SWT-3.6-120,2014-10
6401,West of Duddon Sands,Siemens,54.0154,-3.4856,United Kingdom,3.6,120.0,90.0,SWT-3.6-120,2014-10
6402,West of Duddon Sands,Siemens,53.9725,-3.422,United Kingdom,3.6,120.0,90.0,SWT-3.6-120,2014-10
6403,West of Duddon Sands,Siemens,53.9876,-3.4396,United Kingdom,3.6,120.0,90.0,SWT-3.6-120,2014-10
6404,West of Duddon Sands,Siemens,53.9995,-3.4948,United Kingdom,3.6,120.0,90.0,SWT-3.6-120,2014-10
6405,West of Duddon Sands,Siemens,53.9699,-3.4057,United Kingdom,3.6,120.0,90.0,SWT-3.6-120,2014-10
6406,West of Duddon Sands,Siemens,54.0128,-3.4966,United Kingdom,3.6,120.0,90.0,SWT-3.6-120,2014-10
6407,West of Duddon Sands,Siemens,54.0047,-3.4449,United Kingdom,3.6,120.0,90.0,SWT-3.6-120,2014-10
6408,West of Duddon Sands,Siemens,53.9704,-3.4608,United Kingdom,3.6,120.0,90.0,SWT-3.6-120,2014-10
6409,West of Duddon Sands,Siemens,53.9842,-3.395,United Kingdom,3.6,120.0,90.0,SWT-3.6-120,2014-10
6410,West of Duddon Sands,Siemens,53.9891,-3.4006,United Kingdom,3.6,120.0,90.0,SWT-3.6-120,2014-10
6411,West of Duddon Sands,Siemens,53.9948,-3.4071,United Kingdom,3.6,120.0,90.0,SWT-3.6-120,2014-10
6412,West of Duddon Sands,Siemens,53.9997,-3.4125,United Kingdom,3.6,120.0,90.0,SWT-3.6-120,2014-10
6413,West of Duddon Sands,Siemens,54.0094,-3.4234,United Kingdom,3.6,120.0,90.0,SWT-3.6-120,2014-10
6414,West of Duddon Sands,Siemens,53.9623,-3.3972,United Kingdom,3.6,120.0,90.0,SWT-3.6-120,2014-10
6415,West of Duddon Sands,Siemens,53.977,-3.4004,United Kingdom,3.6,120.0,90.0,SWT-3.6-120,2014-10
6416,West of Duddon Sands,Siemens,54.0143,-3.429,United Kingdom,3.6,120.0,90.0,SWT-3.6-120,2014-10
6417,West of Duddon Sands,Siemens,54.0192,-3.4345,United Kingdom,3.6,120.0,90.0,SWT-3.6-120,2014-10
6418,West of Duddon Sands,Siemens,53.995,-3.434,United Kingdom,3.6,120.0,90.0,SWT-3.6-120,2014-10
6419,West of Duddon Sands,Siemens,53.9901,-3.4285,United Kingdom,3.6,120.0,90.0,SWT-3.6-120,2014-10
6420,West of Duddon Sands,Siemens,53.9845,-3.4221,United Kingdom,3.6,120.0,90.0,SWT-3.6-120,2014-10
6421,West of Duddon Sands,Siemens,53.9748,-3.4113,United Kingdom,3.6,120.0,90.0,SWT-3.6-120,2014-10
6422,West of Duddon Sands,Siemens,54.0236,-3.4513,United Kingdom,3.6,120.0,90.0,SWT-3.6-120,2014-10
6423,West of Duddon Sands,Siemens,54.0168,-3.4452,United Kingdom,3.6,120.0,90.0,SWT-3.6-120,2014-10
6424,West of Duddon Sands,Siemens,54.0119,-3.4397,United Kingdom,3.6,120.0,90.0,SWT-3.6-120,2014-10
6425,West of Duddon Sands,Siemens,54.0071,-3.4343,United Kingdom,3.6,120.0,90.0,SWT-3.6-120,2014-10
6426,West of Duddon Sands,Siemens,53.9973,-3.4233,United Kingdom,3.6,120.0,90.0,SWT-3.6-120,2014-10
6427,West of Duddon Sands,Siemens,53.9925,-3.4178,United Kingdom,3.6,120.0,90.0,SWT-3.6-120,2014-10
6428,West of Duddon Sands,Siemens,53.9868,-3.4114,United Kingdom,3.6,120.0,90.0,SWT-3.6-120,2014-10
6429,West of Duddon Sands,Siemens,53.9819,-3.4059,United Kingdom,3.6,120.0,90.0,SWT-3.6-120,2014-10
6430,West of Duddon Sands,Siemens,53.9999,-3.4395,United Kingdom,3.6,120.0,90.0,SWT-3.6-120,2014-10
6431,West of Duddon Sands,Siemens,54.0046,-3.4181,United Kingdom,3.6,120.0,90.0,SWT-3.6-120,2014-10
6432,West of Duddon Sands,Siemens,53.9656,-3.4547,United Kingdom,3.6,120.0,90.0,SWT-3.6-120,2014-10
6433,West of Duddon Sands,Siemens,53.9793,-3.3896,United Kingdom,3.6,120.0,90.0,SWT-3.6-120,2014-10
6434,West of Duddon Sands,Siemens,54.0095,-3.4504,United Kingdom,3.6,120.0,90.0,SWT-3.6-120,2014-10
6435,West of Duddon Sands,Siemens,54.0205,-3.4629,United Kingdom,3.6,120.0,90.0,SWT-3.6-120,2014-10
6436,West of Duddon Sands,Siemens,54.0144,-3.4559,United Kingdom,3.6,120.0,90.0,SWT-3.6-120,2014-10
6437,West of Duddon Sands,Siemens,53.9673,-3.3895,United Kingdom,3.6,120.0,90.0,SWT-3.6-120,2014-10
6438,West of Duddon Sands,Siemens,53.9722,-3.3949,United Kingdom,3.6,120.0,90.0,SWT-3.6-120,2014-10
6439,Westermost Rough,Siemens,53.784,0.123,United Kingdom,6.0,154.0,106.0,SWT-6.0-154,2015-05
6440,Westermost Rough,Siemens,53.8209,0.1847,United Kingdom,6.0,154.0,106.0,SWT-6.0-154,2015-05
6441,Westermost Rough,Siemens,53.8139,0.1934,United Kingdom,6.0,154.0,106.0,SWT-6.0-154,2015-05
6442,Westermost Rough,Siemens,53.8068,0.202,United Kingdom,6.0,154.0,106.0,SWT-6.0-154,2015-05
6443,Westermost Rough,Siemens,53.7879,0.1821,United Kingdom,6.0,154.0,106.0,SWT-6.0-154,2015-05
6444,Westermost Rough,Siemens,53.7939,0.1965,United Kingdom,6.0,154.0,106.0,SWT-6.0-154,2015-05
6445,Westermost Rough,Siemens,53.7999,0.2103,United Kingdom,6.0,154.0,106.0,SWT-6.0-154,2015-05
6446,Westermost Rough,Siemens,53.8221,0.1622,United Kingdom,6.0,154.0,106.0,SWT-6.0-154,2015-05
6447,Westermost Rough,Siemens,53.7912,0.1143,United Kingdom,6.0,154.0,106.0,SWT-6.0-154,2015-05
6448,Westermost Rough,Siemens,53.8281,0.1763,United Kingdom,6.0,154.0,106.0,SWT-6.0-154,2015-05
6449,Westermost Rough,Siemens,53.8287,0.1542,United Kingdom,6.0,154.0,106.0,SWT-6.0-154,2015-05
6450,Westermost Rough,Siemens,53.8357,0.1458,United Kingdom,6.0,154.0,106.0,SWT-6.0-154,2015-05
6451,Westermost Rough,Siemens,53.8297,0.1318,United Kingdom,6.0,154.0,106.0,SWT-6.0-154,2015-05
6452,Westermost Rough,Siemens,53.8077,0.1795,United Kingdom,6.0,154.0,106.0,SWT-6.0-154,2015-05
6453,Westermost Rough,Siemens,53.8009,0.1878,United Kingdom,6.0,154.0,106.0,SWT-6.0-154,2015-05
6454,Westermost Rough,Siemens,53.815,0.1706,United Kingdom,6.0,154.0,106.0,SWT-6.0-154,2015-05
6455,Westermost Rough,Siemens,53.8177,0.1038,United Kingdom,6.0,154.0,106.0,SWT-6.0-154,2015-05
6456,Westermost Rough,Siemens,53.7821,0.1678,United Kingdom,6.0,154.0,106.0,SWT-6.0-154,2015-05
6457,Westermost Rough,Siemens,53.789,0.1595,United Kingdom,6.0,154.0,106.0,SWT-6.0-154,2015-05
6458,Westermost Rough,Siemens,53.7701,0.1398,United Kingdom,6.0,154.0,106.0,SWT-6.0-154,2015-05
6459,Westermost Rough,Siemens,53.7899,0.1372,United Kingdom,6.0,154.0,106.0,SWT-6.0-154,2015-05
6460,Westermost Rough,Siemens,53.7972,0.1284,United Kingdom,6.0,154.0,106.0,SWT-6.0-154,2015-05
6461,Westermost Rough,Siemens,53.8041,0.12,United Kingdom,6.0,154.0,106.0,SWT-6.0-154,2015-05
6462,Westermost Rough,Siemens,53.8108,0.1121,United Kingdom,6.0,154.0,106.0,SWT-6.0-154,2015-05
6463,Westermost Rough,Siemens,53.8237,0.1176,United Kingdom,6.0,154.0,106.0,SWT-6.0-154,2015-05
6464,Westermost Rough,Siemens,53.8168,0.126,United Kingdom,6.0,154.0,106.0,SWT-6.0-154,2015-05
6465,Westermost Rough,Siemens,53.777,0.1312,United Kingdom,6.0,154.0,106.0,SWT-6.0-154,2015-05
6466,Westermost Rough,Siemens,53.776,0.1539,United Kingdom,6.0,154.0,106.0,SWT-6.0-154,2015-05
6467,Westermost Rough,Siemens,53.8347,0.1683,United Kingdom,6.0,154.0,106.0,SWT-6.0-154,2015-05
6468,Westermost Rough,Siemens,53.8415,0.1602,United Kingdom,6.0,154.0,106.0,SWT-6.0-154,2015-05
6469,Westermost Rough,Siemens,53.7984,0.1062,United Kingdom,6.0,154.0,106.0,SWT-6.0-154,2015-05
6470,Westermost Rough,Siemens,53.8049,0.0979,United Kingdom,6.0,154.0,106.0,SWT-6.0-154,2015-05
6471,Westermost Rough,Siemens,53.8117,0.0895,United Kingdom,6.0,154.0,106.0,SWT-6.0-154,2015-05
6472,Westermost Rough,Siemens,53.7828,0.145,United Kingdom,6.0,154.0,106.0,SWT-6.0-154,2015-05
6473,Westermost Rough,Siemens,53.7959,0.1513,United Kingdom,6.0,154.0,106.0,SWT-6.0-154,2015-05
6474,Wikinger,Adwen,54.8132,14.0404,Germany,5.0,135.0,96.5,AD 5-135,2018-10
6475,Wikinger,Adwen,54.8195,14.0394,Germany,5.0,135.0,96.5,AD 5-135,2018-10
6476,Wikinger,Adwen,54.8256,14.0396,Germany,5.0,135.0,96.5,AD 5-135,2018-10
6477,Wikinger,Adwen,54.8309,14.0798,Germany,5.0,135.0,96.5,AD 5-135,2018-10
6478,Wikinger,Adwen,54.8248,14.0793,Germany,5.0,135.0,96.5,AD 5-135,2018-10
6479,Wikinger,Adwen,54.8075,14.0426,Germany,5.0,135.0,96.5,AD 5-135,2018-10
6480,Wikinger,Adwen,54.8413,14.0572,Germany,5.0,135.0,96.5,AD 5-135,2018-10
6481,Wikinger,Adwen,54.8508,14.0981,Germany,5.0,135.0,96.5,AD 5-135,2018-10
6482,Wikinger,Adwen,54.8272,14.0532,Germany,5.0,135.0,96.5,AD 5-135,2018-10
6483,Wikinger,Adwen,54.8092,14.0553,Germany,5.0,135.0,96.5,AD 5-135,2018-10
6484,Wikinger,Adwen,54.8172,14.0655,Germany,5.0,135.0,96.5,AD 5-135,2018-10
6485,Wikinger,Adwen,54.815,14.0531,Germany,5.0,135.0,96.5,AD 5-135,2018-10
6486,Wikinger,Adwen,54.8229,14.0663,Germany,5.0,135.0,96.5,AD 5-135,2018-10
6487,Wikinger,Adwen,54.8119,14.0681,Germany,5.0,135.0,96.5,AD 5-135,2018-10
6488,Wikinger,Adwen,54.8133,14.0809,Germany,5.0,135.0,96.5,AD 5-135,2018-10
6489,Wikinger,Adwen,54.819,14.0783,Germany,5.0,135.0,96.5,AD 5-135,2018-10
6490,Wikinger,Adwen,54.8208,14.0911,Germany,5.0,135.0,96.5,AD 5-135,2018-10
6491,Wikinger,Adwen,54.8211,14.053,Germany,5.0,135.0,96.5,AD 5-135,2018-10
6492,Wikinger,Adwen,54.8013,14.0322,Germany,5.0,135.0,96.5,AD 5-135,2018-10
6493,Wikinger,Adwen,54.8033,14.0593,Germany,5.0,135.0,96.5,AD 5-135,2018-10
6494,Wikinger,Adwen,54.8293,14.0665,Germany,5.0,135.0,96.5,AD 5-135,2018-10
6495,Wikinger,Adwen,54.8022,14.0456,Germany,5.0,135.0,96.5,AD 5-135,2018-10
6496,Wikinger,Adwen,54.8347,14.1078,Germany,5.0,135.0,96.5,AD 5-135,2018-10
6497,Wikinger,Adwen,54.855,14.1078,Germany,5.0,135.0,96.5,AD 5-135,2018-10
6498,Wikinger,Adwen,54.8125,14.0268,Germany,5.0,135.0,96.5,AD 5-135,2018-10
6499,Wikinger,Adwen,54.8081,14.0856,Germany,5.0,135.0,96.5,AD 5-135,2018-10
6500,Wikinger,Adwen,54.8068,14.0292,Germany,5.0,135.0,96.5,AD 5-135,2018-10
6501,Wikinger,Adwen,54.8498,14.1137,Germany,5.0,135.0,96.5,AD 5-135,2018-10
6502,Wikinger,Adwen,54.8057,14.0729,Germany,5.0,135.0,96.5,AD 5-135,2018-10
6503,Wikinger,Adwen,54.8522,14.0675,Germany,5.0,135.0,96.5,AD 5-135,2018-10
6504,Wikinger,Adwen,54.8455,14.0476,Germany,5.0,135.0,96.5,AD 5-135,2018-10
6505,Wikinger,Adwen,54.8563,14.0767,Germany,5.0,135.0,96.5,AD 5-135,2018-10
6506,Wikinger,Adwen,54.8605,14.0852,Germany,5.0,135.0,96.5,AD 5-135,2018-10
6507,Wikinger,Adwen,54.815,14.0942,Germany,5.0,135.0,96.5,AD 5-135,2018-10
6508,Wikinger,Adwen,54.8657,14.0786,Germany,5.0,135.0,96.5,AD 5-135,2018-10
6509,Wikinger,Adwen,54.8511,14.053,Germany,5.0,135.0,96.5,AD 5-135,2018-10
6510,Wikinger,Adwen,54.8396,14.0431,Germany,5.0,135.0,96.5,AD 5-135,2018-10
6511,Wikinger,Adwen,54.8632,14.0545,Germany,5.0,135.0,96.5,AD 5-135,2018-10
6512,Wikinger,Adwen,54.8339,14.0404,Germany,5.0,135.0,96.5,AD 5-135,2018-10
6513,Wikinger,Adwen,54.8745,14.0837,Germany,5.0,135.0,96.5,AD 5-135,2018-10
6514,Wikinger,Adwen,54.8713,14.0728,Germany,5.0,135.0,96.5,AD 5-135,2018-10
6515,Wikinger,Adwen,54.8697,14.0898,Germany,5.0,135.0,96.5,AD 5-135,2018-10
6516,Wikinger,Adwen,54.8675,14.063,Germany,5.0,135.0,96.5,AD 5-135,2018-10
6517,Wikinger,Adwen,54.8647,14.0959,Germany,5.0,135.0,96.5,AD 5-135,2018-10
6518,Wikinger,Adwen,54.8566,14.0597,Germany,5.0,135.0,96.5,AD 5-135,2018-10
6519,Wikinger,Adwen,54.8595,14.1015,Germany,5.0,135.0,96.5,AD 5-135,2018-10
6520,Wikinger,Adwen,54.8183,14.0255,Germany,5.0,135.0,96.5,AD 5-135,2018-10
6521,Wikinger,Adwen,54.8537,14.0408,Germany,5.0,135.0,96.5,AD 5-135,2018-10
6522,Wikinger,Adwen,54.8499,14.0796,Germany,5.0,135.0,96.5,AD 5-135,2018-10
6523,Wikinger,Adwen,54.8552,14.0897,Germany,5.0,135.0,96.5,AD 5-135,2018-10
6524,Wikinger,Adwen,54.8457,14.1042,Germany,5.0,135.0,96.5,AD 5-135,2018-10
6525,Wikinger,Adwen,54.827,14.0928,Germany,5.0,135.0,96.5,AD 5-135,2018-10
6526,Wikinger,Adwen,54.8412,14.0959,Germany,5.0,135.0,96.5,AD 5-135,2018-10
6527,Wikinger,Adwen,54.8461,14.0882,Germany,5.0,135.0,96.5,AD 5-135,2018-10
6528,Wikinger,Adwen,54.8438,14.0734,Germany,5.0,135.0,96.5,AD 5-135,2018-10
6529,Wikinger,Adwen,54.8376,14.0685,Germany,5.0,135.0,96.5,AD 5-135,2018-10
6530,Wikinger,Adwen,54.8393,14.0822,Germany,5.0,135.0,96.5,AD 5-135,2018-10
6531,Wikinger,Adwen,54.8233,14.1033,Germany,5.0,135.0,96.5,AD 5-135,2018-10
6532,Wikinger,Adwen,54.8327,14.0933,Germany,5.0,135.0,96.5,AD 5-135,2018-10
6533,Wikinger,Adwen,54.8468,14.0618,Germany,5.0,135.0,96.5,AD 5-135,2018-10
6534,Wikinger,Adwen,54.8586,14.0471,Germany,5.0,135.0,96.5,AD 5-135,2018-10
6535,Wikinger,Adwen,54.829,14.1063,Germany,5.0,135.0,96.5,AD 5-135,2018-10
6536,Wikinger,Adwen,54.8485,14.0358,Germany,5.0,135.0,96.5,AD 5-135,2018-10
6537,Wikinger,Adwen,54.8444,14.119,Germany,5.0,135.0,96.5,AD 5-135,2018-10
6538,Wikinger,Adwen,54.8432,14.0317,Germany,5.0,135.0,96.5,AD 5-135,2018-10
6539,Wikinger,Adwen,54.8377,14.0285,Germany,5.0,135.0,96.5,AD 5-135,2018-10
6540,Wikinger,Adwen,54.8322,14.0266,Germany,5.0,135.0,96.5,AD 5-135,2018-10
6541,Wikinger,Adwen,54.824,14.0253,Germany,5.0,135.0,96.5,AD 5-135,2018-10
6542,Wikinger,Adwen,54.8357,14.0549,Germany,5.0,135.0,96.5,AD 5-135,2018-10
6543,Wikinger,Adwen,54.8613,14.0686,Germany,5.0,135.0,96.5,AD 5-135,2018-10
